INFO:neural_network:Initializing NeuralNetwork with layer_sizes=(784, 100, 100, 10)
INFO:neural_network:L2 regularization enabled with alpha=0.0001
INFO:neural_network:NeuralNetwork initialized successfully with 89,610 parameters
INFO:neural_network:Starting training: 60000 samples, 784 features, 10 classes
INFO:neural_network:Training configuration: batch_size=200, max_epochs=200, early_stopping_patience=25
INFO:neural_network:Validation data provided: 10000 samples
INFO:neural_network:Epoch 1, Batch 0: loss=2.381727
INFO:neural_network:Epoch 1, Batch 10: loss=2.380735
INFO:neural_network:Epoch 1, Batch 20: loss=2.334414
INFO:neural_network:Epoch 1, Batch 30: loss=2.322999
INFO:neural_network:Epoch 1, Batch 40: loss=2.311563
INFO:neural_network:Epoch 1, Batch 50: loss=2.280937
INFO:neural_network:Epoch 1, Batch 60: loss=2.305923
INFO:neural_network:Epoch 1, Batch 70: loss=2.331578
INFO:neural_network:Epoch 1, Batch 80: loss=2.279806
INFO:neural_network:Epoch 1, Batch 90: loss=2.255613
INFO:neural_network:Epoch 1, Batch 100: loss=2.296460
INFO:neural_network:Epoch 1, Batch 110: loss=2.215688
INFO:neural_network:Epoch 1, Batch 120: loss=2.238112
INFO:neural_network:Epoch 1, Batch 130: loss=2.240131
INFO:neural_network:Epoch 1, Batch 140: loss=2.181841
INFO:neural_network:Epoch 1, Batch 150: loss=2.181131
INFO:neural_network:Epoch 1, Batch 160: loss=2.216385
INFO:neural_network:Epoch 1, Batch 170: loss=2.197741
INFO:neural_network:Epoch 1, Batch 180: loss=2.262693
INFO:neural_network:Epoch 1, Batch 190: loss=2.221648
INFO:neural_network:Epoch 1, Batch 200: loss=2.194016
INFO:neural_network:Epoch 1, Batch 210: loss=2.143769
INFO:neural_network:Epoch 1, Batch 220: loss=2.190617
INFO:neural_network:Epoch 1, Batch 230: loss=2.183064
INFO:neural_network:Epoch 1, Batch 240: loss=2.172404
INFO:neural_network:Epoch 1, Batch 250: loss=2.113471
INFO:neural_network:Epoch 1, Batch 260: loss=2.186950
INFO:neural_network:Epoch 1, Batch 270: loss=2.135142
INFO:neural_network:Epoch 1, Batch 280: loss=2.117355
INFO:neural_network:Epoch 1, Batch 290: loss=2.115539
INFO:neural_network:Epoch    1/200: train_loss=2.111630 (batch_avg=2.220974), lr=0.001
INFO:neural_network:Accuracy: 0.3600 (36/100 correct)
INFO:neural_network:  -> Validation accuracy: 0.3600
INFO:neural_network:Epoch 2, Batch 0: loss=2.130001
INFO:neural_network:Epoch 2, Batch 10: loss=2.083664
INFO:neural_network:Epoch 2, Batch 20: loss=2.093824
INFO:neural_network:Epoch 2, Batch 30: loss=2.106581
INFO:neural_network:Epoch 2, Batch 40: loss=2.116888
INFO:neural_network:Epoch 2, Batch 50: loss=2.043451
INFO:neural_network:Epoch 2, Batch 60: loss=2.088645
INFO:neural_network:Epoch 2, Batch 70: loss=2.089557
INFO:neural_network:Epoch 2, Batch 80: loss=2.072971
INFO:neural_network:Epoch 2, Batch 90: loss=2.045462
INFO:neural_network:Epoch 2, Batch 100: loss=2.053833
INFO:neural_network:Epoch 2, Batch 110: loss=2.023895
INFO:neural_network:Epoch 2, Batch 120: loss=2.063099
INFO:neural_network:Epoch 2, Batch 130: loss=1.994817
INFO:neural_network:Epoch 2, Batch 140: loss=2.039733
INFO:neural_network:Epoch 2, Batch 150: loss=2.059673
INFO:neural_network:Epoch 2, Batch 160: loss=1.989160
INFO:neural_network:Epoch 2, Batch 170: loss=2.020267
INFO:neural_network:Epoch 2, Batch 180: loss=1.975962
INFO:neural_network:Epoch 2, Batch 190: loss=2.000237
INFO:neural_network:Epoch 2, Batch 200: loss=1.998926
INFO:neural_network:Epoch 2, Batch 210: loss=1.978845
INFO:neural_network:Epoch 2, Batch 220: loss=1.981177
INFO:neural_network:Epoch 2, Batch 230: loss=1.965395
INFO:neural_network:Epoch 2, Batch 240: loss=1.988911
INFO:neural_network:Epoch 2, Batch 250: loss=1.938424
INFO:neural_network:Epoch 2, Batch 260: loss=1.918481
INFO:neural_network:Epoch 2, Batch 270: loss=1.958013
INFO:neural_network:Epoch 2, Batch 280: loss=1.923695
INFO:neural_network:Epoch 2, Batch 290: loss=1.899824
INFO:neural_network:Epoch    2/200: train_loss=1.907325 (batch_avg=2.010929), lr=0.001
INFO:neural_network:Accuracy: 0.5600 (56/100 correct)
INFO:neural_network:  -> Validation accuracy: 0.5600
INFO:neural_network:Epoch 3, Batch 0: loss=1.902725
INFO:neural_network:Epoch 3, Batch 10: loss=1.928939
INFO:neural_network:Epoch 3, Batch 20: loss=1.877613
INFO:neural_network:Epoch 3, Batch 30: loss=1.893828
INFO:neural_network:Epoch 3, Batch 40: loss=1.928858
INFO:neural_network:Epoch 3, Batch 50: loss=1.868187
INFO:neural_network:Epoch 3, Batch 60: loss=1.838343
INFO:neural_network:Epoch 3, Batch 70: loss=1.877719
INFO:neural_network:Epoch 3, Batch 80: loss=1.846535
INFO:neural_network:Epoch 3, Batch 90: loss=1.845514
INFO:neural_network:Epoch 3, Batch 100: loss=1.850050
INFO:neural_network:Epoch 3, Batch 110: loss=1.858321
INFO:neural_network:Epoch 3, Batch 120: loss=1.825127
INFO:neural_network:Epoch 3, Batch 130: loss=1.874172
INFO:neural_network:Epoch 3, Batch 140: loss=1.822099
INFO:neural_network:Epoch 3, Batch 150: loss=1.830588
INFO:neural_network:Epoch 3, Batch 160: loss=1.850254
INFO:neural_network:Epoch 3, Batch 170: loss=1.865801
INFO:neural_network:Epoch 3, Batch 180: loss=1.803291
INFO:neural_network:Epoch 3, Batch 190: loss=1.738084
INFO:neural_network:Epoch 3, Batch 200: loss=1.776068
INFO:neural_network:Epoch 3, Batch 210: loss=1.789992
INFO:neural_network:Epoch 3, Batch 220: loss=1.758558
INFO:neural_network:Epoch 3, Batch 230: loss=1.799664
INFO:neural_network:Epoch 3, Batch 240: loss=1.717313
INFO:neural_network:Epoch 3, Batch 250: loss=1.664845
INFO:neural_network:Epoch 3, Batch 260: loss=1.704916
INFO:neural_network:Epoch 3, Batch 270: loss=1.726516
INFO:neural_network:Epoch 3, Batch 280: loss=1.700462
INFO:neural_network:Epoch 3, Batch 290: loss=1.695451
INFO:neural_network:Epoch    3/200: train_loss=1.696680 (batch_avg=1.802513), lr=0.001
INFO:neural_network:Accuracy: 0.5700 (57/100 correct)
INFO:neural_network:  -> Validation accuracy: 0.5700
INFO:neural_network:Epoch 4, Batch 0: loss=1.665699
INFO:neural_network:Epoch 4, Batch 10: loss=1.672541
INFO:neural_network:Epoch 4, Batch 20: loss=1.673659
INFO:neural_network:Epoch 4, Batch 30: loss=1.653004
INFO:neural_network:Epoch 4, Batch 40: loss=1.706431
INFO:neural_network:Epoch 4, Batch 50: loss=1.678815
INFO:neural_network:Epoch 4, Batch 60: loss=1.649926
INFO:neural_network:Epoch 4, Batch 70: loss=1.632702
INFO:neural_network:Epoch 4, Batch 80: loss=1.628119
INFO:neural_network:Epoch 4, Batch 90: loss=1.645675
INFO:neural_network:Epoch 4, Batch 100: loss=1.594671
INFO:neural_network:Epoch 4, Batch 110: loss=1.677138
INFO:neural_network:Epoch 4, Batch 120: loss=1.615623
INFO:neural_network:Epoch 4, Batch 130: loss=1.641651
INFO:neural_network:Epoch 4, Batch 140: loss=1.577474
INFO:neural_network:Epoch 4, Batch 150: loss=1.593320
INFO:neural_network:Epoch 4, Batch 160: loss=1.552676
INFO:neural_network:Epoch 4, Batch 170: loss=1.567475
INFO:neural_network:Epoch 4, Batch 180: loss=1.599387
INFO:neural_network:Epoch 4, Batch 190: loss=1.590448
INFO:neural_network:Epoch 4, Batch 200: loss=1.570635
INFO:neural_network:Epoch 4, Batch 210: loss=1.486776
INFO:neural_network:Epoch 4, Batch 220: loss=1.478999
INFO:neural_network:Epoch 4, Batch 230: loss=1.508772
INFO:neural_network:Epoch 4, Batch 240: loss=1.498230
INFO:neural_network:Epoch 4, Batch 250: loss=1.524819
INFO:neural_network:Epoch 4, Batch 260: loss=1.481467
INFO:neural_network:Epoch 4, Batch 270: loss=1.455233
INFO:neural_network:Epoch 4, Batch 280: loss=1.514901
INFO:neural_network:Epoch 4, Batch 290: loss=1.475221
INFO:neural_network:Epoch    4/200: train_loss=1.493244 (batch_avg=1.594446), lr=0.001
INFO:neural_network:Accuracy: 0.7200 (72/100 correct)
INFO:neural_network:  -> Validation accuracy: 0.7200
INFO:neural_network:Epoch 5, Batch 0: loss=1.490348
INFO:neural_network:Epoch 5, Batch 10: loss=1.513391
INFO:neural_network:Epoch 5, Batch 20: loss=1.481235
INFO:neural_network:Epoch 5, Batch 30: loss=1.435038
INFO:neural_network:Epoch 5, Batch 40: loss=1.443533
INFO:neural_network:Epoch 5, Batch 50: loss=1.482697
INFO:neural_network:Epoch 5, Batch 60: loss=1.504062
INFO:neural_network:Epoch 5, Batch 70: loss=1.445153
INFO:neural_network:Epoch 5, Batch 80: loss=1.425557
INFO:neural_network:Epoch 5, Batch 90: loss=1.414938
INFO:neural_network:Epoch 5, Batch 100: loss=1.342808
INFO:neural_network:Epoch 5, Batch 110: loss=1.474024
INFO:neural_network:Epoch 5, Batch 120: loss=1.440462
INFO:neural_network:Epoch 5, Batch 130: loss=1.428176
INFO:neural_network:Epoch 5, Batch 140: loss=1.401367
INFO:neural_network:Epoch 5, Batch 150: loss=1.404457
INFO:neural_network:Epoch 5, Batch 160: loss=1.431087
INFO:neural_network:Epoch 5, Batch 170: loss=1.434560
INFO:neural_network:Epoch 5, Batch 180: loss=1.315191
INFO:neural_network:Epoch 5, Batch 190: loss=1.305831
INFO:neural_network:Epoch 5, Batch 200: loss=1.369450
INFO:neural_network:Epoch 5, Batch 210: loss=1.334036
INFO:neural_network:Epoch 5, Batch 220: loss=1.380672
INFO:neural_network:Epoch 5, Batch 230: loss=1.348933
INFO:neural_network:Epoch 5, Batch 240: loss=1.384919
INFO:neural_network:Epoch 5, Batch 250: loss=1.322628
INFO:neural_network:Epoch 5, Batch 260: loss=1.384913
INFO:neural_network:Epoch 5, Batch 270: loss=1.270945
INFO:neural_network:Epoch 5, Batch 280: loss=1.338596
INFO:neural_network:Epoch 5, Batch 290: loss=1.309288
INFO:neural_network:Epoch    5/200: train_loss=1.307824 (batch_avg=1.399135), lr=0.001
INFO:neural_network:Accuracy: 0.7500 (75/100 correct)
INFO:neural_network:  -> Validation accuracy: 0.7500
INFO:neural_network:Epoch 6, Batch 0: loss=1.330901
INFO:neural_network:Epoch 6, Batch 10: loss=1.327969
INFO:neural_network:Epoch 6, Batch 20: loss=1.259383
INFO:neural_network:Epoch 6, Batch 30: loss=1.256781
INFO:neural_network:Epoch 6, Batch 40: loss=1.293545
INFO:neural_network:Epoch 6, Batch 50: loss=1.256282
INFO:neural_network:Epoch 6, Batch 60: loss=1.286716
INFO:neural_network:Epoch 6, Batch 70: loss=1.229651
INFO:neural_network:Epoch 6, Batch 80: loss=1.281560
INFO:neural_network:Epoch 6, Batch 90: loss=1.265519
INFO:neural_network:Epoch 6, Batch 100: loss=1.186175
INFO:neural_network:Epoch 6, Batch 110: loss=1.251055
INFO:neural_network:Epoch 6, Batch 120: loss=1.153867
INFO:neural_network:Epoch 6, Batch 130: loss=1.176457
INFO:neural_network:Epoch 6, Batch 140: loss=1.195753
INFO:neural_network:Epoch 6, Batch 150: loss=1.265694
INFO:neural_network:Epoch 6, Batch 160: loss=1.235103
INFO:neural_network:Epoch 6, Batch 170: loss=1.168339
INFO:neural_network:Epoch 6, Batch 180: loss=1.209976
INFO:neural_network:Epoch 6, Batch 190: loss=1.198696
INFO:neural_network:Epoch 6, Batch 200: loss=1.105903
INFO:neural_network:Epoch 6, Batch 210: loss=1.245829
INFO:neural_network:Epoch 6, Batch 220: loss=1.208036
INFO:neural_network:Epoch 6, Batch 230: loss=1.200070
INFO:neural_network:Epoch 6, Batch 240: loss=1.157567
INFO:neural_network:Epoch 6, Batch 250: loss=1.085595
INFO:neural_network:Epoch 6, Batch 260: loss=1.102893
INFO:neural_network:Epoch 6, Batch 270: loss=1.217998
INFO:neural_network:Epoch 6, Batch 280: loss=1.140427
INFO:neural_network:Epoch 6, Batch 290: loss=1.181805
INFO:neural_network:Epoch    6/200: train_loss=1.148527 (batch_avg=1.226257), lr=0.001
INFO:neural_network:Accuracy: 0.6700 (67/100 correct)
INFO:neural_network:  -> Validation accuracy: 0.6700
INFO:neural_network:Epoch 7, Batch 0: loss=1.122566
INFO:neural_network:Epoch 7, Batch 10: loss=1.068192
INFO:neural_network:Epoch 7, Batch 20: loss=1.131000
INFO:neural_network:Epoch 7, Batch 30: loss=1.184423
INFO:neural_network:Epoch 7, Batch 40: loss=1.198302
INFO:neural_network:Epoch 7, Batch 50: loss=1.113727
INFO:neural_network:Epoch 7, Batch 60: loss=1.122266
INFO:neural_network:Epoch 7, Batch 70: loss=1.203217
INFO:neural_network:Epoch 7, Batch 80: loss=1.170932
INFO:neural_network:Epoch 7, Batch 90: loss=1.051444
INFO:neural_network:Epoch 7, Batch 100: loss=1.125264
INFO:neural_network:Epoch 7, Batch 110: loss=1.057832
INFO:neural_network:Epoch 7, Batch 120: loss=1.097975
INFO:neural_network:Epoch 7, Batch 130: loss=1.102431
INFO:neural_network:Epoch 7, Batch 140: loss=1.029644
INFO:neural_network:Epoch 7, Batch 150: loss=1.038180
INFO:neural_network:Epoch 7, Batch 160: loss=1.008590
INFO:neural_network:Epoch 7, Batch 170: loss=1.144731
INFO:neural_network:Epoch 7, Batch 180: loss=1.051995
INFO:neural_network:Epoch 7, Batch 190: loss=1.137510
INFO:neural_network:Epoch 7, Batch 200: loss=1.012914
INFO:neural_network:Epoch 7, Batch 210: loss=1.052551
INFO:neural_network:Epoch 7, Batch 220: loss=1.034700
INFO:neural_network:Epoch 7, Batch 230: loss=1.047981
INFO:neural_network:Epoch 7, Batch 240: loss=1.007631
INFO:neural_network:Epoch 7, Batch 250: loss=0.939928
INFO:neural_network:Epoch 7, Batch 260: loss=1.138655
INFO:neural_network:Epoch 7, Batch 270: loss=1.035347
INFO:neural_network:Epoch 7, Batch 280: loss=1.016867
INFO:neural_network:Epoch 7, Batch 290: loss=1.010879
INFO:neural_network:Epoch    7/200: train_loss=1.018365 (batch_avg=1.081503), lr=0.001
INFO:neural_network:Accuracy: 0.8200 (82/100 correct)
INFO:neural_network:  -> Validation accuracy: 0.8200
INFO:neural_network:Epoch 8, Batch 0: loss=1.000482
INFO:neural_network:Epoch 8, Batch 10: loss=1.052412
INFO:neural_network:Epoch 8, Batch 20: loss=0.976141
INFO:neural_network:Epoch 8, Batch 30: loss=0.935149
INFO:neural_network:Epoch 8, Batch 40: loss=1.007213
INFO:neural_network:Epoch 8, Batch 50: loss=1.040146
INFO:neural_network:Epoch 8, Batch 60: loss=1.012893
INFO:neural_network:Epoch 8, Batch 70: loss=1.065976
INFO:neural_network:Epoch 8, Batch 80: loss=0.978808
INFO:neural_network:Epoch 8, Batch 90: loss=0.948439
INFO:neural_network:Epoch 8, Batch 100: loss=1.034683
INFO:neural_network:Epoch 8, Batch 110: loss=0.948689
INFO:neural_network:Epoch 8, Batch 120: loss=0.916263
INFO:neural_network:Epoch 8, Batch 130: loss=0.962833
INFO:neural_network:Epoch 8, Batch 140: loss=0.943554
INFO:neural_network:Epoch 8, Batch 150: loss=0.968842
INFO:neural_network:Epoch 8, Batch 160: loss=0.961885
INFO:neural_network:Epoch 8, Batch 170: loss=0.939762
INFO:neural_network:Epoch 8, Batch 180: loss=0.904093
INFO:neural_network:Epoch 8, Batch 190: loss=0.974399
INFO:neural_network:Epoch 8, Batch 200: loss=0.923313
INFO:neural_network:Epoch 8, Batch 210: loss=0.899509
INFO:neural_network:Epoch 8, Batch 220: loss=0.935470
INFO:neural_network:Epoch 8, Batch 230: loss=1.007716
INFO:neural_network:Epoch 8, Batch 240: loss=0.984514
INFO:neural_network:Epoch 8, Batch 250: loss=0.932228
INFO:neural_network:Epoch 8, Batch 260: loss=0.906418
INFO:neural_network:Epoch 8, Batch 270: loss=0.908196
INFO:neural_network:Epoch 8, Batch 280: loss=0.923573
INFO:neural_network:Epoch 8, Batch 290: loss=0.906394
INFO:neural_network:Epoch    8/200: train_loss=0.914546 (batch_avg=0.964788), lr=0.001
INFO:neural_network:Accuracy: 0.7700 (77/100 correct)
INFO:neural_network:  -> Validation accuracy: 0.7700
INFO:neural_network:Epoch 9, Batch 0: loss=0.837744
INFO:neural_network:Epoch 9, Batch 10: loss=0.897733
INFO:neural_network:Epoch 9, Batch 20: loss=0.962773
INFO:neural_network:Epoch 9, Batch 30: loss=0.828263
INFO:neural_network:Epoch 9, Batch 40: loss=0.952921
INFO:neural_network:Epoch 9, Batch 50: loss=0.844130
INFO:neural_network:Epoch 9, Batch 60: loss=0.884243
INFO:neural_network:Epoch 9, Batch 70: loss=0.889631
INFO:neural_network:Epoch 9, Batch 80: loss=0.872014
INFO:neural_network:Epoch 9, Batch 90: loss=0.858876
INFO:neural_network:Epoch 9, Batch 100: loss=0.877174
INFO:neural_network:Epoch 9, Batch 110: loss=0.840236
INFO:neural_network:Epoch 9, Batch 120: loss=0.888553
INFO:neural_network:Epoch 9, Batch 130: loss=0.871330
INFO:neural_network:Epoch 9, Batch 140: loss=0.812099
INFO:neural_network:Epoch 9, Batch 150: loss=0.844002
INFO:neural_network:Epoch 9, Batch 160: loss=0.879572
INFO:neural_network:Epoch 9, Batch 170: loss=0.828618
INFO:neural_network:Epoch 9, Batch 180: loss=0.929903
INFO:neural_network:Epoch 9, Batch 190: loss=0.790529
INFO:neural_network:Epoch 9, Batch 200: loss=0.830231
INFO:neural_network:Epoch 9, Batch 210: loss=0.825585
INFO:neural_network:Epoch 9, Batch 220: loss=0.964467
INFO:neural_network:Epoch 9, Batch 230: loss=0.873107
INFO:neural_network:Epoch 9, Batch 240: loss=0.880447
INFO:neural_network:Epoch 9, Batch 250: loss=0.762327
INFO:neural_network:Epoch 9, Batch 260: loss=0.892671
INFO:neural_network:Epoch 9, Batch 270: loss=0.765273
INFO:neural_network:Epoch 9, Batch 280: loss=0.816312
INFO:neural_network:Epoch 9, Batch 290: loss=0.862143
INFO:neural_network:Epoch    9/200: train_loss=0.832554 (batch_avg=0.872245), lr=0.001
INFO:neural_network:Accuracy: 0.8500 (85/100 correct)
INFO:neural_network:  -> Validation accuracy: 0.8500
INFO:neural_network:Epoch 10, Batch 0: loss=0.776367
INFO:neural_network:Epoch 10, Batch 10: loss=0.864255
INFO:neural_network:Epoch 10, Batch 20: loss=0.816498
INFO:neural_network:Epoch 10, Batch 30: loss=0.822684
INFO:neural_network:Epoch 10, Batch 40: loss=0.829745
INFO:neural_network:Epoch 10, Batch 50: loss=0.754250
INFO:neural_network:Epoch 10, Batch 60: loss=0.762455
INFO:neural_network:Epoch 10, Batch 70: loss=0.813678
INFO:neural_network:Epoch 10, Batch 80: loss=0.801463
INFO:neural_network:Epoch 10, Batch 90: loss=0.779644
INFO:neural_network:Epoch 10, Batch 100: loss=0.792080
INFO:neural_network:Epoch 10, Batch 110: loss=0.834347
INFO:neural_network:Epoch 10, Batch 120: loss=0.784818
INFO:neural_network:Epoch 10, Batch 130: loss=0.809694
INFO:neural_network:Epoch 10, Batch 140: loss=0.853977
INFO:neural_network:Epoch 10, Batch 150: loss=0.818031
INFO:neural_network:Epoch 10, Batch 160: loss=0.800532
INFO:neural_network:Epoch 10, Batch 170: loss=0.812618
INFO:neural_network:Epoch 10, Batch 180: loss=0.783703
INFO:neural_network:Epoch 10, Batch 190: loss=0.749943
INFO:neural_network:Epoch 10, Batch 200: loss=0.824907
INFO:neural_network:Epoch 10, Batch 210: loss=0.792489
INFO:neural_network:Epoch 10, Batch 220: loss=0.815654
INFO:neural_network:Epoch 10, Batch 230: loss=0.658334
INFO:neural_network:Epoch 10, Batch 240: loss=0.788225
INFO:neural_network:Epoch 10, Batch 250: loss=0.868853
INFO:neural_network:Epoch 10, Batch 260: loss=0.778009
INFO:neural_network:Epoch 10, Batch 270: loss=0.770230
INFO:neural_network:Epoch 10, Batch 280: loss=0.859587
INFO:neural_network:Epoch 10, Batch 290: loss=0.789065
INFO:neural_network:Epoch   10/200: train_loss=0.767376 (batch_avg=0.799027), lr=0.001
INFO:neural_network:Accuracy: 0.8700 (87/100 correct)
INFO:neural_network:  -> Validation accuracy: 0.8700
INFO:neural_network:Epoch 11, Batch 0: loss=0.719049
INFO:neural_network:Epoch 11, Batch 10: loss=0.728006
INFO:neural_network:Epoch 11, Batch 20: loss=0.844393
INFO:neural_network:Epoch 11, Batch 30: loss=0.865626
INFO:neural_network:Epoch 11, Batch 40: loss=0.674565
INFO:neural_network:Epoch 11, Batch 50: loss=0.718350
INFO:neural_network:Epoch 11, Batch 60: loss=0.756818
INFO:neural_network:Epoch 11, Batch 70: loss=0.771311
INFO:neural_network:Epoch 11, Batch 80: loss=0.714562
INFO:neural_network:Epoch 11, Batch 90: loss=0.742951
INFO:neural_network:Epoch 11, Batch 100: loss=0.769691
INFO:neural_network:Epoch 11, Batch 110: loss=0.684903
INFO:neural_network:Epoch 11, Batch 120: loss=0.769880
INFO:neural_network:Epoch 11, Batch 130: loss=0.819124
INFO:neural_network:Epoch 11, Batch 140: loss=0.716691
INFO:neural_network:Epoch 11, Batch 150: loss=0.763148
INFO:neural_network:Epoch 11, Batch 160: loss=0.754487
INFO:neural_network:Epoch 11, Batch 170: loss=0.653997
INFO:neural_network:Epoch 11, Batch 180: loss=0.730310
INFO:neural_network:Epoch 11, Batch 190: loss=0.854714
INFO:neural_network:Epoch 11, Batch 200: loss=0.725694
INFO:neural_network:Epoch 11, Batch 210: loss=0.747351
INFO:neural_network:Epoch 11, Batch 220: loss=0.697560
INFO:neural_network:Epoch 11, Batch 230: loss=0.711738
INFO:neural_network:Epoch 11, Batch 240: loss=0.684558
INFO:neural_network:Epoch 11, Batch 250: loss=0.687225
INFO:neural_network:Epoch 11, Batch 260: loss=0.696662
INFO:neural_network:Epoch 11, Batch 270: loss=0.786198
INFO:neural_network:Epoch 11, Batch 280: loss=0.693902
INFO:neural_network:Epoch 11, Batch 290: loss=0.714362
INFO:neural_network:Epoch   11/200: train_loss=0.715063 (batch_avg=0.740520), lr=0.001
INFO:neural_network:Accuracy: 0.7900 (79/100 correct)
INFO:neural_network:  -> Validation accuracy: 0.7900
INFO:neural_network:Epoch 12, Batch 0: loss=0.719428
INFO:neural_network:Epoch 12, Batch 10: loss=0.637131
INFO:neural_network:Epoch 12, Batch 20: loss=0.752593
INFO:neural_network:Epoch 12, Batch 30: loss=0.754401
INFO:neural_network:Epoch 12, Batch 40: loss=0.655972
INFO:neural_network:Epoch 12, Batch 50: loss=0.782087
INFO:neural_network:Epoch 12, Batch 60: loss=0.692367
INFO:neural_network:Epoch 12, Batch 70: loss=0.813398
INFO:neural_network:Epoch 12, Batch 80: loss=0.671843
INFO:neural_network:Epoch 12, Batch 90: loss=0.706464
INFO:neural_network:Epoch 12, Batch 100: loss=0.695363
INFO:neural_network:Epoch 12, Batch 110: loss=0.696315
INFO:neural_network:Epoch 12, Batch 120: loss=0.682524
INFO:neural_network:Epoch 12, Batch 130: loss=0.742925
INFO:neural_network:Epoch 12, Batch 140: loss=0.716644
INFO:neural_network:Epoch 12, Batch 150: loss=0.663639
INFO:neural_network:Epoch 12, Batch 160: loss=0.649406
INFO:neural_network:Epoch 12, Batch 170: loss=0.648544
INFO:neural_network:Epoch 12, Batch 180: loss=0.711102
INFO:neural_network:Epoch 12, Batch 190: loss=0.730180
INFO:neural_network:Epoch 12, Batch 200: loss=0.722865
INFO:neural_network:Epoch 12, Batch 210: loss=0.653117
INFO:neural_network:Epoch 12, Batch 220: loss=0.645912
INFO:neural_network:Epoch 12, Batch 230: loss=0.690431
INFO:neural_network:Epoch 12, Batch 240: loss=0.635739
INFO:neural_network:Epoch 12, Batch 250: loss=0.682541
INFO:neural_network:Epoch 12, Batch 260: loss=0.633096
INFO:neural_network:Epoch 12, Batch 270: loss=0.786715
INFO:neural_network:Epoch 12, Batch 280: loss=0.702559
INFO:neural_network:Epoch 12, Batch 290: loss=0.755601
INFO:neural_network:Epoch   12/200: train_loss=0.672457 (batch_avg=0.693312), lr=0.001
INFO:neural_network:Accuracy: 0.8400 (84/100 correct)
INFO:neural_network:  -> Validation accuracy: 0.8400
INFO:neural_network:Epoch 13, Batch 0: loss=0.584105
INFO:neural_network:Epoch 13, Batch 10: loss=0.717524
INFO:neural_network:Epoch 13, Batch 20: loss=0.656800
INFO:neural_network:Epoch 13, Batch 30: loss=0.632349
INFO:neural_network:Epoch 13, Batch 40: loss=0.702673
INFO:neural_network:Epoch 13, Batch 50: loss=0.692254
INFO:neural_network:Epoch 13, Batch 60: loss=0.615376
INFO:neural_network:Epoch 13, Batch 70: loss=0.684905
INFO:neural_network:Epoch 13, Batch 80: loss=0.669518
INFO:neural_network:Epoch 13, Batch 90: loss=0.759290
INFO:neural_network:Epoch 13, Batch 100: loss=0.616920
INFO:neural_network:Epoch 13, Batch 110: loss=0.658811
INFO:neural_network:Epoch 13, Batch 120: loss=0.730022
INFO:neural_network:Epoch 13, Batch 130: loss=0.727570
INFO:neural_network:Epoch 13, Batch 140: loss=0.625429
INFO:neural_network:Epoch 13, Batch 150: loss=0.645644
INFO:neural_network:Epoch 13, Batch 160: loss=0.652924
INFO:neural_network:Epoch 13, Batch 170: loss=0.649005
INFO:neural_network:Epoch 13, Batch 180: loss=0.650902
INFO:neural_network:Epoch 13, Batch 190: loss=0.690475
INFO:neural_network:Epoch 13, Batch 200: loss=0.604429
INFO:neural_network:Epoch 13, Batch 210: loss=0.597096
INFO:neural_network:Epoch 13, Batch 220: loss=0.674226
INFO:neural_network:Epoch 13, Batch 230: loss=0.573347
INFO:neural_network:Epoch 13, Batch 240: loss=0.693493
INFO:neural_network:Epoch 13, Batch 250: loss=0.592533
INFO:neural_network:Epoch 13, Batch 260: loss=0.609730
INFO:neural_network:Epoch 13, Batch 270: loss=0.635818
INFO:neural_network:Epoch 13, Batch 280: loss=0.734924
INFO:neural_network:Epoch 13, Batch 290: loss=0.605475
INFO:neural_network:Epoch   13/200: train_loss=0.637349 (batch_avg=0.654604), lr=0.001
INFO:neural_network:Accuracy: 0.8500 (85/100 correct)
INFO:neural_network:  -> Validation accuracy: 0.8500
INFO:neural_network:Epoch 14, Batch 0: loss=0.664861
INFO:neural_network:Epoch 14, Batch 10: loss=0.649725
INFO:neural_network:Epoch 14, Batch 20: loss=0.683924
INFO:neural_network:Epoch 14, Batch 30: loss=0.651095
INFO:neural_network:Epoch 14, Batch 40: loss=0.617524
INFO:neural_network:Epoch 14, Batch 50: loss=0.566615
INFO:neural_network:Epoch 14, Batch 60: loss=0.635229
INFO:neural_network:Epoch 14, Batch 70: loss=0.548222
INFO:neural_network:Epoch 14, Batch 80: loss=0.712943
INFO:neural_network:Epoch 14, Batch 90: loss=0.614279
INFO:neural_network:Epoch 14, Batch 100: loss=0.633619
INFO:neural_network:Epoch 14, Batch 110: loss=0.679072
INFO:neural_network:Epoch 14, Batch 120: loss=0.586926
INFO:neural_network:Epoch 14, Batch 130: loss=0.672668
INFO:neural_network:Epoch 14, Batch 140: loss=0.620595
INFO:neural_network:Epoch 14, Batch 150: loss=0.670621
INFO:neural_network:Epoch 14, Batch 160: loss=0.638462
INFO:neural_network:Epoch 14, Batch 170: loss=0.574822
INFO:neural_network:Epoch 14, Batch 180: loss=0.620007
INFO:neural_network:Epoch 14, Batch 190: loss=0.609854
INFO:neural_network:Epoch 14, Batch 200: loss=0.537598
INFO:neural_network:Epoch 14, Batch 210: loss=0.597107
INFO:neural_network:Epoch 14, Batch 220: loss=0.542019
INFO:neural_network:Epoch 14, Batch 230: loss=0.695179
INFO:neural_network:Epoch 14, Batch 240: loss=0.626589
INFO:neural_network:Epoch 14, Batch 250: loss=0.716030
INFO:neural_network:Epoch 14, Batch 260: loss=0.503841
INFO:neural_network:Epoch 14, Batch 270: loss=0.662799
INFO:neural_network:Epoch 14, Batch 280: loss=0.566193
INFO:neural_network:Epoch 14, Batch 290: loss=0.613984
INFO:neural_network:Epoch   14/200: train_loss=0.608019 (batch_avg=0.622523), lr=0.001
INFO:neural_network:Accuracy: 0.8800 (88/100 correct)
INFO:neural_network:  -> Validation accuracy: 0.8800
INFO:neural_network:Epoch 15, Batch 0: loss=0.568994
INFO:neural_network:Epoch 15, Batch 10: loss=0.582378
INFO:neural_network:Epoch 15, Batch 20: loss=0.635252
INFO:neural_network:Epoch 15, Batch 30: loss=0.624844
INFO:neural_network:Epoch 15, Batch 40: loss=0.607084
INFO:neural_network:Epoch 15, Batch 50: loss=0.593240
INFO:neural_network:Epoch 15, Batch 60: loss=0.626543
INFO:neural_network:Epoch 15, Batch 70: loss=0.545759
INFO:neural_network:Epoch 15, Batch 80: loss=0.593095
INFO:neural_network:Epoch 15, Batch 90: loss=0.508313
INFO:neural_network:Epoch 15, Batch 100: loss=0.665736
INFO:neural_network:Epoch 15, Batch 110: loss=0.595836
INFO:neural_network:Epoch 15, Batch 120: loss=0.596633
INFO:neural_network:Epoch 15, Batch 130: loss=0.617529
INFO:neural_network:Epoch 15, Batch 140: loss=0.592740
INFO:neural_network:Epoch 15, Batch 150: loss=0.647377
INFO:neural_network:Epoch 15, Batch 160: loss=0.617301
INFO:neural_network:Epoch 15, Batch 170: loss=0.644959
INFO:neural_network:Epoch 15, Batch 180: loss=0.562105
INFO:neural_network:Epoch 15, Batch 190: loss=0.563014
INFO:neural_network:Epoch 15, Batch 200: loss=0.607404
INFO:neural_network:Epoch 15, Batch 210: loss=0.629589
INFO:neural_network:Epoch 15, Batch 220: loss=0.556437
INFO:neural_network:Epoch 15, Batch 230: loss=0.624799
INFO:neural_network:Epoch 15, Batch 240: loss=0.652030
INFO:neural_network:Epoch 15, Batch 250: loss=0.586446
INFO:neural_network:Epoch 15, Batch 260: loss=0.618788
INFO:neural_network:Epoch 15, Batch 270: loss=0.606004
INFO:neural_network:Epoch 15, Batch 280: loss=0.585769
INFO:neural_network:Epoch 15, Batch 290: loss=0.578690
INFO:neural_network:Epoch   15/200: train_loss=0.583172 (batch_avg=0.595511), lr=0.001
INFO:neural_network:Accuracy: 0.8300 (83/100 correct)
INFO:neural_network:  -> Validation accuracy: 0.8300
INFO:neural_network:Epoch 16, Batch 0: loss=0.551724
INFO:neural_network:Epoch 16, Batch 10: loss=0.611879
INFO:neural_network:Epoch 16, Batch 20: loss=0.491522
INFO:neural_network:Epoch 16, Batch 30: loss=0.513773
INFO:neural_network:Epoch 16, Batch 40: loss=0.576709
INFO:neural_network:Epoch 16, Batch 50: loss=0.630717
INFO:neural_network:Epoch 16, Batch 60: loss=0.697119
INFO:neural_network:Epoch 16, Batch 70: loss=0.557312
INFO:neural_network:Epoch 16, Batch 80: loss=0.640725
INFO:neural_network:Epoch 16, Batch 90: loss=0.515370
INFO:neural_network:Epoch 16, Batch 100: loss=0.611538
INFO:neural_network:Epoch 16, Batch 110: loss=0.550001
INFO:neural_network:Epoch 16, Batch 120: loss=0.579309
INFO:neural_network:Epoch 16, Batch 130: loss=0.602518
INFO:neural_network:Epoch 16, Batch 140: loss=0.598272
INFO:neural_network:Epoch 16, Batch 150: loss=0.606537
INFO:neural_network:Epoch 16, Batch 160: loss=0.639004
INFO:neural_network:Epoch 16, Batch 170: loss=0.650203
INFO:neural_network:Epoch 16, Batch 180: loss=0.589129
INFO:neural_network:Epoch 16, Batch 190: loss=0.625971
INFO:neural_network:Epoch 16, Batch 200: loss=0.518493
INFO:neural_network:Epoch 16, Batch 210: loss=0.558672
INFO:neural_network:Epoch 16, Batch 220: loss=0.535662
INFO:neural_network:Epoch 16, Batch 230: loss=0.611725
INFO:neural_network:Epoch 16, Batch 240: loss=0.496199
INFO:neural_network:Epoch 16, Batch 250: loss=0.459620
INFO:neural_network:Epoch 16, Batch 260: loss=0.573857
INFO:neural_network:Epoch 16, Batch 270: loss=0.595806
INFO:neural_network:Epoch 16, Batch 280: loss=0.609916
INFO:neural_network:Epoch 16, Batch 290: loss=0.523956
INFO:neural_network:Epoch   16/200: train_loss=0.561862 (batch_avg=0.572484), lr=0.001
INFO:neural_network:Accuracy: 0.8700 (87/100 correct)
INFO:neural_network:  -> Validation accuracy: 0.8700
INFO:neural_network:Epoch 17, Batch 0: loss=0.576976
INFO:neural_network:Epoch 17, Batch 10: loss=0.565363
INFO:neural_network:Epoch 17, Batch 20: loss=0.530208
INFO:neural_network:Epoch 17, Batch 30: loss=0.603273
INFO:neural_network:Epoch 17, Batch 40: loss=0.540101
INFO:neural_network:Epoch 17, Batch 50: loss=0.610067
INFO:neural_network:Epoch 17, Batch 60: loss=0.511237
INFO:neural_network:Epoch 17, Batch 70: loss=0.615998
INFO:neural_network:Epoch 17, Batch 80: loss=0.553622
INFO:neural_network:Epoch 17, Batch 90: loss=0.460239
INFO:neural_network:Epoch 17, Batch 100: loss=0.544341
INFO:neural_network:Epoch 17, Batch 110: loss=0.526335
INFO:neural_network:Epoch 17, Batch 120: loss=0.566633
INFO:neural_network:Epoch 17, Batch 130: loss=0.573458
INFO:neural_network:Epoch 17, Batch 140: loss=0.552003
INFO:neural_network:Epoch 17, Batch 150: loss=0.578527
INFO:neural_network:Epoch 17, Batch 160: loss=0.618586
INFO:neural_network:Epoch 17, Batch 170: loss=0.524611
INFO:neural_network:Epoch 17, Batch 180: loss=0.526442
INFO:neural_network:Epoch 17, Batch 190: loss=0.497581
INFO:neural_network:Epoch 17, Batch 200: loss=0.496428
INFO:neural_network:Epoch 17, Batch 210: loss=0.611216
INFO:neural_network:Epoch 17, Batch 220: loss=0.524122
INFO:neural_network:Epoch 17, Batch 230: loss=0.597598
INFO:neural_network:Epoch 17, Batch 240: loss=0.578900
INFO:neural_network:Epoch 17, Batch 250: loss=0.564957
INFO:neural_network:Epoch 17, Batch 260: loss=0.521332
INFO:neural_network:Epoch 17, Batch 270: loss=0.476123
INFO:neural_network:Epoch 17, Batch 280: loss=0.595329
INFO:neural_network:Epoch 17, Batch 290: loss=0.541006
INFO:neural_network:Epoch   17/200: train_loss=0.543474 (batch_avg=0.552646), lr=0.001
INFO:neural_network:Accuracy: 0.8400 (84/100 correct)
INFO:neural_network:  -> Validation accuracy: 0.8400
INFO:neural_network:Epoch 18, Batch 0: loss=0.449796
INFO:neural_network:Epoch 18, Batch 10: loss=0.474478
INFO:neural_network:Epoch 18, Batch 20: loss=0.478348
INFO:neural_network:Epoch 18, Batch 30: loss=0.534927
INFO:neural_network:Epoch 18, Batch 40: loss=0.541409
INFO:neural_network:Epoch 18, Batch 50: loss=0.584662
INFO:neural_network:Epoch 18, Batch 60: loss=0.536734
INFO:neural_network:Epoch 18, Batch 70: loss=0.576762
INFO:neural_network:Epoch 18, Batch 80: loss=0.517460
INFO:neural_network:Epoch 18, Batch 90: loss=0.597120
INFO:neural_network:Epoch 18, Batch 100: loss=0.549797
INFO:neural_network:Epoch 18, Batch 110: loss=0.616049
INFO:neural_network:Epoch 18, Batch 120: loss=0.452444
INFO:neural_network:Epoch 18, Batch 130: loss=0.595594
INFO:neural_network:Epoch 18, Batch 140: loss=0.594972
INFO:neural_network:Epoch 18, Batch 150: loss=0.551634
INFO:neural_network:Epoch 18, Batch 160: loss=0.515504
INFO:neural_network:Epoch 18, Batch 170: loss=0.479038
INFO:neural_network:Epoch 18, Batch 180: loss=0.515559
INFO:neural_network:Epoch 18, Batch 190: loss=0.568511
INFO:neural_network:Epoch 18, Batch 200: loss=0.544252
INFO:neural_network:Epoch 18, Batch 210: loss=0.559093
INFO:neural_network:Epoch 18, Batch 220: loss=0.598446
INFO:neural_network:Epoch 18, Batch 230: loss=0.549941
INFO:neural_network:Epoch 18, Batch 240: loss=0.485395
INFO:neural_network:Epoch 18, Batch 250: loss=0.499894
INFO:neural_network:Epoch 18, Batch 260: loss=0.486572
INFO:neural_network:Epoch 18, Batch 270: loss=0.536028
INFO:neural_network:Epoch 18, Batch 280: loss=0.512519
INFO:neural_network:Epoch 18, Batch 290: loss=0.486229
INFO:neural_network:Epoch   18/200: train_loss=0.527277 (batch_avg=0.535382), lr=0.001
INFO:neural_network:Accuracy: 0.8800 (88/100 correct)
INFO:neural_network:  -> Validation accuracy: 0.8800
INFO:neural_network:Epoch 19, Batch 0: loss=0.582343
INFO:neural_network:Epoch 19, Batch 10: loss=0.507710
INFO:neural_network:Epoch 19, Batch 20: loss=0.622781
INFO:neural_network:Epoch 19, Batch 30: loss=0.668262
INFO:neural_network:Epoch 19, Batch 40: loss=0.570251
INFO:neural_network:Epoch 19, Batch 50: loss=0.614858
INFO:neural_network:Epoch 19, Batch 60: loss=0.550345
INFO:neural_network:Epoch 19, Batch 70: loss=0.497372
INFO:neural_network:Epoch 19, Batch 80: loss=0.613000
INFO:neural_network:Epoch 19, Batch 90: loss=0.516323
INFO:neural_network:Epoch 19, Batch 100: loss=0.495416
INFO:neural_network:Epoch 19, Batch 110: loss=0.497385
INFO:neural_network:Epoch 19, Batch 120: loss=0.471894
INFO:neural_network:Epoch 19, Batch 130: loss=0.457995
INFO:neural_network:Epoch 19, Batch 140: loss=0.582626
INFO:neural_network:Epoch 19, Batch 150: loss=0.533446
INFO:neural_network:Epoch 19, Batch 160: loss=0.518755
INFO:neural_network:Epoch 19, Batch 170: loss=0.465964
INFO:neural_network:Epoch 19, Batch 180: loss=0.536131
INFO:neural_network:Epoch 19, Batch 190: loss=0.517485
INFO:neural_network:Epoch 19, Batch 200: loss=0.414578
INFO:neural_network:Epoch 19, Batch 210: loss=0.459080
INFO:neural_network:Epoch 19, Batch 220: loss=0.495746
INFO:neural_network:Epoch 19, Batch 230: loss=0.474134
INFO:neural_network:Epoch 19, Batch 240: loss=0.487993
INFO:neural_network:Epoch 19, Batch 250: loss=0.503207
INFO:neural_network:Epoch 19, Batch 260: loss=0.462579
INFO:neural_network:Epoch 19, Batch 270: loss=0.442628
INFO:neural_network:Epoch 19, Batch 280: loss=0.616068
INFO:neural_network:Epoch 19, Batch 290: loss=0.495271
INFO:neural_network:Epoch   19/200: train_loss=0.513075 (batch_avg=0.520226), lr=0.001
INFO:neural_network:Accuracy: 0.8700 (87/100 correct)
INFO:neural_network:  -> Validation accuracy: 0.8700
INFO:neural_network:Epoch 20, Batch 0: loss=0.422678
INFO:neural_network:Epoch 20, Batch 10: loss=0.521318
INFO:neural_network:Epoch 20, Batch 20: loss=0.651622
INFO:neural_network:Epoch 20, Batch 30: loss=0.622281
INFO:neural_network:Epoch 20, Batch 40: loss=0.633851
INFO:neural_network:Epoch 20, Batch 50: loss=0.477990
INFO:neural_network:Epoch 20, Batch 60: loss=0.434032
INFO:neural_network:Epoch 20, Batch 70: loss=0.491237
INFO:neural_network:Epoch 20, Batch 80: loss=0.588218
INFO:neural_network:Epoch 20, Batch 90: loss=0.514615
INFO:neural_network:Epoch 20, Batch 100: loss=0.475507
INFO:neural_network:Epoch 20, Batch 110: loss=0.457707
INFO:neural_network:Epoch 20, Batch 120: loss=0.496937
INFO:neural_network:Epoch 20, Batch 130: loss=0.443672
INFO:neural_network:Epoch 20, Batch 140: loss=0.406479
INFO:neural_network:Epoch 20, Batch 150: loss=0.578427
INFO:neural_network:Epoch 20, Batch 160: loss=0.461928
INFO:neural_network:Epoch 20, Batch 170: loss=0.541477
INFO:neural_network:Epoch 20, Batch 180: loss=0.446664
INFO:neural_network:Epoch 20, Batch 190: loss=0.420095
INFO:neural_network:Epoch 20, Batch 200: loss=0.506410
INFO:neural_network:Epoch 20, Batch 210: loss=0.472397
INFO:neural_network:Epoch 20, Batch 220: loss=0.422316
INFO:neural_network:Epoch 20, Batch 230: loss=0.508483
INFO:neural_network:Epoch 20, Batch 240: loss=0.495762
INFO:neural_network:Epoch 20, Batch 250: loss=0.458516
INFO:neural_network:Epoch 20, Batch 260: loss=0.402301
INFO:neural_network:Epoch 20, Batch 270: loss=0.507095
INFO:neural_network:Epoch 20, Batch 280: loss=0.527535
INFO:neural_network:Epoch 20, Batch 290: loss=0.503611
INFO:neural_network:Epoch   20/200: train_loss=0.500417 (batch_avg=0.506808), lr=0.001
INFO:neural_network:Accuracy: 0.8500 (85/100 correct)
INFO:neural_network:  -> Validation accuracy: 0.8500
INFO:neural_network:Epoch 21, Batch 0: loss=0.472591
INFO:neural_network:Epoch 21, Batch 10: loss=0.557814
INFO:neural_network:Epoch 21, Batch 20: loss=0.508781
INFO:neural_network:Epoch 21, Batch 30: loss=0.461802
INFO:neural_network:Epoch 21, Batch 40: loss=0.487630
INFO:neural_network:Epoch 21, Batch 50: loss=0.550205
INFO:neural_network:Epoch 21, Batch 60: loss=0.571799
INFO:neural_network:Epoch 21, Batch 70: loss=0.526677
INFO:neural_network:Epoch 21, Batch 80: loss=0.431041
INFO:neural_network:Epoch 21, Batch 90: loss=0.505893
INFO:neural_network:Epoch 21, Batch 100: loss=0.526780
INFO:neural_network:Epoch 21, Batch 110: loss=0.474960
INFO:neural_network:Epoch 21, Batch 120: loss=0.528133
INFO:neural_network:Epoch 21, Batch 130: loss=0.482323
INFO:neural_network:Epoch 21, Batch 140: loss=0.469645
INFO:neural_network:Epoch 21, Batch 150: loss=0.522172
INFO:neural_network:Epoch 21, Batch 160: loss=0.526655
INFO:neural_network:Epoch 21, Batch 170: loss=0.569208
INFO:neural_network:Epoch 21, Batch 180: loss=0.477064
INFO:neural_network:Epoch 21, Batch 190: loss=0.476367
INFO:neural_network:Epoch 21, Batch 200: loss=0.509235
INFO:neural_network:Epoch 21, Batch 210: loss=0.464494
INFO:neural_network:Epoch 21, Batch 220: loss=0.553168
INFO:neural_network:Epoch 21, Batch 230: loss=0.444809
INFO:neural_network:Epoch 21, Batch 240: loss=0.562456
INFO:neural_network:Epoch 21, Batch 250: loss=0.445266
INFO:neural_network:Epoch 21, Batch 260: loss=0.603456
INFO:neural_network:Epoch 21, Batch 270: loss=0.572085
INFO:neural_network:Epoch 21, Batch 280: loss=0.537585
INFO:neural_network:Epoch 21, Batch 290: loss=0.482171
INFO:neural_network:Epoch   21/200: train_loss=0.489035 (batch_avg=0.494831), lr=0.001
INFO:neural_network:Accuracy: 0.8600 (86/100 correct)
INFO:neural_network:  -> Validation accuracy: 0.8600
INFO:neural_network:Epoch 22, Batch 0: loss=0.429582
INFO:neural_network:Epoch 22, Batch 10: loss=0.469269
INFO:neural_network:Epoch 22, Batch 20: loss=0.459318
INFO:neural_network:Epoch 22, Batch 30: loss=0.540041
INFO:neural_network:Epoch 22, Batch 40: loss=0.513869
INFO:neural_network:Epoch 22, Batch 50: loss=0.427776
INFO:neural_network:Epoch 22, Batch 60: loss=0.450723
INFO:neural_network:Epoch 22, Batch 70: loss=0.513955
INFO:neural_network:Epoch 22, Batch 80: loss=0.563445
INFO:neural_network:Epoch 22, Batch 90: loss=0.472711
INFO:neural_network:Epoch 22, Batch 100: loss=0.442608
INFO:neural_network:Epoch 22, Batch 110: loss=0.429558
INFO:neural_network:Epoch 22, Batch 120: loss=0.495828
INFO:neural_network:Epoch 22, Batch 130: loss=0.496689
INFO:neural_network:Epoch 22, Batch 140: loss=0.522443
INFO:neural_network:Epoch 22, Batch 150: loss=0.504043
INFO:neural_network:Epoch 22, Batch 160: loss=0.486050
INFO:neural_network:Epoch 22, Batch 170: loss=0.472608
INFO:neural_network:Epoch 22, Batch 180: loss=0.441450
INFO:neural_network:Epoch 22, Batch 190: loss=0.477067
INFO:neural_network:Epoch 22, Batch 200: loss=0.540987
INFO:neural_network:Epoch 22, Batch 210: loss=0.446929
INFO:neural_network:Epoch 22, Batch 220: loss=0.343710
INFO:neural_network:Epoch 22, Batch 230: loss=0.433702
INFO:neural_network:Epoch 22, Batch 240: loss=0.396631
INFO:neural_network:Epoch 22, Batch 250: loss=0.463899
INFO:neural_network:Epoch 22, Batch 260: loss=0.454189
INFO:neural_network:Epoch 22, Batch 270: loss=0.566814
INFO:neural_network:Epoch 22, Batch 280: loss=0.465367
INFO:neural_network:Epoch 22, Batch 290: loss=0.471670
INFO:neural_network:Epoch   22/200: train_loss=0.478846 (batch_avg=0.484074), lr=0.001
INFO:neural_network:Accuracy: 0.9100 (91/100 correct)
INFO:neural_network:  -> Validation accuracy: 0.9100
INFO:neural_network:Epoch 23, Batch 0: loss=0.504489
INFO:neural_network:Epoch 23, Batch 10: loss=0.506421
INFO:neural_network:Epoch 23, Batch 20: loss=0.546104
INFO:neural_network:Epoch 23, Batch 30: loss=0.491963
INFO:neural_network:Epoch 23, Batch 40: loss=0.501998
INFO:neural_network:Epoch 23, Batch 50: loss=0.543513
INFO:neural_network:Epoch 23, Batch 60: loss=0.488184
INFO:neural_network:Epoch 23, Batch 70: loss=0.486281
INFO:neural_network:Epoch 23, Batch 80: loss=0.445986
INFO:neural_network:Epoch 23, Batch 90: loss=0.453484
INFO:neural_network:Epoch 23, Batch 100: loss=0.464314
INFO:neural_network:Epoch 23, Batch 110: loss=0.503716
INFO:neural_network:Epoch 23, Batch 120: loss=0.448701
INFO:neural_network:Epoch 23, Batch 130: loss=0.472265
INFO:neural_network:Epoch 23, Batch 140: loss=0.538983
INFO:neural_network:Epoch 23, Batch 150: loss=0.378195
INFO:neural_network:Epoch 23, Batch 160: loss=0.576479
INFO:neural_network:Epoch 23, Batch 170: loss=0.517445
INFO:neural_network:Epoch 23, Batch 180: loss=0.480977
INFO:neural_network:Epoch 23, Batch 190: loss=0.335417
INFO:neural_network:Epoch 23, Batch 200: loss=0.594757
INFO:neural_network:Epoch 23, Batch 210: loss=0.388046
INFO:neural_network:Epoch 23, Batch 220: loss=0.453852
INFO:neural_network:Epoch 23, Batch 230: loss=0.416104
INFO:neural_network:Epoch 23, Batch 240: loss=0.423274
INFO:neural_network:Epoch 23, Batch 250: loss=0.443736
INFO:neural_network:Epoch 23, Batch 260: loss=0.402307
INFO:neural_network:Epoch 23, Batch 270: loss=0.555461
INFO:neural_network:Epoch 23, Batch 280: loss=0.448830
INFO:neural_network:Epoch 23, Batch 290: loss=0.424423
INFO:neural_network:Epoch   23/200: train_loss=0.469542 (batch_avg=0.474363), lr=0.001
INFO:neural_network:Accuracy: 0.8800 (88/100 correct)
INFO:neural_network:  -> Validation accuracy: 0.8800
INFO:neural_network:Epoch 24, Batch 0: loss=0.382407
INFO:neural_network:Epoch 24, Batch 10: loss=0.458616
INFO:neural_network:Epoch 24, Batch 20: loss=0.573362
INFO:neural_network:Epoch 24, Batch 30: loss=0.467459
INFO:neural_network:Epoch 24, Batch 40: loss=0.457414
INFO:neural_network:Epoch 24, Batch 50: loss=0.353921
INFO:neural_network:Epoch 24, Batch 60: loss=0.450972
INFO:neural_network:Epoch 24, Batch 70: loss=0.493351
INFO:neural_network:Epoch 24, Batch 80: loss=0.493558
INFO:neural_network:Epoch 24, Batch 90: loss=0.422603
INFO:neural_network:Epoch 24, Batch 100: loss=0.393804
INFO:neural_network:Epoch 24, Batch 110: loss=0.464166
INFO:neural_network:Epoch 24, Batch 120: loss=0.449162
INFO:neural_network:Epoch 24, Batch 130: loss=0.585394
INFO:neural_network:Epoch 24, Batch 140: loss=0.488469
INFO:neural_network:Epoch 24, Batch 150: loss=0.381580
INFO:neural_network:Epoch 24, Batch 160: loss=0.448157
INFO:neural_network:Epoch 24, Batch 170: loss=0.406708
INFO:neural_network:Epoch 24, Batch 180: loss=0.378978
INFO:neural_network:Epoch 24, Batch 190: loss=0.404061
INFO:neural_network:Epoch 24, Batch 200: loss=0.563753
INFO:neural_network:Epoch 24, Batch 210: loss=0.402146
INFO:neural_network:Epoch 24, Batch 220: loss=0.525737
INFO:neural_network:Epoch 24, Batch 230: loss=0.548864
INFO:neural_network:Epoch 24, Batch 240: loss=0.449950
INFO:neural_network:Epoch 24, Batch 250: loss=0.510158
INFO:neural_network:Epoch 24, Batch 260: loss=0.480590
INFO:neural_network:Epoch 24, Batch 270: loss=0.470644
INFO:neural_network:Epoch 24, Batch 280: loss=0.449641
INFO:neural_network:Epoch 24, Batch 290: loss=0.424790
INFO:neural_network:Epoch   24/200: train_loss=0.461088 (batch_avg=0.465494), lr=0.001
INFO:neural_network:Accuracy: 0.8500 (85/100 correct)
INFO:neural_network:  -> Validation accuracy: 0.8500
INFO:neural_network:Epoch 25, Batch 0: loss=0.479967
INFO:neural_network:Epoch 25, Batch 10: loss=0.385885
INFO:neural_network:Epoch 25, Batch 20: loss=0.530717
INFO:neural_network:Epoch 25, Batch 30: loss=0.514072
INFO:neural_network:Epoch 25, Batch 40: loss=0.413335
INFO:neural_network:Epoch 25, Batch 50: loss=0.416291
INFO:neural_network:Epoch 25, Batch 60: loss=0.479911
INFO:neural_network:Epoch 25, Batch 70: loss=0.485232
INFO:neural_network:Epoch 25, Batch 80: loss=0.427070
INFO:neural_network:Epoch 25, Batch 90: loss=0.342462
INFO:neural_network:Epoch 25, Batch 100: loss=0.458390
INFO:neural_network:Epoch 25, Batch 110: loss=0.407840
INFO:neural_network:Epoch 25, Batch 120: loss=0.380357
INFO:neural_network:Epoch 25, Batch 130: loss=0.461514
INFO:neural_network:Epoch 25, Batch 140: loss=0.377024
INFO:neural_network:Epoch 25, Batch 150: loss=0.505702
INFO:neural_network:Epoch 25, Batch 160: loss=0.388853
INFO:neural_network:Epoch 25, Batch 170: loss=0.536021
INFO:neural_network:Epoch 25, Batch 180: loss=0.480262
INFO:neural_network:Epoch 25, Batch 190: loss=0.455248
INFO:neural_network:Epoch 25, Batch 200: loss=0.541853
INFO:neural_network:Epoch 25, Batch 210: loss=0.443914
INFO:neural_network:Epoch 25, Batch 220: loss=0.504716
INFO:neural_network:Epoch 25, Batch 230: loss=0.486331
INFO:neural_network:Epoch 25, Batch 240: loss=0.441619
INFO:neural_network:Epoch 25, Batch 250: loss=0.389276
INFO:neural_network:Epoch 25, Batch 260: loss=0.515889
INFO:neural_network:Epoch 25, Batch 270: loss=0.418410
INFO:neural_network:Epoch 25, Batch 280: loss=0.477361
INFO:neural_network:Epoch 25, Batch 290: loss=0.516590
INFO:neural_network:Epoch   25/200: train_loss=0.453380 (batch_avg=0.457371), lr=0.001
INFO:neural_network:Accuracy: 0.8800 (88/100 correct)
INFO:neural_network:  -> Validation accuracy: 0.8800
INFO:neural_network:Epoch 26, Batch 0: loss=0.509572
INFO:neural_network:Epoch 26, Batch 10: loss=0.497497
INFO:neural_network:Epoch 26, Batch 20: loss=0.490704
INFO:neural_network:Epoch 26, Batch 30: loss=0.433089
INFO:neural_network:Epoch 26, Batch 40: loss=0.516051
INFO:neural_network:Epoch 26, Batch 50: loss=0.532186
INFO:neural_network:Epoch 26, Batch 60: loss=0.483696
INFO:neural_network:Epoch 26, Batch 70: loss=0.498188
INFO:neural_network:Epoch 26, Batch 80: loss=0.404261
INFO:neural_network:Epoch 26, Batch 90: loss=0.484768
INFO:neural_network:Epoch 26, Batch 100: loss=0.425597
INFO:neural_network:Epoch 26, Batch 110: loss=0.495015
INFO:neural_network:Epoch 26, Batch 120: loss=0.444439
INFO:neural_network:Epoch 26, Batch 130: loss=0.420720
INFO:neural_network:Epoch 26, Batch 140: loss=0.412998
INFO:neural_network:Epoch 26, Batch 150: loss=0.482609
INFO:neural_network:Epoch 26, Batch 160: loss=0.464028
INFO:neural_network:Epoch 26, Batch 170: loss=0.422717
INFO:neural_network:Epoch 26, Batch 180: loss=0.463044
INFO:neural_network:Epoch 26, Batch 190: loss=0.406566
INFO:neural_network:Epoch 26, Batch 200: loss=0.437097
INFO:neural_network:Epoch 26, Batch 210: loss=0.514810
INFO:neural_network:Epoch 26, Batch 220: loss=0.481273
INFO:neural_network:Epoch 26, Batch 230: loss=0.455515
INFO:neural_network:Epoch 26, Batch 240: loss=0.461810
INFO:neural_network:Epoch 26, Batch 250: loss=0.391314
INFO:neural_network:Epoch 26, Batch 260: loss=0.487147
INFO:neural_network:Epoch 26, Batch 270: loss=0.508487
INFO:neural_network:Epoch 26, Batch 280: loss=0.507363
INFO:neural_network:Epoch 26, Batch 290: loss=0.400531
INFO:neural_network:Epoch   26/200: train_loss=0.446168 (batch_avg=0.449954), lr=0.001
INFO:neural_network:Accuracy: 0.8900 (89/100 correct)
INFO:neural_network:  -> Validation accuracy: 0.8900
INFO:neural_network:Epoch 27, Batch 0: loss=0.422440
INFO:neural_network:Epoch 27, Batch 10: loss=0.460891
INFO:neural_network:Epoch 27, Batch 20: loss=0.501427
INFO:neural_network:Epoch 27, Batch 30: loss=0.434788
INFO:neural_network:Epoch 27, Batch 40: loss=0.503683
INFO:neural_network:Epoch 27, Batch 50: loss=0.499090
INFO:neural_network:Epoch 27, Batch 60: loss=0.429479
INFO:neural_network:Epoch 27, Batch 70: loss=0.443171
INFO:neural_network:Epoch 27, Batch 80: loss=0.496611
INFO:neural_network:Epoch 27, Batch 90: loss=0.474184
INFO:neural_network:Epoch 27, Batch 100: loss=0.383553
INFO:neural_network:Epoch 27, Batch 110: loss=0.517673
INFO:neural_network:Epoch 27, Batch 120: loss=0.402300
INFO:neural_network:Epoch 27, Batch 130: loss=0.338539
INFO:neural_network:Epoch 27, Batch 140: loss=0.458729
INFO:neural_network:Epoch 27, Batch 150: loss=0.453583
INFO:neural_network:Epoch 27, Batch 160: loss=0.367144
INFO:neural_network:Epoch 27, Batch 170: loss=0.394095
INFO:neural_network:Epoch 27, Batch 180: loss=0.371631
INFO:neural_network:Epoch 27, Batch 190: loss=0.416771
INFO:neural_network:Epoch 27, Batch 200: loss=0.388639
INFO:neural_network:Epoch 27, Batch 210: loss=0.334525
INFO:neural_network:Epoch 27, Batch 220: loss=0.494207
INFO:neural_network:Epoch 27, Batch 230: loss=0.479813
INFO:neural_network:Epoch 27, Batch 240: loss=0.481975
INFO:neural_network:Epoch 27, Batch 250: loss=0.432233
INFO:neural_network:Epoch 27, Batch 260: loss=0.317929
INFO:neural_network:Epoch 27, Batch 270: loss=0.384904
INFO:neural_network:Epoch 27, Batch 280: loss=0.564690
INFO:neural_network:Epoch 27, Batch 290: loss=0.453589
INFO:neural_network:Epoch   27/200: train_loss=0.439631 (batch_avg=0.443044), lr=0.001
INFO:neural_network:Accuracy: 0.9400 (94/100 correct)
INFO:neural_network:  -> Validation accuracy: 0.9400
INFO:neural_network:Epoch 28, Batch 0: loss=0.513563
INFO:neural_network:Epoch 28, Batch 10: loss=0.468231
INFO:neural_network:Epoch 28, Batch 20: loss=0.408937
INFO:neural_network:Epoch 28, Batch 30: loss=0.458888
INFO:neural_network:Epoch 28, Batch 40: loss=0.476150
INFO:neural_network:Epoch 28, Batch 50: loss=0.445413
INFO:neural_network:Epoch 28, Batch 60: loss=0.411673
INFO:neural_network:Epoch 28, Batch 70: loss=0.490007
INFO:neural_network:Epoch 28, Batch 80: loss=0.453223
INFO:neural_network:Epoch 28, Batch 90: loss=0.455846
INFO:neural_network:Epoch 28, Batch 100: loss=0.375787
INFO:neural_network:Epoch 28, Batch 110: loss=0.366609
INFO:neural_network:Epoch 28, Batch 120: loss=0.462228
INFO:neural_network:Epoch 28, Batch 130: loss=0.508380
INFO:neural_network:Epoch 28, Batch 140: loss=0.321865
INFO:neural_network:Epoch 28, Batch 150: loss=0.366532
INFO:neural_network:Epoch 28, Batch 160: loss=0.445061
INFO:neural_network:Epoch 28, Batch 170: loss=0.469810
INFO:neural_network:Epoch 28, Batch 180: loss=0.463826
INFO:neural_network:Epoch 28, Batch 190: loss=0.366646
INFO:neural_network:Epoch 28, Batch 200: loss=0.301087
INFO:neural_network:Epoch 28, Batch 210: loss=0.502303
INFO:neural_network:Epoch 28, Batch 220: loss=0.383845
INFO:neural_network:Epoch 28, Batch 230: loss=0.471964
INFO:neural_network:Epoch 28, Batch 240: loss=0.530794
INFO:neural_network:Epoch 28, Batch 250: loss=0.377196
INFO:neural_network:Epoch 28, Batch 260: loss=0.485890
INFO:neural_network:Epoch 28, Batch 270: loss=0.490191
INFO:neural_network:Epoch 28, Batch 280: loss=0.369982
INFO:neural_network:Epoch 28, Batch 290: loss=0.372325
INFO:neural_network:Epoch   28/200: train_loss=0.433441 (batch_avg=0.436713), lr=0.001
INFO:neural_network:Accuracy: 0.8700 (87/100 correct)
INFO:neural_network:  -> Validation accuracy: 0.8700
INFO:neural_network:Epoch 29, Batch 0: loss=0.468718
INFO:neural_network:Epoch 29, Batch 10: loss=0.464386
INFO:neural_network:Epoch 29, Batch 20: loss=0.450126
INFO:neural_network:Epoch 29, Batch 30: loss=0.410708
INFO:neural_network:Epoch 29, Batch 40: loss=0.419518
INFO:neural_network:Epoch 29, Batch 50: loss=0.464290
INFO:neural_network:Epoch 29, Batch 60: loss=0.445719
INFO:neural_network:Epoch 29, Batch 70: loss=0.401354
INFO:neural_network:Epoch 29, Batch 80: loss=0.403536
INFO:neural_network:Epoch 29, Batch 90: loss=0.441095
INFO:neural_network:Epoch 29, Batch 100: loss=0.439277
INFO:neural_network:Epoch 29, Batch 110: loss=0.387578
INFO:neural_network:Epoch 29, Batch 120: loss=0.321746
INFO:neural_network:Epoch 29, Batch 130: loss=0.449918
INFO:neural_network:Epoch 29, Batch 140: loss=0.426654
INFO:neural_network:Epoch 29, Batch 150: loss=0.440254
INFO:neural_network:Epoch 29, Batch 160: loss=0.336788
INFO:neural_network:Epoch 29, Batch 170: loss=0.499523
INFO:neural_network:Epoch 29, Batch 180: loss=0.440053
INFO:neural_network:Epoch 29, Batch 190: loss=0.428306
INFO:neural_network:Epoch 29, Batch 200: loss=0.474129
INFO:neural_network:Epoch 29, Batch 210: loss=0.405679
INFO:neural_network:Epoch 29, Batch 220: loss=0.523330
INFO:neural_network:Epoch 29, Batch 230: loss=0.439928
INFO:neural_network:Epoch 29, Batch 240: loss=0.393064
INFO:neural_network:Epoch 29, Batch 250: loss=0.327644
INFO:neural_network:Epoch 29, Batch 260: loss=0.428641
INFO:neural_network:Epoch 29, Batch 270: loss=0.429458
INFO:neural_network:Epoch 29, Batch 280: loss=0.377966
INFO:neural_network:Epoch 29, Batch 290: loss=0.439607
INFO:neural_network:Epoch   29/200: train_loss=0.427726 (batch_avg=0.430781), lr=0.001
INFO:neural_network:Accuracy: 0.8900 (89/100 correct)
INFO:neural_network:  -> Validation accuracy: 0.8900
INFO:neural_network:Epoch 30, Batch 0: loss=0.447228
INFO:neural_network:Epoch 30, Batch 10: loss=0.466732
INFO:neural_network:Epoch 30, Batch 20: loss=0.497675
INFO:neural_network:Epoch 30, Batch 30: loss=0.371218
INFO:neural_network:Epoch 30, Batch 40: loss=0.412689
INFO:neural_network:Epoch 30, Batch 50: loss=0.476915
INFO:neural_network:Epoch 30, Batch 60: loss=0.355777
INFO:neural_network:Epoch 30, Batch 70: loss=0.362852
INFO:neural_network:Epoch 30, Batch 80: loss=0.470250
INFO:neural_network:Epoch 30, Batch 90: loss=0.416484
INFO:neural_network:Epoch 30, Batch 100: loss=0.409378
INFO:neural_network:Epoch 30, Batch 110: loss=0.479994
INFO:neural_network:Epoch 30, Batch 120: loss=0.409358
INFO:neural_network:Epoch 30, Batch 130: loss=0.390103
INFO:neural_network:Epoch 30, Batch 140: loss=0.490232
INFO:neural_network:Epoch 30, Batch 150: loss=0.381586
INFO:neural_network:Epoch 30, Batch 160: loss=0.398404
INFO:neural_network:Epoch 30, Batch 170: loss=0.439654
INFO:neural_network:Epoch 30, Batch 180: loss=0.430090
INFO:neural_network:Epoch 30, Batch 190: loss=0.446852
INFO:neural_network:Epoch 30, Batch 200: loss=0.435058
INFO:neural_network:Epoch 30, Batch 210: loss=0.446734
INFO:neural_network:Epoch 30, Batch 220: loss=0.379775
INFO:neural_network:Epoch 30, Batch 230: loss=0.434644
INFO:neural_network:Epoch 30, Batch 240: loss=0.361639
INFO:neural_network:Epoch 30, Batch 250: loss=0.398196
INFO:neural_network:Epoch 30, Batch 260: loss=0.483382
INFO:neural_network:Epoch 30, Batch 270: loss=0.427905
INFO:neural_network:Epoch 30, Batch 280: loss=0.496451
INFO:neural_network:Epoch 30, Batch 290: loss=0.349548
INFO:neural_network:Epoch   30/200: train_loss=0.422407 (batch_avg=0.425226), lr=0.001
INFO:neural_network:Accuracy: 0.9000 (90/100 correct)
INFO:neural_network:  -> Validation accuracy: 0.9000
INFO:neural_network:Epoch 31, Batch 0: loss=0.490865
INFO:neural_network:Epoch 31, Batch 10: loss=0.435336
INFO:neural_network:Epoch 31, Batch 20: loss=0.481087
INFO:neural_network:Epoch 31, Batch 30: loss=0.486074
INFO:neural_network:Epoch 31, Batch 40: loss=0.452383
INFO:neural_network:Epoch 31, Batch 50: loss=0.369352
INFO:neural_network:Epoch 31, Batch 60: loss=0.437715
INFO:neural_network:Epoch 31, Batch 70: loss=0.456415
INFO:neural_network:Epoch 31, Batch 80: loss=0.381760
INFO:neural_network:Epoch 31, Batch 90: loss=0.352628
INFO:neural_network:Epoch 31, Batch 100: loss=0.423647
INFO:neural_network:Epoch 31, Batch 110: loss=0.523893
INFO:neural_network:Epoch 31, Batch 120: loss=0.434002
INFO:neural_network:Epoch 31, Batch 130: loss=0.482768
INFO:neural_network:Epoch 31, Batch 140: loss=0.404383
INFO:neural_network:Epoch 31, Batch 150: loss=0.435759
INFO:neural_network:Epoch 31, Batch 160: loss=0.502723
INFO:neural_network:Epoch 31, Batch 170: loss=0.416623
INFO:neural_network:Epoch 31, Batch 180: loss=0.466620
INFO:neural_network:Epoch 31, Batch 190: loss=0.377844
INFO:neural_network:Epoch 31, Batch 200: loss=0.431029
INFO:neural_network:Epoch 31, Batch 210: loss=0.378425
INFO:neural_network:Epoch 31, Batch 220: loss=0.373934
INFO:neural_network:Epoch 31, Batch 230: loss=0.402932
INFO:neural_network:Epoch 31, Batch 240: loss=0.419461
INFO:neural_network:Epoch 31, Batch 250: loss=0.490105
INFO:neural_network:Epoch 31, Batch 260: loss=0.375342
INFO:neural_network:Epoch 31, Batch 270: loss=0.345925
INFO:neural_network:Epoch 31, Batch 280: loss=0.371683
INFO:neural_network:Epoch 31, Batch 290: loss=0.402337
INFO:neural_network:Epoch   31/200: train_loss=0.417320 (batch_avg=0.420040), lr=0.001
INFO:neural_network:Accuracy: 0.8700 (87/100 correct)
INFO:neural_network:  -> Validation accuracy: 0.8700
INFO:neural_network:Epoch 32, Batch 0: loss=0.424556
INFO:neural_network:Epoch 32, Batch 10: loss=0.444360
INFO:neural_network:Epoch 32, Batch 20: loss=0.419843
INFO:neural_network:Epoch 32, Batch 30: loss=0.429995
INFO:neural_network:Epoch 32, Batch 40: loss=0.389428
INFO:neural_network:Epoch 32, Batch 50: loss=0.396494
INFO:neural_network:Epoch 32, Batch 60: loss=0.391670
INFO:neural_network:Epoch 32, Batch 70: loss=0.346722
INFO:neural_network:Epoch 32, Batch 80: loss=0.419473
INFO:neural_network:Epoch 32, Batch 90: loss=0.421651
INFO:neural_network:Epoch 32, Batch 100: loss=0.452762
INFO:neural_network:Epoch 32, Batch 110: loss=0.390182
INFO:neural_network:Epoch 32, Batch 120: loss=0.502015
INFO:neural_network:Epoch 32, Batch 130: loss=0.431124
INFO:neural_network:Epoch 32, Batch 140: loss=0.414560
INFO:neural_network:Epoch 32, Batch 150: loss=0.374943
INFO:neural_network:Epoch 32, Batch 160: loss=0.335342
INFO:neural_network:Epoch 32, Batch 170: loss=0.325818
INFO:neural_network:Epoch 32, Batch 180: loss=0.401159
INFO:neural_network:Epoch 32, Batch 190: loss=0.380555
INFO:neural_network:Epoch 32, Batch 200: loss=0.355566
INFO:neural_network:Epoch 32, Batch 210: loss=0.493115
INFO:neural_network:Epoch 32, Batch 220: loss=0.463435
INFO:neural_network:Epoch 32, Batch 230: loss=0.416635
INFO:neural_network:Epoch 32, Batch 240: loss=0.416663
INFO:neural_network:Epoch 32, Batch 250: loss=0.449823
INFO:neural_network:Epoch 32, Batch 260: loss=0.471995
INFO:neural_network:Epoch 32, Batch 270: loss=0.399014
INFO:neural_network:Epoch 32, Batch 280: loss=0.332730
INFO:neural_network:Epoch 32, Batch 290: loss=0.380205
INFO:neural_network:Epoch   32/200: train_loss=0.412632 (batch_avg=0.415156), lr=0.001
INFO:neural_network:Accuracy: 0.9200 (92/100 correct)
INFO:neural_network:  -> Validation accuracy: 0.9200
INFO:neural_network:Epoch 33, Batch 0: loss=0.443067
INFO:neural_network:Epoch 33, Batch 10: loss=0.443587
INFO:neural_network:Epoch 33, Batch 20: loss=0.443254
INFO:neural_network:Epoch 33, Batch 30: loss=0.350823
INFO:neural_network:Epoch 33, Batch 40: loss=0.413115
INFO:neural_network:Epoch 33, Batch 50: loss=0.333531
INFO:neural_network:Epoch 33, Batch 60: loss=0.527381
INFO:neural_network:Epoch 33, Batch 70: loss=0.489781
INFO:neural_network:Epoch 33, Batch 80: loss=0.351882
INFO:neural_network:Epoch 33, Batch 90: loss=0.374700
INFO:neural_network:Epoch 33, Batch 100: loss=0.492222
INFO:neural_network:Epoch 33, Batch 110: loss=0.351586
INFO:neural_network:Epoch 33, Batch 120: loss=0.333881
INFO:neural_network:Epoch 33, Batch 130: loss=0.422830
INFO:neural_network:Epoch 33, Batch 140: loss=0.497526
INFO:neural_network:Epoch 33, Batch 150: loss=0.408720
INFO:neural_network:Epoch 33, Batch 160: loss=0.492672
INFO:neural_network:Epoch 33, Batch 170: loss=0.351071
INFO:neural_network:Epoch 33, Batch 180: loss=0.434170
INFO:neural_network:Epoch 33, Batch 190: loss=0.310340
INFO:neural_network:Epoch 33, Batch 200: loss=0.374373
INFO:neural_network:Epoch 33, Batch 210: loss=0.399020
INFO:neural_network:Epoch 33, Batch 220: loss=0.422067
INFO:neural_network:Epoch 33, Batch 230: loss=0.309090
INFO:neural_network:Epoch 33, Batch 240: loss=0.365270
INFO:neural_network:Epoch 33, Batch 250: loss=0.432938
INFO:neural_network:Epoch 33, Batch 260: loss=0.378617
INFO:neural_network:Epoch 33, Batch 270: loss=0.397235
INFO:neural_network:Epoch 33, Batch 280: loss=0.397990
INFO:neural_network:Epoch 33, Batch 290: loss=0.376273
INFO:neural_network:Epoch   33/200: train_loss=0.408094 (batch_avg=0.410563), lr=0.001
INFO:neural_network:Accuracy: 0.8900 (89/100 correct)
INFO:neural_network:  -> Validation accuracy: 0.8900
INFO:neural_network:Epoch 34, Batch 0: loss=0.369975
INFO:neural_network:Epoch 34, Batch 10: loss=0.395397
INFO:neural_network:Epoch 34, Batch 20: loss=0.386724
INFO:neural_network:Epoch 34, Batch 30: loss=0.493183
INFO:neural_network:Epoch 34, Batch 40: loss=0.472963
INFO:neural_network:Epoch 34, Batch 50: loss=0.318383
INFO:neural_network:Epoch 34, Batch 60: loss=0.364976
INFO:neural_network:Epoch 34, Batch 70: loss=0.489542
INFO:neural_network:Epoch 34, Batch 80: loss=0.457504
INFO:neural_network:Epoch 34, Batch 90: loss=0.341842
INFO:neural_network:Epoch 34, Batch 100: loss=0.406711
INFO:neural_network:Epoch 34, Batch 110: loss=0.328861
INFO:neural_network:Epoch 34, Batch 120: loss=0.368910
INFO:neural_network:Epoch 34, Batch 130: loss=0.450024
INFO:neural_network:Epoch 34, Batch 140: loss=0.348622
INFO:neural_network:Epoch 34, Batch 150: loss=0.319939
INFO:neural_network:Epoch 34, Batch 160: loss=0.383244
INFO:neural_network:Epoch 34, Batch 170: loss=0.384651
INFO:neural_network:Epoch 34, Batch 180: loss=0.419735
INFO:neural_network:Epoch 34, Batch 190: loss=0.342802
INFO:neural_network:Epoch 34, Batch 200: loss=0.477755
INFO:neural_network:Epoch 34, Batch 210: loss=0.290195
INFO:neural_network:Epoch 34, Batch 220: loss=0.366153
INFO:neural_network:Epoch 34, Batch 230: loss=0.467951
INFO:neural_network:Epoch 34, Batch 240: loss=0.390091
INFO:neural_network:Epoch 34, Batch 250: loss=0.455636
INFO:neural_network:Epoch 34, Batch 260: loss=0.312138
INFO:neural_network:Epoch 34, Batch 270: loss=0.425918
INFO:neural_network:Epoch 34, Batch 280: loss=0.452937
INFO:neural_network:Epoch 34, Batch 290: loss=0.425003
INFO:neural_network:Epoch   34/200: train_loss=0.403887 (batch_avg=0.406195), lr=0.001
INFO:neural_network:Accuracy: 0.8700 (87/100 correct)
INFO:neural_network:  -> Validation accuracy: 0.8700
INFO:neural_network:Epoch 35, Batch 0: loss=0.326925
INFO:neural_network:Epoch 35, Batch 10: loss=0.372853
INFO:neural_network:Epoch 35, Batch 20: loss=0.411584
INFO:neural_network:Epoch 35, Batch 30: loss=0.368232
INFO:neural_network:Epoch 35, Batch 40: loss=0.335686
INFO:neural_network:Epoch 35, Batch 50: loss=0.331906
INFO:neural_network:Epoch 35, Batch 60: loss=0.276944
INFO:neural_network:Epoch 35, Batch 70: loss=0.329316
INFO:neural_network:Epoch 35, Batch 80: loss=0.478898
INFO:neural_network:Epoch 35, Batch 90: loss=0.386990
INFO:neural_network:Epoch 35, Batch 100: loss=0.477623
INFO:neural_network:Epoch 35, Batch 110: loss=0.336888
INFO:neural_network:Epoch 35, Batch 120: loss=0.329068
INFO:neural_network:Epoch 35, Batch 130: loss=0.388475
INFO:neural_network:Epoch 35, Batch 140: loss=0.298765
INFO:neural_network:Epoch 35, Batch 150: loss=0.315704
INFO:neural_network:Epoch 35, Batch 160: loss=0.444724
INFO:neural_network:Epoch 35, Batch 170: loss=0.420350
INFO:neural_network:Epoch 35, Batch 180: loss=0.384092
INFO:neural_network:Epoch 35, Batch 190: loss=0.371414
INFO:neural_network:Epoch 35, Batch 200: loss=0.351619
INFO:neural_network:Epoch 35, Batch 210: loss=0.366801
INFO:neural_network:Epoch 35, Batch 220: loss=0.462115
INFO:neural_network:Epoch 35, Batch 230: loss=0.578781
INFO:neural_network:Epoch 35, Batch 240: loss=0.395320
INFO:neural_network:Epoch 35, Batch 250: loss=0.413053
INFO:neural_network:Epoch 35, Batch 260: loss=0.435472
INFO:neural_network:Epoch 35, Batch 270: loss=0.445451
INFO:neural_network:Epoch 35, Batch 280: loss=0.393587
INFO:neural_network:Epoch 35, Batch 290: loss=0.393098
INFO:neural_network:Epoch   35/200: train_loss=0.399873 (batch_avg=0.402053), lr=0.001
INFO:neural_network:Accuracy: 0.9300 (93/100 correct)
INFO:neural_network:  -> Validation accuracy: 0.9300
INFO:neural_network:Epoch 36, Batch 0: loss=0.463739
INFO:neural_network:Epoch 36, Batch 10: loss=0.368404
INFO:neural_network:Epoch 36, Batch 20: loss=0.386122
INFO:neural_network:Epoch 36, Batch 30: loss=0.388931
INFO:neural_network:Epoch 36, Batch 40: loss=0.396086
INFO:neural_network:Epoch 36, Batch 50: loss=0.371404
INFO:neural_network:Epoch 36, Batch 60: loss=0.383835
INFO:neural_network:Epoch 36, Batch 70: loss=0.316914
INFO:neural_network:Epoch 36, Batch 80: loss=0.491704
INFO:neural_network:Epoch 36, Batch 90: loss=0.380200
INFO:neural_network:Epoch 36, Batch 100: loss=0.393389
INFO:neural_network:Epoch 36, Batch 110: loss=0.370974
INFO:neural_network:Epoch 36, Batch 120: loss=0.418621
INFO:neural_network:Epoch 36, Batch 130: loss=0.422162
INFO:neural_network:Epoch 36, Batch 140: loss=0.423648
INFO:neural_network:Epoch 36, Batch 150: loss=0.440812
INFO:neural_network:Epoch 36, Batch 160: loss=0.386108
INFO:neural_network:Epoch 36, Batch 170: loss=0.286669
INFO:neural_network:Epoch 36, Batch 180: loss=0.299002
INFO:neural_network:Epoch 36, Batch 190: loss=0.397423
INFO:neural_network:Epoch 36, Batch 200: loss=0.281729
INFO:neural_network:Epoch 36, Batch 210: loss=0.476386
INFO:neural_network:Epoch 36, Batch 220: loss=0.566334
INFO:neural_network:Epoch 36, Batch 230: loss=0.381939
INFO:neural_network:Epoch 36, Batch 240: loss=0.435722
INFO:neural_network:Epoch 36, Batch 250: loss=0.323575
INFO:neural_network:Epoch 36, Batch 260: loss=0.497254
INFO:neural_network:Epoch 36, Batch 270: loss=0.336234
INFO:neural_network:Epoch 36, Batch 280: loss=0.410210
INFO:neural_network:Epoch 36, Batch 290: loss=0.447673
INFO:neural_network:Epoch   36/200: train_loss=0.396072 (batch_avg=0.398141), lr=0.001
INFO:neural_network:Accuracy: 0.9400 (94/100 correct)
INFO:neural_network:  -> Validation accuracy: 0.9400
INFO:neural_network:Epoch 37, Batch 0: loss=0.459141
INFO:neural_network:Epoch 37, Batch 10: loss=0.382951
INFO:neural_network:Epoch 37, Batch 20: loss=0.417915
INFO:neural_network:Epoch 37, Batch 30: loss=0.387085
INFO:neural_network:Epoch 37, Batch 40: loss=0.333401
INFO:neural_network:Epoch 37, Batch 50: loss=0.479713
INFO:neural_network:Epoch 37, Batch 60: loss=0.396009
INFO:neural_network:Epoch 37, Batch 70: loss=0.396701
INFO:neural_network:Epoch 37, Batch 80: loss=0.413504
INFO:neural_network:Epoch 37, Batch 90: loss=0.363298
INFO:neural_network:Epoch 37, Batch 100: loss=0.484097
INFO:neural_network:Epoch 37, Batch 110: loss=0.396973
INFO:neural_network:Epoch 37, Batch 120: loss=0.433784
INFO:neural_network:Epoch 37, Batch 130: loss=0.268311
INFO:neural_network:Epoch 37, Batch 140: loss=0.376362
INFO:neural_network:Epoch 37, Batch 150: loss=0.428340
INFO:neural_network:Epoch 37, Batch 160: loss=0.421227
INFO:neural_network:Epoch 37, Batch 170: loss=0.472021
INFO:neural_network:Epoch 37, Batch 180: loss=0.483448
INFO:neural_network:Epoch 37, Batch 190: loss=0.395365
INFO:neural_network:Epoch 37, Batch 200: loss=0.436933
INFO:neural_network:Epoch 37, Batch 210: loss=0.411597
INFO:neural_network:Epoch 37, Batch 220: loss=0.438018
INFO:neural_network:Epoch 37, Batch 230: loss=0.386367
INFO:neural_network:Epoch 37, Batch 240: loss=0.301968
INFO:neural_network:Epoch 37, Batch 250: loss=0.354778
INFO:neural_network:Epoch 37, Batch 260: loss=0.504326
INFO:neural_network:Epoch 37, Batch 270: loss=0.398815
INFO:neural_network:Epoch 37, Batch 280: loss=0.399913
INFO:neural_network:Epoch 37, Batch 290: loss=0.418917
INFO:neural_network:Epoch   37/200: train_loss=0.392459 (batch_avg=0.394423), lr=0.001
INFO:neural_network:Accuracy: 0.9200 (92/100 correct)
INFO:neural_network:  -> Validation accuracy: 0.9200
INFO:neural_network:Epoch 38, Batch 0: loss=0.467031
INFO:neural_network:Epoch 38, Batch 10: loss=0.374039
INFO:neural_network:Epoch 38, Batch 20: loss=0.375005
INFO:neural_network:Epoch 38, Batch 30: loss=0.379650
INFO:neural_network:Epoch 38, Batch 40: loss=0.349269
INFO:neural_network:Epoch 38, Batch 50: loss=0.425340
INFO:neural_network:Epoch 38, Batch 60: loss=0.423043
INFO:neural_network:Epoch 38, Batch 70: loss=0.311020
INFO:neural_network:Epoch 38, Batch 80: loss=0.340764
INFO:neural_network:Epoch 38, Batch 90: loss=0.334828
INFO:neural_network:Epoch 38, Batch 100: loss=0.365535
INFO:neural_network:Epoch 38, Batch 110: loss=0.406476
INFO:neural_network:Epoch 38, Batch 120: loss=0.349656
INFO:neural_network:Epoch 38, Batch 130: loss=0.444963
INFO:neural_network:Epoch 38, Batch 140: loss=0.361503
INFO:neural_network:Epoch 38, Batch 150: loss=0.403062
INFO:neural_network:Epoch 38, Batch 160: loss=0.347093
INFO:neural_network:Epoch 38, Batch 170: loss=0.378590
INFO:neural_network:Epoch 38, Batch 180: loss=0.327486
INFO:neural_network:Epoch 38, Batch 190: loss=0.395982
INFO:neural_network:Epoch 38, Batch 200: loss=0.412111
INFO:neural_network:Epoch 38, Batch 210: loss=0.367711
INFO:neural_network:Epoch 38, Batch 220: loss=0.352820
INFO:neural_network:Epoch 38, Batch 230: loss=0.406800
INFO:neural_network:Epoch 38, Batch 240: loss=0.310587
INFO:neural_network:Epoch 38, Batch 250: loss=0.396973
INFO:neural_network:Epoch 38, Batch 260: loss=0.422989
INFO:neural_network:Epoch 38, Batch 270: loss=0.405191
INFO:neural_network:Epoch 38, Batch 280: loss=0.454914
INFO:neural_network:Epoch 38, Batch 290: loss=0.395341
INFO:neural_network:Epoch   38/200: train_loss=0.388977 (batch_avg=0.390901), lr=0.001
INFO:neural_network:Accuracy: 0.9100 (91/100 correct)
INFO:neural_network:  -> Validation accuracy: 0.9100
INFO:neural_network:Epoch 39, Batch 0: loss=0.293323
INFO:neural_network:Epoch 39, Batch 10: loss=0.451372
INFO:neural_network:Epoch 39, Batch 20: loss=0.359754
INFO:neural_network:Epoch 39, Batch 30: loss=0.346817
INFO:neural_network:Epoch 39, Batch 40: loss=0.289568
INFO:neural_network:Epoch 39, Batch 50: loss=0.355698
INFO:neural_network:Epoch 39, Batch 60: loss=0.431202
INFO:neural_network:Epoch 39, Batch 70: loss=0.345964
INFO:neural_network:Epoch 39, Batch 80: loss=0.463724
INFO:neural_network:Epoch 39, Batch 90: loss=0.361620
INFO:neural_network:Epoch 39, Batch 100: loss=0.348518
INFO:neural_network:Epoch 39, Batch 110: loss=0.362966
INFO:neural_network:Epoch 39, Batch 120: loss=0.359853
INFO:neural_network:Epoch 39, Batch 130: loss=0.358283
INFO:neural_network:Epoch 39, Batch 140: loss=0.295830
INFO:neural_network:Epoch 39, Batch 150: loss=0.427047
INFO:neural_network:Epoch 39, Batch 160: loss=0.431705
INFO:neural_network:Epoch 39, Batch 170: loss=0.345614
INFO:neural_network:Epoch 39, Batch 180: loss=0.360954
INFO:neural_network:Epoch 39, Batch 190: loss=0.340290
INFO:neural_network:Epoch 39, Batch 200: loss=0.404122
INFO:neural_network:Epoch 39, Batch 210: loss=0.397637
INFO:neural_network:Epoch 39, Batch 220: loss=0.423273
INFO:neural_network:Epoch 39, Batch 230: loss=0.413393
INFO:neural_network:Epoch 39, Batch 240: loss=0.392095
INFO:neural_network:Epoch 39, Batch 250: loss=0.341447
INFO:neural_network:Epoch 39, Batch 260: loss=0.343912
INFO:neural_network:Epoch 39, Batch 270: loss=0.396128
INFO:neural_network:Epoch 39, Batch 280: loss=0.368179
INFO:neural_network:Epoch 39, Batch 290: loss=0.470134
INFO:neural_network:Epoch   39/200: train_loss=0.385624 (batch_avg=0.387484), lr=0.001
INFO:neural_network:Accuracy: 0.8700 (87/100 correct)
INFO:neural_network:  -> Validation accuracy: 0.8700
INFO:neural_network:Epoch 40, Batch 0: loss=0.376580
INFO:neural_network:Epoch 40, Batch 10: loss=0.445975
INFO:neural_network:Epoch 40, Batch 20: loss=0.365616
INFO:neural_network:Epoch 40, Batch 30: loss=0.464347
INFO:neural_network:Epoch 40, Batch 40: loss=0.412206
INFO:neural_network:Epoch 40, Batch 50: loss=0.460955
INFO:neural_network:Epoch 40, Batch 60: loss=0.342000
INFO:neural_network:Epoch 40, Batch 70: loss=0.424387
INFO:neural_network:Epoch 40, Batch 80: loss=0.387771
INFO:neural_network:Epoch 40, Batch 90: loss=0.377086
INFO:neural_network:Epoch 40, Batch 100: loss=0.358211
INFO:neural_network:Epoch 40, Batch 110: loss=0.392391
INFO:neural_network:Epoch 40, Batch 120: loss=0.434084
INFO:neural_network:Epoch 40, Batch 130: loss=0.356202
INFO:neural_network:Epoch 40, Batch 140: loss=0.378233
INFO:neural_network:Epoch 40, Batch 150: loss=0.377367
INFO:neural_network:Epoch 40, Batch 160: loss=0.382638
INFO:neural_network:Epoch 40, Batch 170: loss=0.459928
INFO:neural_network:Epoch 40, Batch 180: loss=0.367052
INFO:neural_network:Epoch 40, Batch 190: loss=0.377028
INFO:neural_network:Epoch 40, Batch 200: loss=0.446891
INFO:neural_network:Epoch 40, Batch 210: loss=0.333920
INFO:neural_network:Epoch 40, Batch 220: loss=0.277292
INFO:neural_network:Epoch 40, Batch 230: loss=0.369799
INFO:neural_network:Epoch 40, Batch 240: loss=0.396353
INFO:neural_network:Epoch 40, Batch 250: loss=0.392130
INFO:neural_network:Epoch 40, Batch 260: loss=0.393997
INFO:neural_network:Epoch 40, Batch 270: loss=0.389155
INFO:neural_network:Epoch 40, Batch 280: loss=0.353293
INFO:neural_network:Epoch 40, Batch 290: loss=0.388547
INFO:neural_network:Epoch   40/200: train_loss=0.382472 (batch_avg=0.384252), lr=0.001
INFO:neural_network:Accuracy: 0.9400 (94/100 correct)
INFO:neural_network:  -> Validation accuracy: 0.9400
INFO:neural_network:Epoch 41, Batch 0: loss=0.281336
INFO:neural_network:Epoch 41, Batch 10: loss=0.381508
INFO:neural_network:Epoch 41, Batch 20: loss=0.415896
INFO:neural_network:Epoch 41, Batch 30: loss=0.421875
INFO:neural_network:Epoch 41, Batch 40: loss=0.393361
INFO:neural_network:Epoch 41, Batch 50: loss=0.411891
INFO:neural_network:Epoch 41, Batch 60: loss=0.409303
INFO:neural_network:Epoch 41, Batch 70: loss=0.404940
INFO:neural_network:Epoch 41, Batch 80: loss=0.296699
INFO:neural_network:Epoch 41, Batch 90: loss=0.293202
INFO:neural_network:Epoch 41, Batch 100: loss=0.383849
INFO:neural_network:Epoch 41, Batch 110: loss=0.406726
INFO:neural_network:Epoch 41, Batch 120: loss=0.349875
INFO:neural_network:Epoch 41, Batch 130: loss=0.377990
INFO:neural_network:Epoch 41, Batch 140: loss=0.346731
INFO:neural_network:Epoch 41, Batch 150: loss=0.381532
INFO:neural_network:Epoch 41, Batch 160: loss=0.372460
INFO:neural_network:Epoch 41, Batch 170: loss=0.418811
INFO:neural_network:Epoch 41, Batch 180: loss=0.386558
INFO:neural_network:Epoch 41, Batch 190: loss=0.403014
INFO:neural_network:Epoch 41, Batch 200: loss=0.365376
INFO:neural_network:Epoch 41, Batch 210: loss=0.381221
INFO:neural_network:Epoch 41, Batch 220: loss=0.416605
INFO:neural_network:Epoch 41, Batch 230: loss=0.474558
INFO:neural_network:Epoch 41, Batch 240: loss=0.466071
INFO:neural_network:Epoch 41, Batch 250: loss=0.355688
INFO:neural_network:Epoch 41, Batch 260: loss=0.394269
INFO:neural_network:Epoch 41, Batch 270: loss=0.456452
INFO:neural_network:Epoch 41, Batch 280: loss=0.357309
INFO:neural_network:Epoch 41, Batch 290: loss=0.301271
INFO:neural_network:Epoch   41/200: train_loss=0.379398 (batch_avg=0.381133), lr=0.001
INFO:neural_network:Accuracy: 0.9100 (91/100 correct)
INFO:neural_network:  -> Validation accuracy: 0.9100
INFO:neural_network:Epoch 42, Batch 0: loss=0.248237
INFO:neural_network:Epoch 42, Batch 10: loss=0.333921
INFO:neural_network:Epoch 42, Batch 20: loss=0.376282
INFO:neural_network:Epoch 42, Batch 30: loss=0.441801
INFO:neural_network:Epoch 42, Batch 40: loss=0.398748
INFO:neural_network:Epoch 42, Batch 50: loss=0.404500
INFO:neural_network:Epoch 42, Batch 60: loss=0.550201
INFO:neural_network:Epoch 42, Batch 70: loss=0.487160
INFO:neural_network:Epoch 42, Batch 80: loss=0.466054
INFO:neural_network:Epoch 42, Batch 90: loss=0.298647
INFO:neural_network:Epoch 42, Batch 100: loss=0.367031
INFO:neural_network:Epoch 42, Batch 110: loss=0.328939
INFO:neural_network:Epoch 42, Batch 120: loss=0.298550
INFO:neural_network:Epoch 42, Batch 130: loss=0.339207
INFO:neural_network:Epoch 42, Batch 140: loss=0.383628
INFO:neural_network:Epoch 42, Batch 150: loss=0.411880
INFO:neural_network:Epoch 42, Batch 160: loss=0.452574
INFO:neural_network:Epoch 42, Batch 170: loss=0.370605
INFO:neural_network:Epoch 42, Batch 180: loss=0.348668
INFO:neural_network:Epoch 42, Batch 190: loss=0.306842
INFO:neural_network:Epoch 42, Batch 200: loss=0.396378
INFO:neural_network:Epoch 42, Batch 210: loss=0.347567
INFO:neural_network:Epoch 42, Batch 220: loss=0.410255
INFO:neural_network:Epoch 42, Batch 230: loss=0.330722
INFO:neural_network:Epoch 42, Batch 240: loss=0.315503
INFO:neural_network:Epoch 42, Batch 250: loss=0.452082
INFO:neural_network:Epoch 42, Batch 260: loss=0.342851
INFO:neural_network:Epoch 42, Batch 270: loss=0.358242
INFO:neural_network:Epoch 42, Batch 280: loss=0.321195
INFO:neural_network:Epoch 42, Batch 290: loss=0.386882
INFO:neural_network:Epoch   42/200: train_loss=0.376499 (batch_avg=0.378150), lr=0.001
INFO:neural_network:Accuracy: 0.8900 (89/100 correct)
INFO:neural_network:  -> Validation accuracy: 0.8900
INFO:neural_network:Epoch 43, Batch 0: loss=0.415555
INFO:neural_network:Epoch 43, Batch 10: loss=0.460137
INFO:neural_network:Epoch 43, Batch 20: loss=0.325865
INFO:neural_network:Epoch 43, Batch 30: loss=0.462837
INFO:neural_network:Epoch 43, Batch 40: loss=0.455084
INFO:neural_network:Epoch 43, Batch 50: loss=0.350266
INFO:neural_network:Epoch 43, Batch 60: loss=0.408260
INFO:neural_network:Epoch 43, Batch 70: loss=0.339144
INFO:neural_network:Epoch 43, Batch 80: loss=0.352489
INFO:neural_network:Epoch 43, Batch 90: loss=0.373578
INFO:neural_network:Epoch 43, Batch 100: loss=0.399858
INFO:neural_network:Epoch 43, Batch 110: loss=0.364213
INFO:neural_network:Epoch 43, Batch 120: loss=0.394381
INFO:neural_network:Epoch 43, Batch 130: loss=0.469027
INFO:neural_network:Epoch 43, Batch 140: loss=0.298611
INFO:neural_network:Epoch 43, Batch 150: loss=0.370200
INFO:neural_network:Epoch 43, Batch 160: loss=0.450728
INFO:neural_network:Epoch 43, Batch 170: loss=0.418404
INFO:neural_network:Epoch 43, Batch 180: loss=0.423066
INFO:neural_network:Epoch 43, Batch 190: loss=0.317741
INFO:neural_network:Epoch 43, Batch 200: loss=0.358799
INFO:neural_network:Epoch 43, Batch 210: loss=0.336179
INFO:neural_network:Epoch 43, Batch 220: loss=0.318364
INFO:neural_network:Epoch 43, Batch 230: loss=0.449683
INFO:neural_network:Epoch 43, Batch 240: loss=0.303568
INFO:neural_network:Epoch 43, Batch 250: loss=0.333100
INFO:neural_network:Epoch 43, Batch 260: loss=0.330706
INFO:neural_network:Epoch 43, Batch 270: loss=0.339920
INFO:neural_network:Epoch 43, Batch 280: loss=0.399478
INFO:neural_network:Epoch 43, Batch 290: loss=0.386097
INFO:neural_network:Epoch   43/200: train_loss=0.373681 (batch_avg=0.375275), lr=0.001
INFO:neural_network:Accuracy: 0.9100 (91/100 correct)
INFO:neural_network:  -> Validation accuracy: 0.9100
INFO:neural_network:Epoch 44, Batch 0: loss=0.388379
INFO:neural_network:Epoch 44, Batch 10: loss=0.315161
INFO:neural_network:Epoch 44, Batch 20: loss=0.501060
INFO:neural_network:Epoch 44, Batch 30: loss=0.301776
INFO:neural_network:Epoch 44, Batch 40: loss=0.448039
INFO:neural_network:Epoch 44, Batch 50: loss=0.353109
INFO:neural_network:Epoch 44, Batch 60: loss=0.337107
INFO:neural_network:Epoch 44, Batch 70: loss=0.519486
INFO:neural_network:Epoch 44, Batch 80: loss=0.355949
INFO:neural_network:Epoch 44, Batch 90: loss=0.419700
INFO:neural_network:Epoch 44, Batch 100: loss=0.342232
INFO:neural_network:Epoch 44, Batch 110: loss=0.343473
INFO:neural_network:Epoch 44, Batch 120: loss=0.326173
INFO:neural_network:Epoch 44, Batch 130: loss=0.405662
INFO:neural_network:Epoch 44, Batch 140: loss=0.397070
INFO:neural_network:Epoch 44, Batch 150: loss=0.269256
INFO:neural_network:Epoch 44, Batch 160: loss=0.359984
INFO:neural_network:Epoch 44, Batch 170: loss=0.374484
INFO:neural_network:Epoch 44, Batch 180: loss=0.342838
INFO:neural_network:Epoch 44, Batch 190: loss=0.430196
INFO:neural_network:Epoch 44, Batch 200: loss=0.344429
INFO:neural_network:Epoch 44, Batch 210: loss=0.334344
INFO:neural_network:Epoch 44, Batch 220: loss=0.383758
INFO:neural_network:Epoch 44, Batch 230: loss=0.364136
INFO:neural_network:Epoch 44, Batch 240: loss=0.409298
INFO:neural_network:Epoch 44, Batch 250: loss=0.349519
INFO:neural_network:Epoch 44, Batch 260: loss=0.347539
INFO:neural_network:Epoch 44, Batch 270: loss=0.324370
INFO:neural_network:Epoch 44, Batch 280: loss=0.268556
INFO:neural_network:Epoch 44, Batch 290: loss=0.483551
INFO:neural_network:Epoch   44/200: train_loss=0.370971 (batch_avg=0.372510), lr=0.001
INFO:neural_network:Accuracy: 0.8900 (89/100 correct)
INFO:neural_network:  -> Validation accuracy: 0.8900
INFO:neural_network:Epoch 45, Batch 0: loss=0.313883
INFO:neural_network:Epoch 45, Batch 10: loss=0.344067
INFO:neural_network:Epoch 45, Batch 20: loss=0.400289
INFO:neural_network:Epoch 45, Batch 30: loss=0.343933
INFO:neural_network:Epoch 45, Batch 40: loss=0.432849
INFO:neural_network:Epoch 45, Batch 50: loss=0.459722
INFO:neural_network:Epoch 45, Batch 60: loss=0.352250
INFO:neural_network:Epoch 45, Batch 70: loss=0.405550
INFO:neural_network:Epoch 45, Batch 80: loss=0.350686
INFO:neural_network:Epoch 45, Batch 90: loss=0.344709
INFO:neural_network:Epoch 45, Batch 100: loss=0.329695
INFO:neural_network:Epoch 45, Batch 110: loss=0.383033
INFO:neural_network:Epoch 45, Batch 120: loss=0.355805
INFO:neural_network:Epoch 45, Batch 130: loss=0.443016
INFO:neural_network:Epoch 45, Batch 140: loss=0.344036
INFO:neural_network:Epoch 45, Batch 150: loss=0.396638
INFO:neural_network:Epoch 45, Batch 160: loss=0.480872
INFO:neural_network:Epoch 45, Batch 170: loss=0.351192
INFO:neural_network:Epoch 45, Batch 180: loss=0.488968
INFO:neural_network:Epoch 45, Batch 190: loss=0.372579
INFO:neural_network:Epoch 45, Batch 200: loss=0.299952
INFO:neural_network:Epoch 45, Batch 210: loss=0.373508
INFO:neural_network:Epoch 45, Batch 220: loss=0.327273
INFO:neural_network:Epoch 45, Batch 230: loss=0.253768
INFO:neural_network:Epoch 45, Batch 240: loss=0.377915
INFO:neural_network:Epoch 45, Batch 250: loss=0.334975
INFO:neural_network:Epoch 45, Batch 260: loss=0.325101
INFO:neural_network:Epoch 45, Batch 270: loss=0.300059
INFO:neural_network:Epoch 45, Batch 280: loss=0.378506
INFO:neural_network:Epoch 45, Batch 290: loss=0.316717
INFO:neural_network:Epoch   45/200: train_loss=0.368327 (batch_avg=0.369850), lr=0.001
INFO:neural_network:Accuracy: 0.9100 (91/100 correct)
INFO:neural_network:  -> Validation accuracy: 0.9100
INFO:neural_network:Epoch 46, Batch 0: loss=0.395736
INFO:neural_network:Epoch 46, Batch 10: loss=0.470758
INFO:neural_network:Epoch 46, Batch 20: loss=0.398563
INFO:neural_network:Epoch 46, Batch 30: loss=0.489474
INFO:neural_network:Epoch 46, Batch 40: loss=0.375539
INFO:neural_network:Epoch 46, Batch 50: loss=0.408043
INFO:neural_network:Epoch 46, Batch 60: loss=0.303402
INFO:neural_network:Epoch 46, Batch 70: loss=0.524926
INFO:neural_network:Epoch 46, Batch 80: loss=0.361228
INFO:neural_network:Epoch 46, Batch 90: loss=0.394605
INFO:neural_network:Epoch 46, Batch 100: loss=0.405377
INFO:neural_network:Epoch 46, Batch 110: loss=0.325175
INFO:neural_network:Epoch 46, Batch 120: loss=0.530196
INFO:neural_network:Epoch 46, Batch 130: loss=0.300754
INFO:neural_network:Epoch 46, Batch 140: loss=0.316707
INFO:neural_network:Epoch 46, Batch 150: loss=0.335026
INFO:neural_network:Epoch 46, Batch 160: loss=0.310911
INFO:neural_network:Epoch 46, Batch 170: loss=0.312200
INFO:neural_network:Epoch 46, Batch 180: loss=0.460134
INFO:neural_network:Epoch 46, Batch 190: loss=0.390343
INFO:neural_network:Epoch 46, Batch 200: loss=0.293903
INFO:neural_network:Epoch 46, Batch 210: loss=0.404865
INFO:neural_network:Epoch 46, Batch 220: loss=0.376080
INFO:neural_network:Epoch 46, Batch 230: loss=0.367552
INFO:neural_network:Epoch 46, Batch 240: loss=0.380259
INFO:neural_network:Epoch 46, Batch 250: loss=0.370591
INFO:neural_network:Epoch 46, Batch 260: loss=0.320400
INFO:neural_network:Epoch 46, Batch 270: loss=0.358065
INFO:neural_network:Epoch 46, Batch 280: loss=0.335719
INFO:neural_network:Epoch 46, Batch 290: loss=0.322645
INFO:neural_network:Epoch   46/200: train_loss=0.365808 (batch_avg=0.367285), lr=0.001
INFO:neural_network:Accuracy: 0.8900 (89/100 correct)
INFO:neural_network:  -> Validation accuracy: 0.8900
INFO:neural_network:Epoch 47, Batch 0: loss=0.270570
INFO:neural_network:Epoch 47, Batch 10: loss=0.344537
INFO:neural_network:Epoch 47, Batch 20: loss=0.299802
INFO:neural_network:Epoch 47, Batch 30: loss=0.397430
INFO:neural_network:Epoch 47, Batch 40: loss=0.415727
INFO:neural_network:Epoch 47, Batch 50: loss=0.304197
INFO:neural_network:Epoch 47, Batch 60: loss=0.336860
INFO:neural_network:Epoch 47, Batch 70: loss=0.422348
INFO:neural_network:Epoch 47, Batch 80: loss=0.293305
INFO:neural_network:Epoch 47, Batch 90: loss=0.413523
INFO:neural_network:Epoch 47, Batch 100: loss=0.304331
INFO:neural_network:Epoch 47, Batch 110: loss=0.407774
INFO:neural_network:Epoch 47, Batch 120: loss=0.338365
INFO:neural_network:Epoch 47, Batch 130: loss=0.411439
INFO:neural_network:Epoch 47, Batch 140: loss=0.307548
INFO:neural_network:Epoch 47, Batch 150: loss=0.321458
INFO:neural_network:Epoch 47, Batch 160: loss=0.337576
INFO:neural_network:Epoch 47, Batch 170: loss=0.341034
INFO:neural_network:Epoch 47, Batch 180: loss=0.288043
INFO:neural_network:Epoch 47, Batch 190: loss=0.377687
INFO:neural_network:Epoch 47, Batch 200: loss=0.288137
INFO:neural_network:Epoch 47, Batch 210: loss=0.429059
INFO:neural_network:Epoch 47, Batch 220: loss=0.394699
INFO:neural_network:Epoch 47, Batch 230: loss=0.393421
INFO:neural_network:Epoch 47, Batch 240: loss=0.412667
INFO:neural_network:Epoch 47, Batch 250: loss=0.354216
INFO:neural_network:Epoch 47, Batch 260: loss=0.438386
INFO:neural_network:Epoch 47, Batch 270: loss=0.323202
INFO:neural_network:Epoch 47, Batch 280: loss=0.371609
INFO:neural_network:Epoch 47, Batch 290: loss=0.520778
INFO:neural_network:Epoch   47/200: train_loss=0.363381 (batch_avg=0.364792), lr=0.001
INFO:neural_network:Accuracy: 0.8800 (88/100 correct)
INFO:neural_network:  -> Validation accuracy: 0.8800
INFO:neural_network:Epoch 48, Batch 0: loss=0.438517
INFO:neural_network:Epoch 48, Batch 10: loss=0.307609
INFO:neural_network:Epoch 48, Batch 20: loss=0.368793
INFO:neural_network:Epoch 48, Batch 30: loss=0.355422
INFO:neural_network:Epoch 48, Batch 40: loss=0.381627
INFO:neural_network:Epoch 48, Batch 50: loss=0.297902
INFO:neural_network:Epoch 48, Batch 60: loss=0.323433
INFO:neural_network:Epoch 48, Batch 70: loss=0.278550
INFO:neural_network:Epoch 48, Batch 80: loss=0.398139
INFO:neural_network:Epoch 48, Batch 90: loss=0.365689
INFO:neural_network:Epoch 48, Batch 100: loss=0.302353
INFO:neural_network:Epoch 48, Batch 110: loss=0.258391
INFO:neural_network:Epoch 48, Batch 120: loss=0.408924
INFO:neural_network:Epoch 48, Batch 130: loss=0.414158
INFO:neural_network:Epoch 48, Batch 140: loss=0.405113
INFO:neural_network:Epoch 48, Batch 150: loss=0.277835
INFO:neural_network:Epoch 48, Batch 160: loss=0.334628
INFO:neural_network:Epoch 48, Batch 170: loss=0.381949
INFO:neural_network:Epoch 48, Batch 180: loss=0.308897
INFO:neural_network:Epoch 48, Batch 190: loss=0.308555
INFO:neural_network:Epoch 48, Batch 200: loss=0.387114
INFO:neural_network:Epoch 48, Batch 210: loss=0.361687
INFO:neural_network:Epoch 48, Batch 220: loss=0.425302
INFO:neural_network:Epoch 48, Batch 230: loss=0.376447
INFO:neural_network:Epoch 48, Batch 240: loss=0.379887
INFO:neural_network:Epoch 48, Batch 250: loss=0.405262
INFO:neural_network:Epoch 48, Batch 260: loss=0.265298
INFO:neural_network:Epoch 48, Batch 270: loss=0.394690
INFO:neural_network:Epoch 48, Batch 280: loss=0.444964
INFO:neural_network:Epoch 48, Batch 290: loss=0.359325
INFO:neural_network:Epoch   48/200: train_loss=0.361043 (batch_avg=0.362371), lr=0.001
INFO:neural_network:Accuracy: 0.8900 (89/100 correct)
INFO:neural_network:  -> Validation accuracy: 0.8900
INFO:neural_network:Epoch 49, Batch 0: loss=0.347599
INFO:neural_network:Epoch 49, Batch 10: loss=0.349915
INFO:neural_network:Epoch 49, Batch 20: loss=0.356257
INFO:neural_network:Epoch 49, Batch 30: loss=0.349653
INFO:neural_network:Epoch 49, Batch 40: loss=0.370221
INFO:neural_network:Epoch 49, Batch 50: loss=0.369461
INFO:neural_network:Epoch 49, Batch 60: loss=0.395452
INFO:neural_network:Epoch 49, Batch 70: loss=0.350612
INFO:neural_network:Epoch 49, Batch 80: loss=0.318733
INFO:neural_network:Epoch 49, Batch 90: loss=0.467217
INFO:neural_network:Epoch 49, Batch 100: loss=0.434872
INFO:neural_network:Epoch 49, Batch 110: loss=0.333525
INFO:neural_network:Epoch 49, Batch 120: loss=0.278553
INFO:neural_network:Epoch 49, Batch 130: loss=0.304761
INFO:neural_network:Epoch 49, Batch 140: loss=0.393209
INFO:neural_network:Epoch 49, Batch 150: loss=0.364807
INFO:neural_network:Epoch 49, Batch 160: loss=0.354052
INFO:neural_network:Epoch 49, Batch 170: loss=0.379694
INFO:neural_network:Epoch 49, Batch 180: loss=0.434254
INFO:neural_network:Epoch 49, Batch 190: loss=0.300849
INFO:neural_network:Epoch 49, Batch 200: loss=0.289800
INFO:neural_network:Epoch 49, Batch 210: loss=0.363905
INFO:neural_network:Epoch 49, Batch 220: loss=0.337419
INFO:neural_network:Epoch 49, Batch 230: loss=0.352747
INFO:neural_network:Epoch 49, Batch 240: loss=0.263428
INFO:neural_network:Epoch 49, Batch 250: loss=0.299747
INFO:neural_network:Epoch 49, Batch 260: loss=0.205129
INFO:neural_network:Epoch 49, Batch 270: loss=0.352018
INFO:neural_network:Epoch 49, Batch 280: loss=0.424365
INFO:neural_network:Epoch 49, Batch 290: loss=0.305624
INFO:neural_network:Epoch   49/200: train_loss=0.358713 (batch_avg=0.360047), lr=0.001
INFO:neural_network:Accuracy: 0.9200 (92/100 correct)
INFO:neural_network:  -> Validation accuracy: 0.9200
INFO:neural_network:Epoch 50, Batch 0: loss=0.334007
INFO:neural_network:Epoch 50, Batch 10: loss=0.296205
INFO:neural_network:Epoch 50, Batch 20: loss=0.392226
INFO:neural_network:Epoch 50, Batch 30: loss=0.395303
INFO:neural_network:Epoch 50, Batch 40: loss=0.339631
INFO:neural_network:Epoch 50, Batch 50: loss=0.434723
INFO:neural_network:Epoch 50, Batch 60: loss=0.285874
INFO:neural_network:Epoch 50, Batch 70: loss=0.405322
INFO:neural_network:Epoch 50, Batch 80: loss=0.408454
INFO:neural_network:Epoch 50, Batch 90: loss=0.440523
INFO:neural_network:Epoch 50, Batch 100: loss=0.295656
INFO:neural_network:Epoch 50, Batch 110: loss=0.325957
INFO:neural_network:Epoch 50, Batch 120: loss=0.334752
INFO:neural_network:Epoch 50, Batch 130: loss=0.308456
INFO:neural_network:Epoch 50, Batch 140: loss=0.361562
INFO:neural_network:Epoch 50, Batch 150: loss=0.388012
INFO:neural_network:Epoch 50, Batch 160: loss=0.288269
INFO:neural_network:Epoch 50, Batch 170: loss=0.420847
INFO:neural_network:Epoch 50, Batch 180: loss=0.354457
INFO:neural_network:Epoch 50, Batch 190: loss=0.311991
INFO:neural_network:Epoch 50, Batch 200: loss=0.387052
INFO:neural_network:Epoch 50, Batch 210: loss=0.304639
INFO:neural_network:Epoch 50, Batch 220: loss=0.339746
INFO:neural_network:Epoch 50, Batch 230: loss=0.238035
INFO:neural_network:Epoch 50, Batch 240: loss=0.367169
INFO:neural_network:Epoch 50, Batch 250: loss=0.426319
INFO:neural_network:Epoch 50, Batch 260: loss=0.318038
INFO:neural_network:Epoch 50, Batch 270: loss=0.390622
INFO:neural_network:Epoch 50, Batch 280: loss=0.340063
INFO:neural_network:Epoch 50, Batch 290: loss=0.350325
INFO:neural_network:Epoch   50/200: train_loss=0.356447 (batch_avg=0.357789), lr=0.001
INFO:neural_network:Accuracy: 0.8800 (88/100 correct)
INFO:neural_network:  -> Validation accuracy: 0.8800
INFO:neural_network:Epoch 51, Batch 0: loss=0.329854
INFO:neural_network:Epoch 51, Batch 10: loss=0.438671
INFO:neural_network:Epoch 51, Batch 20: loss=0.298712
INFO:neural_network:Epoch 51, Batch 30: loss=0.385030
INFO:neural_network:Epoch 51, Batch 40: loss=0.428754
INFO:neural_network:Epoch 51, Batch 50: loss=0.340860
INFO:neural_network:Epoch 51, Batch 60: loss=0.384275
INFO:neural_network:Epoch 51, Batch 70: loss=0.332808
INFO:neural_network:Epoch 51, Batch 80: loss=0.417344
INFO:neural_network:Epoch 51, Batch 90: loss=0.407062
INFO:neural_network:Epoch 51, Batch 100: loss=0.257839
INFO:neural_network:Epoch 51, Batch 110: loss=0.407238
INFO:neural_network:Epoch 51, Batch 120: loss=0.406130
INFO:neural_network:Epoch 51, Batch 130: loss=0.359172
INFO:neural_network:Epoch 51, Batch 140: loss=0.336422
INFO:neural_network:Epoch 51, Batch 150: loss=0.353502
INFO:neural_network:Epoch 51, Batch 160: loss=0.426190
INFO:neural_network:Epoch 51, Batch 170: loss=0.366073
INFO:neural_network:Epoch 51, Batch 180: loss=0.341490
INFO:neural_network:Epoch 51, Batch 190: loss=0.293302
INFO:neural_network:Epoch 51, Batch 200: loss=0.421280
INFO:neural_network:Epoch 51, Batch 210: loss=0.277373
INFO:neural_network:Epoch 51, Batch 220: loss=0.300342
INFO:neural_network:Epoch 51, Batch 230: loss=0.329251
INFO:neural_network:Epoch 51, Batch 240: loss=0.426915
INFO:neural_network:Epoch 51, Batch 250: loss=0.305948
INFO:neural_network:Epoch 51, Batch 260: loss=0.408811
INFO:neural_network:Epoch 51, Batch 270: loss=0.298046
INFO:neural_network:Epoch 51, Batch 280: loss=0.272810
INFO:neural_network:Epoch 51, Batch 290: loss=0.284925
INFO:neural_network:Epoch   51/200: train_loss=0.354271 (batch_avg=0.355574), lr=0.001
INFO:neural_network:Accuracy: 0.9000 (90/100 correct)
INFO:neural_network:  -> Validation accuracy: 0.9000
INFO:neural_network:Epoch 52, Batch 0: loss=0.295929
INFO:neural_network:Epoch 52, Batch 10: loss=0.487177
INFO:neural_network:Epoch 52, Batch 20: loss=0.424473
INFO:neural_network:Epoch 52, Batch 30: loss=0.302267
INFO:neural_network:Epoch 52, Batch 40: loss=0.439977
INFO:neural_network:Epoch 52, Batch 50: loss=0.365477
INFO:neural_network:Epoch 52, Batch 60: loss=0.396191
INFO:neural_network:Epoch 52, Batch 70: loss=0.330089
INFO:neural_network:Epoch 52, Batch 80: loss=0.448502
INFO:neural_network:Epoch 52, Batch 90: loss=0.339221
INFO:neural_network:Epoch 52, Batch 100: loss=0.335357
INFO:neural_network:Epoch 52, Batch 110: loss=0.339204
INFO:neural_network:Epoch 52, Batch 120: loss=0.371810
INFO:neural_network:Epoch 52, Batch 130: loss=0.337475
INFO:neural_network:Epoch 52, Batch 140: loss=0.415974
INFO:neural_network:Epoch 52, Batch 150: loss=0.488759
INFO:neural_network:Epoch 52, Batch 160: loss=0.367623
INFO:neural_network:Epoch 52, Batch 170: loss=0.358117
INFO:neural_network:Epoch 52, Batch 180: loss=0.370046
INFO:neural_network:Epoch 52, Batch 190: loss=0.327037
INFO:neural_network:Epoch 52, Batch 200: loss=0.336285
INFO:neural_network:Epoch 52, Batch 210: loss=0.337864
INFO:neural_network:Epoch 52, Batch 220: loss=0.328565
INFO:neural_network:Epoch 52, Batch 230: loss=0.342533
INFO:neural_network:Epoch 52, Batch 240: loss=0.359151
INFO:neural_network:Epoch 52, Batch 250: loss=0.398155
INFO:neural_network:Epoch 52, Batch 260: loss=0.390065
INFO:neural_network:Epoch 52, Batch 270: loss=0.368441
INFO:neural_network:Epoch 52, Batch 280: loss=0.404353
INFO:neural_network:Epoch 52, Batch 290: loss=0.405100
INFO:neural_network:Epoch   52/200: train_loss=0.352174 (batch_avg=0.353417), lr=0.001
INFO:neural_network:Accuracy: 0.9300 (93/100 correct)
INFO:neural_network:  -> Validation accuracy: 0.9300
INFO:neural_network:Epoch 53, Batch 0: loss=0.334338
INFO:neural_network:Epoch 53, Batch 10: loss=0.314261
INFO:neural_network:Epoch 53, Batch 20: loss=0.363864
INFO:neural_network:Epoch 53, Batch 30: loss=0.341113
INFO:neural_network:Epoch 53, Batch 40: loss=0.408357
INFO:neural_network:Epoch 53, Batch 50: loss=0.314850
INFO:neural_network:Epoch 53, Batch 60: loss=0.393037
INFO:neural_network:Epoch 53, Batch 70: loss=0.242094
INFO:neural_network:Epoch 53, Batch 80: loss=0.349649
INFO:neural_network:Epoch 53, Batch 90: loss=0.325589
INFO:neural_network:Epoch 53, Batch 100: loss=0.421538
INFO:neural_network:Epoch 53, Batch 110: loss=0.337183
INFO:neural_network:Epoch 53, Batch 120: loss=0.261807
INFO:neural_network:Epoch 53, Batch 130: loss=0.310985
INFO:neural_network:Epoch 53, Batch 140: loss=0.314707
INFO:neural_network:Epoch 53, Batch 150: loss=0.320616
INFO:neural_network:Epoch 53, Batch 160: loss=0.390429
INFO:neural_network:Epoch 53, Batch 170: loss=0.362612
INFO:neural_network:Epoch 53, Batch 180: loss=0.407698
INFO:neural_network:Epoch 53, Batch 190: loss=0.307922
INFO:neural_network:Epoch 53, Batch 200: loss=0.449356
INFO:neural_network:Epoch 53, Batch 210: loss=0.294876
INFO:neural_network:Epoch 53, Batch 220: loss=0.293561
INFO:neural_network:Epoch 53, Batch 230: loss=0.293316
INFO:neural_network:Epoch 53, Batch 240: loss=0.321899
INFO:neural_network:Epoch 53, Batch 250: loss=0.458203
INFO:neural_network:Epoch 53, Batch 260: loss=0.341244
INFO:neural_network:Epoch 53, Batch 270: loss=0.376165
INFO:neural_network:Epoch 53, Batch 280: loss=0.384977
INFO:neural_network:Epoch 53, Batch 290: loss=0.252962
INFO:neural_network:Epoch   53/200: train_loss=0.350128 (batch_avg=0.351349), lr=0.001
INFO:neural_network:Accuracy: 0.8600 (86/100 correct)
INFO:neural_network:  -> Validation accuracy: 0.8600
INFO:neural_network:Epoch 54, Batch 0: loss=0.348820
INFO:neural_network:Epoch 54, Batch 10: loss=0.353722
INFO:neural_network:Epoch 54, Batch 20: loss=0.390460
INFO:neural_network:Epoch 54, Batch 30: loss=0.348298
INFO:neural_network:Epoch 54, Batch 40: loss=0.475416
INFO:neural_network:Epoch 54, Batch 50: loss=0.297521
INFO:neural_network:Epoch 54, Batch 60: loss=0.425729
INFO:neural_network:Epoch 54, Batch 70: loss=0.361896
INFO:neural_network:Epoch 54, Batch 80: loss=0.345947
INFO:neural_network:Epoch 54, Batch 90: loss=0.263785
INFO:neural_network:Epoch 54, Batch 100: loss=0.412580
INFO:neural_network:Epoch 54, Batch 110: loss=0.328622
INFO:neural_network:Epoch 54, Batch 120: loss=0.344318
INFO:neural_network:Epoch 54, Batch 130: loss=0.428357
INFO:neural_network:Epoch 54, Batch 140: loss=0.378476
INFO:neural_network:Epoch 54, Batch 150: loss=0.347087
INFO:neural_network:Epoch 54, Batch 160: loss=0.287793
INFO:neural_network:Epoch 54, Batch 170: loss=0.354586
INFO:neural_network:Epoch 54, Batch 180: loss=0.307244
INFO:neural_network:Epoch 54, Batch 190: loss=0.363172
INFO:neural_network:Epoch 54, Batch 200: loss=0.201862
INFO:neural_network:Epoch 54, Batch 210: loss=0.461168
INFO:neural_network:Epoch 54, Batch 220: loss=0.319531
INFO:neural_network:Epoch 54, Batch 230: loss=0.398609
INFO:neural_network:Epoch 54, Batch 240: loss=0.263225
INFO:neural_network:Epoch 54, Batch 250: loss=0.297235
INFO:neural_network:Epoch 54, Batch 260: loss=0.314978
INFO:neural_network:Epoch 54, Batch 270: loss=0.376468
INFO:neural_network:Epoch 54, Batch 280: loss=0.341582
INFO:neural_network:Epoch 54, Batch 290: loss=0.315589
INFO:neural_network:Epoch   54/200: train_loss=0.348132 (batch_avg=0.349326), lr=0.001
INFO:neural_network:Accuracy: 0.9500 (95/100 correct)
INFO:neural_network:  -> Validation accuracy: 0.9500
INFO:neural_network:Epoch 55, Batch 0: loss=0.452403
INFO:neural_network:Epoch 55, Batch 10: loss=0.280581
INFO:neural_network:Epoch 55, Batch 20: loss=0.313780
INFO:neural_network:Epoch 55, Batch 30: loss=0.283250
INFO:neural_network:Epoch 55, Batch 40: loss=0.223068
INFO:neural_network:Epoch 55, Batch 50: loss=0.283036
INFO:neural_network:Epoch 55, Batch 60: loss=0.381968
INFO:neural_network:Epoch 55, Batch 70: loss=0.289614
INFO:neural_network:Epoch 55, Batch 80: loss=0.248874
INFO:neural_network:Epoch 55, Batch 90: loss=0.235549
INFO:neural_network:Epoch 55, Batch 100: loss=0.308209
INFO:neural_network:Epoch 55, Batch 110: loss=0.287079
INFO:neural_network:Epoch 55, Batch 120: loss=0.348628
INFO:neural_network:Epoch 55, Batch 130: loss=0.322622
INFO:neural_network:Epoch 55, Batch 140: loss=0.316666
INFO:neural_network:Epoch 55, Batch 150: loss=0.345915
INFO:neural_network:Epoch 55, Batch 160: loss=0.407930
INFO:neural_network:Epoch 55, Batch 170: loss=0.388812
INFO:neural_network:Epoch 55, Batch 180: loss=0.352281
INFO:neural_network:Epoch 55, Batch 190: loss=0.425878
INFO:neural_network:Epoch 55, Batch 200: loss=0.285645
INFO:neural_network:Epoch 55, Batch 210: loss=0.281381
INFO:neural_network:Epoch 55, Batch 220: loss=0.280991
INFO:neural_network:Epoch 55, Batch 230: loss=0.292460
INFO:neural_network:Epoch 55, Batch 240: loss=0.330658
INFO:neural_network:Epoch 55, Batch 250: loss=0.313693
INFO:neural_network:Epoch 55, Batch 260: loss=0.340848
INFO:neural_network:Epoch 55, Batch 270: loss=0.342008
INFO:neural_network:Epoch 55, Batch 280: loss=0.272182
INFO:neural_network:Epoch 55, Batch 290: loss=0.477789
INFO:neural_network:Epoch   55/200: train_loss=0.346162 (batch_avg=0.347327), lr=0.001
INFO:neural_network:Accuracy: 0.9400 (94/100 correct)
INFO:neural_network:  -> Validation accuracy: 0.9400
INFO:neural_network:Epoch 56, Batch 0: loss=0.323175
INFO:neural_network:Epoch 56, Batch 10: loss=0.280292
INFO:neural_network:Epoch 56, Batch 20: loss=0.292579
INFO:neural_network:Epoch 56, Batch 30: loss=0.399384
INFO:neural_network:Epoch 56, Batch 40: loss=0.357421
INFO:neural_network:Epoch 56, Batch 50: loss=0.445822
INFO:neural_network:Epoch 56, Batch 60: loss=0.376638
INFO:neural_network:Epoch 56, Batch 70: loss=0.258136
INFO:neural_network:Epoch 56, Batch 80: loss=0.268087
INFO:neural_network:Epoch 56, Batch 90: loss=0.311350
INFO:neural_network:Epoch 56, Batch 100: loss=0.400440
INFO:neural_network:Epoch 56, Batch 110: loss=0.380998
INFO:neural_network:Epoch 56, Batch 120: loss=0.306332
INFO:neural_network:Epoch 56, Batch 130: loss=0.373340
INFO:neural_network:Epoch 56, Batch 140: loss=0.289592
INFO:neural_network:Epoch 56, Batch 150: loss=0.372919
INFO:neural_network:Epoch 56, Batch 160: loss=0.438507
INFO:neural_network:Epoch 56, Batch 170: loss=0.355367
INFO:neural_network:Epoch 56, Batch 180: loss=0.420289
INFO:neural_network:Epoch 56, Batch 190: loss=0.382680
INFO:neural_network:Epoch 56, Batch 200: loss=0.364368
INFO:neural_network:Epoch 56, Batch 210: loss=0.401197
INFO:neural_network:Epoch 56, Batch 220: loss=0.402089
INFO:neural_network:Epoch 56, Batch 230: loss=0.435992
INFO:neural_network:Epoch 56, Batch 240: loss=0.290719
INFO:neural_network:Epoch 56, Batch 250: loss=0.425312
INFO:neural_network:Epoch 56, Batch 260: loss=0.362823
INFO:neural_network:Epoch 56, Batch 270: loss=0.422207
INFO:neural_network:Epoch 56, Batch 280: loss=0.332674
INFO:neural_network:Epoch 56, Batch 290: loss=0.323669
INFO:neural_network:Epoch   56/200: train_loss=0.344248 (batch_avg=0.345376), lr=0.001
INFO:neural_network:Accuracy: 0.8400 (84/100 correct)
INFO:neural_network:  -> Validation accuracy: 0.8400
INFO:neural_network:Epoch 57, Batch 0: loss=0.297634
INFO:neural_network:Epoch 57, Batch 10: loss=0.349879
INFO:neural_network:Epoch 57, Batch 20: loss=0.314191
INFO:neural_network:Epoch 57, Batch 30: loss=0.285904
INFO:neural_network:Epoch 57, Batch 40: loss=0.329552
INFO:neural_network:Epoch 57, Batch 50: loss=0.286637
INFO:neural_network:Epoch 57, Batch 60: loss=0.320559
INFO:neural_network:Epoch 57, Batch 70: loss=0.317425
INFO:neural_network:Epoch 57, Batch 80: loss=0.318746
INFO:neural_network:Epoch 57, Batch 90: loss=0.414781
INFO:neural_network:Epoch 57, Batch 100: loss=0.342014
INFO:neural_network:Epoch 57, Batch 110: loss=0.320750
INFO:neural_network:Epoch 57, Batch 120: loss=0.268178
INFO:neural_network:Epoch 57, Batch 130: loss=0.343716
INFO:neural_network:Epoch 57, Batch 140: loss=0.258353
INFO:neural_network:Epoch 57, Batch 150: loss=0.305796
INFO:neural_network:Epoch 57, Batch 160: loss=0.319847
INFO:neural_network:Epoch 57, Batch 170: loss=0.354827
INFO:neural_network:Epoch 57, Batch 180: loss=0.235513
INFO:neural_network:Epoch 57, Batch 190: loss=0.414515
INFO:neural_network:Epoch 57, Batch 200: loss=0.336166
INFO:neural_network:Epoch 57, Batch 210: loss=0.329498
INFO:neural_network:Epoch 57, Batch 220: loss=0.325166
INFO:neural_network:Epoch 57, Batch 230: loss=0.362003
INFO:neural_network:Epoch 57, Batch 240: loss=0.315451
INFO:neural_network:Epoch 57, Batch 250: loss=0.313804
INFO:neural_network:Epoch 57, Batch 260: loss=0.386230
INFO:neural_network:Epoch 57, Batch 270: loss=0.315607
INFO:neural_network:Epoch 57, Batch 280: loss=0.303380
INFO:neural_network:Epoch 57, Batch 290: loss=0.455841
INFO:neural_network:Epoch   57/200: train_loss=0.342390 (batch_avg=0.343518), lr=0.001
INFO:neural_network:Accuracy: 0.9300 (93/100 correct)
INFO:neural_network:  -> Validation accuracy: 0.9300
INFO:neural_network:Epoch 58, Batch 0: loss=0.269491
INFO:neural_network:Epoch 58, Batch 10: loss=0.284626
INFO:neural_network:Epoch 58, Batch 20: loss=0.299875
INFO:neural_network:Epoch 58, Batch 30: loss=0.392536
INFO:neural_network:Epoch 58, Batch 40: loss=0.361102
INFO:neural_network:Epoch 58, Batch 50: loss=0.360388
INFO:neural_network:Epoch 58, Batch 60: loss=0.330062
INFO:neural_network:Epoch 58, Batch 70: loss=0.269801
INFO:neural_network:Epoch 58, Batch 80: loss=0.284544
INFO:neural_network:Epoch 58, Batch 90: loss=0.245214
INFO:neural_network:Epoch 58, Batch 100: loss=0.306977
INFO:neural_network:Epoch 58, Batch 110: loss=0.431213
INFO:neural_network:Epoch 58, Batch 120: loss=0.367783
INFO:neural_network:Epoch 58, Batch 130: loss=0.404482
INFO:neural_network:Epoch 58, Batch 140: loss=0.403180
INFO:neural_network:Epoch 58, Batch 150: loss=0.414761
INFO:neural_network:Epoch 58, Batch 160: loss=0.316468
INFO:neural_network:Epoch 58, Batch 170: loss=0.343168
INFO:neural_network:Epoch 58, Batch 180: loss=0.316022
INFO:neural_network:Epoch 58, Batch 190: loss=0.286417
INFO:neural_network:Epoch 58, Batch 200: loss=0.301298
INFO:neural_network:Epoch 58, Batch 210: loss=0.264626
INFO:neural_network:Epoch 58, Batch 220: loss=0.283394
INFO:neural_network:Epoch 58, Batch 230: loss=0.389340
INFO:neural_network:Epoch 58, Batch 240: loss=0.405717
INFO:neural_network:Epoch 58, Batch 250: loss=0.364891
INFO:neural_network:Epoch 58, Batch 260: loss=0.356919
INFO:neural_network:Epoch 58, Batch 270: loss=0.365586
INFO:neural_network:Epoch 58, Batch 280: loss=0.387444
INFO:neural_network:Epoch 58, Batch 290: loss=0.308553
INFO:neural_network:Epoch   58/200: train_loss=0.340554 (batch_avg=0.341693), lr=0.001
INFO:neural_network:Accuracy: 0.9200 (92/100 correct)
INFO:neural_network:  -> Validation accuracy: 0.9200
INFO:neural_network:Epoch 59, Batch 0: loss=0.244796
INFO:neural_network:Epoch 59, Batch 10: loss=0.337140
INFO:neural_network:Epoch 59, Batch 20: loss=0.284907
INFO:neural_network:Epoch 59, Batch 30: loss=0.327559
INFO:neural_network:Epoch 59, Batch 40: loss=0.345346
INFO:neural_network:Epoch 59, Batch 50: loss=0.307326
INFO:neural_network:Epoch 59, Batch 60: loss=0.308061
INFO:neural_network:Epoch 59, Batch 70: loss=0.346126
INFO:neural_network:Epoch 59, Batch 80: loss=0.285378
INFO:neural_network:Epoch 59, Batch 90: loss=0.440473
INFO:neural_network:Epoch 59, Batch 100: loss=0.228092
INFO:neural_network:Epoch 59, Batch 110: loss=0.350154
INFO:neural_network:Epoch 59, Batch 120: loss=0.428549
INFO:neural_network:Epoch 59, Batch 130: loss=0.276552
INFO:neural_network:Epoch 59, Batch 140: loss=0.408275
INFO:neural_network:Epoch 59, Batch 150: loss=0.455656
INFO:neural_network:Epoch 59, Batch 160: loss=0.360714
INFO:neural_network:Epoch 59, Batch 170: loss=0.404843
INFO:neural_network:Epoch 59, Batch 180: loss=0.417927
INFO:neural_network:Epoch 59, Batch 190: loss=0.291920
INFO:neural_network:Epoch 59, Batch 200: loss=0.432547
INFO:neural_network:Epoch 59, Batch 210: loss=0.409737
INFO:neural_network:Epoch 59, Batch 220: loss=0.333920
INFO:neural_network:Epoch 59, Batch 230: loss=0.235198
INFO:neural_network:Epoch 59, Batch 240: loss=0.283282
INFO:neural_network:Epoch 59, Batch 250: loss=0.343954
INFO:neural_network:Epoch 59, Batch 260: loss=0.384060
INFO:neural_network:Epoch 59, Batch 270: loss=0.330794
INFO:neural_network:Epoch 59, Batch 280: loss=0.504840
INFO:neural_network:Epoch 59, Batch 290: loss=0.408335
INFO:neural_network:Epoch   59/200: train_loss=0.338805 (batch_avg=0.339889), lr=0.001
INFO:neural_network:Accuracy: 0.9400 (94/100 correct)
INFO:neural_network:  -> Validation accuracy: 0.9400
INFO:neural_network:Epoch 60, Batch 0: loss=0.401059
INFO:neural_network:Epoch 60, Batch 10: loss=0.264305
INFO:neural_network:Epoch 60, Batch 20: loss=0.388702
INFO:neural_network:Epoch 60, Batch 30: loss=0.346835
INFO:neural_network:Epoch 60, Batch 40: loss=0.336423
INFO:neural_network:Epoch 60, Batch 50: loss=0.369301
INFO:neural_network:Epoch 60, Batch 60: loss=0.304554
INFO:neural_network:Epoch 60, Batch 70: loss=0.329404
INFO:neural_network:Epoch 60, Batch 80: loss=0.342333
INFO:neural_network:Epoch 60, Batch 90: loss=0.363022
INFO:neural_network:Epoch 60, Batch 100: loss=0.268463
INFO:neural_network:Epoch 60, Batch 110: loss=0.350254
INFO:neural_network:Epoch 60, Batch 120: loss=0.354203
INFO:neural_network:Epoch 60, Batch 130: loss=0.412415
INFO:neural_network:Epoch 60, Batch 140: loss=0.401602
INFO:neural_network:Epoch 60, Batch 150: loss=0.351585
INFO:neural_network:Epoch 60, Batch 160: loss=0.325359
INFO:neural_network:Epoch 60, Batch 170: loss=0.340969
INFO:neural_network:Epoch 60, Batch 180: loss=0.415121
INFO:neural_network:Epoch 60, Batch 190: loss=0.363454
INFO:neural_network:Epoch 60, Batch 200: loss=0.376193
INFO:neural_network:Epoch 60, Batch 210: loss=0.284812
INFO:neural_network:Epoch 60, Batch 220: loss=0.255168
INFO:neural_network:Epoch 60, Batch 230: loss=0.283158
INFO:neural_network:Epoch 60, Batch 240: loss=0.468132
INFO:neural_network:Epoch 60, Batch 250: loss=0.313130
INFO:neural_network:Epoch 60, Batch 260: loss=0.316341
INFO:neural_network:Epoch 60, Batch 270: loss=0.329326
INFO:neural_network:Epoch 60, Batch 280: loss=0.279745
INFO:neural_network:Epoch 60, Batch 290: loss=0.376818
INFO:neural_network:Epoch   60/200: train_loss=0.337062 (batch_avg=0.338136), lr=0.001
INFO:neural_network:Accuracy: 0.9300 (93/100 correct)
INFO:neural_network:  -> Validation accuracy: 0.9300
INFO:neural_network:Epoch 61, Batch 0: loss=0.321947
INFO:neural_network:Epoch 61, Batch 10: loss=0.285223
INFO:neural_network:Epoch 61, Batch 20: loss=0.314685
INFO:neural_network:Epoch 61, Batch 30: loss=0.331064
INFO:neural_network:Epoch 61, Batch 40: loss=0.310608
INFO:neural_network:Epoch 61, Batch 50: loss=0.353275
INFO:neural_network:Epoch 61, Batch 60: loss=0.403260
INFO:neural_network:Epoch 61, Batch 70: loss=0.343174
INFO:neural_network:Epoch 61, Batch 80: loss=0.398582
INFO:neural_network:Epoch 61, Batch 90: loss=0.243590
INFO:neural_network:Epoch 61, Batch 100: loss=0.346376
INFO:neural_network:Epoch 61, Batch 110: loss=0.352993
INFO:neural_network:Epoch 61, Batch 120: loss=0.305974
INFO:neural_network:Epoch 61, Batch 130: loss=0.390843
INFO:neural_network:Epoch 61, Batch 140: loss=0.303534
INFO:neural_network:Epoch 61, Batch 150: loss=0.348230
INFO:neural_network:Epoch 61, Batch 160: loss=0.406651
INFO:neural_network:Epoch 61, Batch 170: loss=0.250579
INFO:neural_network:Epoch 61, Batch 180: loss=0.326239
INFO:neural_network:Epoch 61, Batch 190: loss=0.321140
INFO:neural_network:Epoch 61, Batch 200: loss=0.331373
INFO:neural_network:Epoch 61, Batch 210: loss=0.356921
INFO:neural_network:Epoch 61, Batch 220: loss=0.401712
INFO:neural_network:Epoch 61, Batch 230: loss=0.238657
INFO:neural_network:Epoch 61, Batch 240: loss=0.348739
INFO:neural_network:Epoch 61, Batch 250: loss=0.310810
INFO:neural_network:Epoch 61, Batch 260: loss=0.394924
INFO:neural_network:Epoch 61, Batch 270: loss=0.322501
INFO:neural_network:Epoch 61, Batch 280: loss=0.397927
INFO:neural_network:Epoch 61, Batch 290: loss=0.311939
INFO:neural_network:Epoch   61/200: train_loss=0.335380 (batch_avg=0.336425), lr=0.001
INFO:neural_network:Accuracy: 0.9200 (92/100 correct)
INFO:neural_network:  -> Validation accuracy: 0.9200
INFO:neural_network:Epoch 62, Batch 0: loss=0.345958
INFO:neural_network:Epoch 62, Batch 10: loss=0.361232
INFO:neural_network:Epoch 62, Batch 20: loss=0.299377
INFO:neural_network:Epoch 62, Batch 30: loss=0.285282
INFO:neural_network:Epoch 62, Batch 40: loss=0.409230
INFO:neural_network:Epoch 62, Batch 50: loss=0.329954
INFO:neural_network:Epoch 62, Batch 60: loss=0.297536
INFO:neural_network:Epoch 62, Batch 70: loss=0.328422
INFO:neural_network:Epoch 62, Batch 80: loss=0.301186
INFO:neural_network:Epoch 62, Batch 90: loss=0.286549
INFO:neural_network:Epoch 62, Batch 100: loss=0.375403
INFO:neural_network:Epoch 62, Batch 110: loss=0.315773
INFO:neural_network:Epoch 62, Batch 120: loss=0.321909
INFO:neural_network:Epoch 62, Batch 130: loss=0.391562
INFO:neural_network:Epoch 62, Batch 140: loss=0.380520
INFO:neural_network:Epoch 62, Batch 150: loss=0.349123
INFO:neural_network:Epoch 62, Batch 160: loss=0.350939
INFO:neural_network:Epoch 62, Batch 170: loss=0.330441
INFO:neural_network:Epoch 62, Batch 180: loss=0.401030
INFO:neural_network:Epoch 62, Batch 190: loss=0.342359
INFO:neural_network:Epoch 62, Batch 200: loss=0.297210
INFO:neural_network:Epoch 62, Batch 210: loss=0.255790
INFO:neural_network:Epoch 62, Batch 220: loss=0.387854
INFO:neural_network:Epoch 62, Batch 230: loss=0.483552
INFO:neural_network:Epoch 62, Batch 240: loss=0.325444
INFO:neural_network:Epoch 62, Batch 250: loss=0.269161
INFO:neural_network:Epoch 62, Batch 260: loss=0.372177
INFO:neural_network:Epoch 62, Batch 270: loss=0.320377
INFO:neural_network:Epoch 62, Batch 280: loss=0.372205
INFO:neural_network:Epoch 62, Batch 290: loss=0.311608
INFO:neural_network:Epoch   62/200: train_loss=0.333751 (batch_avg=0.334753), lr=0.001
INFO:neural_network:Accuracy: 0.8900 (89/100 correct)
INFO:neural_network:  -> Validation accuracy: 0.8900
INFO:neural_network:Epoch 63, Batch 0: loss=0.232052
INFO:neural_network:Epoch 63, Batch 10: loss=0.314814
INFO:neural_network:Epoch 63, Batch 20: loss=0.309491
INFO:neural_network:Epoch 63, Batch 30: loss=0.313853
INFO:neural_network:Epoch 63, Batch 40: loss=0.221899
INFO:neural_network:Epoch 63, Batch 50: loss=0.326829
INFO:neural_network:Epoch 63, Batch 60: loss=0.316675
INFO:neural_network:Epoch 63, Batch 70: loss=0.253113
INFO:neural_network:Epoch 63, Batch 80: loss=0.388210
INFO:neural_network:Epoch 63, Batch 90: loss=0.212868
INFO:neural_network:Epoch 63, Batch 100: loss=0.329997
INFO:neural_network:Epoch 63, Batch 110: loss=0.270875
INFO:neural_network:Epoch 63, Batch 120: loss=0.322229
INFO:neural_network:Epoch 63, Batch 130: loss=0.296895
INFO:neural_network:Epoch 63, Batch 140: loss=0.383641
INFO:neural_network:Epoch 63, Batch 150: loss=0.311603
INFO:neural_network:Epoch 63, Batch 160: loss=0.393288
INFO:neural_network:Epoch 63, Batch 170: loss=0.368670
INFO:neural_network:Epoch 63, Batch 180: loss=0.321895
INFO:neural_network:Epoch 63, Batch 190: loss=0.306132
INFO:neural_network:Epoch 63, Batch 200: loss=0.315436
INFO:neural_network:Epoch 63, Batch 210: loss=0.385157
INFO:neural_network:Epoch 63, Batch 220: loss=0.344561
INFO:neural_network:Epoch 63, Batch 230: loss=0.405361
INFO:neural_network:Epoch 63, Batch 240: loss=0.393484
INFO:neural_network:Epoch 63, Batch 250: loss=0.322710
INFO:neural_network:Epoch 63, Batch 260: loss=0.314868
INFO:neural_network:Epoch 63, Batch 270: loss=0.346593
INFO:neural_network:Epoch 63, Batch 280: loss=0.434358
INFO:neural_network:Epoch 63, Batch 290: loss=0.368158
INFO:neural_network:Epoch   63/200: train_loss=0.332115 (batch_avg=0.333119), lr=0.001
INFO:neural_network:Accuracy: 0.9400 (94/100 correct)
INFO:neural_network:  -> Validation accuracy: 0.9400
INFO:neural_network:Epoch 64, Batch 0: loss=0.247300
INFO:neural_network:Epoch 64, Batch 10: loss=0.353707
INFO:neural_network:Epoch 64, Batch 20: loss=0.379432
INFO:neural_network:Epoch 64, Batch 30: loss=0.282956
INFO:neural_network:Epoch 64, Batch 40: loss=0.223280
INFO:neural_network:Epoch 64, Batch 50: loss=0.382747
INFO:neural_network:Epoch 64, Batch 60: loss=0.316816
INFO:neural_network:Epoch 64, Batch 70: loss=0.304569
INFO:neural_network:Epoch 64, Batch 80: loss=0.301545
INFO:neural_network:Epoch 64, Batch 90: loss=0.300808
INFO:neural_network:Epoch 64, Batch 100: loss=0.340835
INFO:neural_network:Epoch 64, Batch 110: loss=0.425705
INFO:neural_network:Epoch 64, Batch 120: loss=0.289861
INFO:neural_network:Epoch 64, Batch 130: loss=0.349563
INFO:neural_network:Epoch 64, Batch 140: loss=0.341694
INFO:neural_network:Epoch 64, Batch 150: loss=0.348400
INFO:neural_network:Epoch 64, Batch 160: loss=0.274965
INFO:neural_network:Epoch 64, Batch 170: loss=0.228087
INFO:neural_network:Epoch 64, Batch 180: loss=0.335363
INFO:neural_network:Epoch 64, Batch 190: loss=0.253095
INFO:neural_network:Epoch 64, Batch 200: loss=0.362658
INFO:neural_network:Epoch 64, Batch 210: loss=0.247602
INFO:neural_network:Epoch 64, Batch 220: loss=0.279480
INFO:neural_network:Epoch 64, Batch 230: loss=0.369549
INFO:neural_network:Epoch 64, Batch 240: loss=0.270364
INFO:neural_network:Epoch 64, Batch 250: loss=0.403029
INFO:neural_network:Epoch 64, Batch 260: loss=0.347331
INFO:neural_network:Epoch 64, Batch 270: loss=0.340635
INFO:neural_network:Epoch 64, Batch 280: loss=0.359130
INFO:neural_network:Epoch 64, Batch 290: loss=0.422881
INFO:neural_network:Epoch   64/200: train_loss=0.330508 (batch_avg=0.331528), lr=0.001
INFO:neural_network:Accuracy: 0.9200 (92/100 correct)
INFO:neural_network:  -> Validation accuracy: 0.9200
INFO:neural_network:Epoch 65, Batch 0: loss=0.354787
INFO:neural_network:Epoch 65, Batch 10: loss=0.316327
INFO:neural_network:Epoch 65, Batch 20: loss=0.289923
INFO:neural_network:Epoch 65, Batch 30: loss=0.280182
INFO:neural_network:Epoch 65, Batch 40: loss=0.363701
INFO:neural_network:Epoch 65, Batch 50: loss=0.317275
INFO:neural_network:Epoch 65, Batch 60: loss=0.342443
INFO:neural_network:Epoch 65, Batch 70: loss=0.363488
INFO:neural_network:Epoch 65, Batch 80: loss=0.283826
INFO:neural_network:Epoch 65, Batch 90: loss=0.342707
INFO:neural_network:Epoch 65, Batch 100: loss=0.328707
INFO:neural_network:Epoch 65, Batch 110: loss=0.324733
INFO:neural_network:Epoch 65, Batch 120: loss=0.303020
INFO:neural_network:Epoch 65, Batch 130: loss=0.225306
INFO:neural_network:Epoch 65, Batch 140: loss=0.249293
INFO:neural_network:Epoch 65, Batch 150: loss=0.343479
INFO:neural_network:Epoch 65, Batch 160: loss=0.392552
INFO:neural_network:Epoch 65, Batch 170: loss=0.400456
INFO:neural_network:Epoch 65, Batch 180: loss=0.259957
INFO:neural_network:Epoch 65, Batch 190: loss=0.415093
INFO:neural_network:Epoch 65, Batch 200: loss=0.314580
INFO:neural_network:Epoch 65, Batch 210: loss=0.313202
INFO:neural_network:Epoch 65, Batch 220: loss=0.389954
INFO:neural_network:Epoch 65, Batch 230: loss=0.281948
INFO:neural_network:Epoch 65, Batch 240: loss=0.303354
INFO:neural_network:Epoch 65, Batch 250: loss=0.347539
INFO:neural_network:Epoch 65, Batch 260: loss=0.369615
INFO:neural_network:Epoch 65, Batch 270: loss=0.404930
INFO:neural_network:Epoch 65, Batch 280: loss=0.355806
INFO:neural_network:Epoch 65, Batch 290: loss=0.394511
INFO:neural_network:Epoch   65/200: train_loss=0.328963 (batch_avg=0.329963), lr=0.001
INFO:neural_network:Accuracy: 0.9100 (91/100 correct)
INFO:neural_network:  -> Validation accuracy: 0.9100
INFO:neural_network:Epoch 66, Batch 0: loss=0.374581
INFO:neural_network:Epoch 66, Batch 10: loss=0.229700
INFO:neural_network:Epoch 66, Batch 20: loss=0.303989
INFO:neural_network:Epoch 66, Batch 30: loss=0.350497
INFO:neural_network:Epoch 66, Batch 40: loss=0.371955
INFO:neural_network:Epoch 66, Batch 50: loss=0.306858
INFO:neural_network:Epoch 66, Batch 60: loss=0.289023
INFO:neural_network:Epoch 66, Batch 70: loss=0.338336
INFO:neural_network:Epoch 66, Batch 80: loss=0.329569
INFO:neural_network:Epoch 66, Batch 90: loss=0.350498
INFO:neural_network:Epoch 66, Batch 100: loss=0.279063
INFO:neural_network:Epoch 66, Batch 110: loss=0.415955
INFO:neural_network:Epoch 66, Batch 120: loss=0.295116
INFO:neural_network:Epoch 66, Batch 130: loss=0.243649
INFO:neural_network:Epoch 66, Batch 140: loss=0.320249
INFO:neural_network:Epoch 66, Batch 150: loss=0.331863
INFO:neural_network:Epoch 66, Batch 160: loss=0.406150
INFO:neural_network:Epoch 66, Batch 170: loss=0.284982
INFO:neural_network:Epoch 66, Batch 180: loss=0.311644
INFO:neural_network:Epoch 66, Batch 190: loss=0.277268
INFO:neural_network:Epoch 66, Batch 200: loss=0.314440
INFO:neural_network:Epoch 66, Batch 210: loss=0.422263
INFO:neural_network:Epoch 66, Batch 220: loss=0.308502
INFO:neural_network:Epoch 66, Batch 230: loss=0.323818
INFO:neural_network:Epoch 66, Batch 240: loss=0.421292
INFO:neural_network:Epoch 66, Batch 250: loss=0.273969
INFO:neural_network:Epoch 66, Batch 260: loss=0.400127
INFO:neural_network:Epoch 66, Batch 270: loss=0.428961
INFO:neural_network:Epoch 66, Batch 280: loss=0.365196
INFO:neural_network:Epoch 66, Batch 290: loss=0.444110
INFO:neural_network:Epoch   66/200: train_loss=0.327418 (batch_avg=0.328411), lr=0.001
INFO:neural_network:Accuracy: 0.9800 (98/100 correct)
INFO:neural_network:  -> Validation accuracy: 0.9800
INFO:neural_network:Epoch 67, Batch 0: loss=0.394266
INFO:neural_network:Epoch 67, Batch 10: loss=0.303895
INFO:neural_network:Epoch 67, Batch 20: loss=0.359450
INFO:neural_network:Epoch 67, Batch 30: loss=0.316975
INFO:neural_network:Epoch 67, Batch 40: loss=0.340271
INFO:neural_network:Epoch 67, Batch 50: loss=0.372817
INFO:neural_network:Epoch 67, Batch 60: loss=0.282973
INFO:neural_network:Epoch 67, Batch 70: loss=0.373238
INFO:neural_network:Epoch 67, Batch 80: loss=0.303583
INFO:neural_network:Epoch 67, Batch 90: loss=0.230349
INFO:neural_network:Epoch 67, Batch 100: loss=0.349169
INFO:neural_network:Epoch 67, Batch 110: loss=0.344147
INFO:neural_network:Epoch 67, Batch 120: loss=0.313984
INFO:neural_network:Epoch 67, Batch 130: loss=0.400412
INFO:neural_network:Epoch 67, Batch 140: loss=0.340758
INFO:neural_network:Epoch 67, Batch 150: loss=0.354032
INFO:neural_network:Epoch 67, Batch 160: loss=0.301415
INFO:neural_network:Epoch 67, Batch 170: loss=0.305624
INFO:neural_network:Epoch 67, Batch 180: loss=0.363252
INFO:neural_network:Epoch 67, Batch 190: loss=0.272176
INFO:neural_network:Epoch 67, Batch 200: loss=0.442032
INFO:neural_network:Epoch 67, Batch 210: loss=0.373651
INFO:neural_network:Epoch 67, Batch 220: loss=0.251527
INFO:neural_network:Epoch 67, Batch 230: loss=0.295689
INFO:neural_network:Epoch 67, Batch 240: loss=0.276792
INFO:neural_network:Epoch 67, Batch 250: loss=0.251249
INFO:neural_network:Epoch 67, Batch 260: loss=0.326555
INFO:neural_network:Epoch 67, Batch 270: loss=0.373754
INFO:neural_network:Epoch 67, Batch 280: loss=0.376219
INFO:neural_network:Epoch 67, Batch 290: loss=0.360786
INFO:neural_network:Epoch   67/200: train_loss=0.325933 (batch_avg=0.326905), lr=0.001
INFO:neural_network:Accuracy: 0.8900 (89/100 correct)
INFO:neural_network:  -> Validation accuracy: 0.8900
INFO:neural_network:Epoch 68, Batch 0: loss=0.254961
INFO:neural_network:Epoch 68, Batch 10: loss=0.350247
INFO:neural_network:Epoch 68, Batch 20: loss=0.338748
INFO:neural_network:Epoch 68, Batch 30: loss=0.387832
INFO:neural_network:Epoch 68, Batch 40: loss=0.350644
INFO:neural_network:Epoch 68, Batch 50: loss=0.351760
INFO:neural_network:Epoch 68, Batch 60: loss=0.340808
INFO:neural_network:Epoch 68, Batch 70: loss=0.481469
INFO:neural_network:Epoch 68, Batch 80: loss=0.303859
INFO:neural_network:Epoch 68, Batch 90: loss=0.287068
INFO:neural_network:Epoch 68, Batch 100: loss=0.321803
INFO:neural_network:Epoch 68, Batch 110: loss=0.364325
INFO:neural_network:Epoch 68, Batch 120: loss=0.391940
INFO:neural_network:Epoch 68, Batch 130: loss=0.319157
INFO:neural_network:Epoch 68, Batch 140: loss=0.331977
INFO:neural_network:Epoch 68, Batch 150: loss=0.295790
INFO:neural_network:Epoch 68, Batch 160: loss=0.320306
INFO:neural_network:Epoch 68, Batch 170: loss=0.351619
INFO:neural_network:Epoch 68, Batch 180: loss=0.321214
INFO:neural_network:Epoch 68, Batch 190: loss=0.266402
INFO:neural_network:Epoch 68, Batch 200: loss=0.324145
INFO:neural_network:Epoch 68, Batch 210: loss=0.284851
INFO:neural_network:Epoch 68, Batch 220: loss=0.330748
INFO:neural_network:Epoch 68, Batch 230: loss=0.268364
INFO:neural_network:Epoch 68, Batch 240: loss=0.310515
INFO:neural_network:Epoch 68, Batch 250: loss=0.294555
INFO:neural_network:Epoch 68, Batch 260: loss=0.280304
INFO:neural_network:Epoch 68, Batch 270: loss=0.352904
INFO:neural_network:Epoch 68, Batch 280: loss=0.341993
INFO:neural_network:Epoch 68, Batch 290: loss=0.412388
INFO:neural_network:Epoch   68/200: train_loss=0.324467 (batch_avg=0.325421), lr=0.001
INFO:neural_network:Accuracy: 0.9300 (93/100 correct)
INFO:neural_network:  -> Validation accuracy: 0.9300
INFO:neural_network:Epoch 69, Batch 0: loss=0.327065
INFO:neural_network:Epoch 69, Batch 10: loss=0.369709
INFO:neural_network:Epoch 69, Batch 20: loss=0.316521
INFO:neural_network:Epoch 69, Batch 30: loss=0.324020
INFO:neural_network:Epoch 69, Batch 40: loss=0.363496
INFO:neural_network:Epoch 69, Batch 50: loss=0.300107
INFO:neural_network:Epoch 69, Batch 60: loss=0.348982
INFO:neural_network:Epoch 69, Batch 70: loss=0.300182
INFO:neural_network:Epoch 69, Batch 80: loss=0.299091
INFO:neural_network:Epoch 69, Batch 90: loss=0.308119
INFO:neural_network:Epoch 69, Batch 100: loss=0.364251
INFO:neural_network:Epoch 69, Batch 110: loss=0.250800
INFO:neural_network:Epoch 69, Batch 120: loss=0.329435
INFO:neural_network:Epoch 69, Batch 130: loss=0.384795
INFO:neural_network:Epoch 69, Batch 140: loss=0.343488
INFO:neural_network:Epoch 69, Batch 150: loss=0.455100
INFO:neural_network:Epoch 69, Batch 160: loss=0.383722
INFO:neural_network:Epoch 69, Batch 170: loss=0.342114
INFO:neural_network:Epoch 69, Batch 180: loss=0.328631
INFO:neural_network:Epoch 69, Batch 190: loss=0.365692
INFO:neural_network:Epoch 69, Batch 200: loss=0.342413
INFO:neural_network:Epoch 69, Batch 210: loss=0.223697
INFO:neural_network:Epoch 69, Batch 220: loss=0.346648
INFO:neural_network:Epoch 69, Batch 230: loss=0.303581
INFO:neural_network:Epoch 69, Batch 240: loss=0.282632
INFO:neural_network:Epoch 69, Batch 250: loss=0.320345
INFO:neural_network:Epoch 69, Batch 260: loss=0.336338
INFO:neural_network:Epoch 69, Batch 270: loss=0.350429
INFO:neural_network:Epoch 69, Batch 280: loss=0.431792
INFO:neural_network:Epoch 69, Batch 290: loss=0.324396
INFO:neural_network:Epoch   69/200: train_loss=0.323018 (batch_avg=0.323967), lr=0.001
INFO:neural_network:Accuracy: 0.9400 (94/100 correct)
INFO:neural_network:  -> Validation accuracy: 0.9400
INFO:neural_network:Epoch 70, Batch 0: loss=0.290220
INFO:neural_network:Epoch 70, Batch 10: loss=0.324166
INFO:neural_network:Epoch 70, Batch 20: loss=0.386744
INFO:neural_network:Epoch 70, Batch 30: loss=0.361590
INFO:neural_network:Epoch 70, Batch 40: loss=0.290686
INFO:neural_network:Epoch 70, Batch 50: loss=0.380708
INFO:neural_network:Epoch 70, Batch 60: loss=0.374856
INFO:neural_network:Epoch 70, Batch 70: loss=0.230891
INFO:neural_network:Epoch 70, Batch 80: loss=0.250943
INFO:neural_network:Epoch 70, Batch 90: loss=0.328711
INFO:neural_network:Epoch 70, Batch 100: loss=0.260234
INFO:neural_network:Epoch 70, Batch 110: loss=0.303252
INFO:neural_network:Epoch 70, Batch 120: loss=0.304245
INFO:neural_network:Epoch 70, Batch 130: loss=0.274134
INFO:neural_network:Epoch 70, Batch 140: loss=0.239129
INFO:neural_network:Epoch 70, Batch 150: loss=0.339581
INFO:neural_network:Epoch 70, Batch 160: loss=0.300584
INFO:neural_network:Epoch 70, Batch 170: loss=0.251960
INFO:neural_network:Epoch 70, Batch 180: loss=0.305806
INFO:neural_network:Epoch 70, Batch 190: loss=0.206437
INFO:neural_network:Epoch 70, Batch 200: loss=0.242210
INFO:neural_network:Epoch 70, Batch 210: loss=0.303386
INFO:neural_network:Epoch 70, Batch 220: loss=0.334712
INFO:neural_network:Epoch 70, Batch 230: loss=0.307726
INFO:neural_network:Epoch 70, Batch 240: loss=0.357474
INFO:neural_network:Epoch 70, Batch 250: loss=0.298343
INFO:neural_network:Epoch 70, Batch 260: loss=0.462375
INFO:neural_network:Epoch 70, Batch 270: loss=0.273997
INFO:neural_network:Epoch 70, Batch 280: loss=0.282396
INFO:neural_network:Epoch 70, Batch 290: loss=0.267382
INFO:neural_network:Epoch   70/200: train_loss=0.321582 (batch_avg=0.322533), lr=0.001
INFO:neural_network:Accuracy: 0.9000 (90/100 correct)
INFO:neural_network:  -> Validation accuracy: 0.9000
INFO:neural_network:Epoch 71, Batch 0: loss=0.355949
INFO:neural_network:Epoch 71, Batch 10: loss=0.298054
INFO:neural_network:Epoch 71, Batch 20: loss=0.337319
INFO:neural_network:Epoch 71, Batch 30: loss=0.231493
INFO:neural_network:Epoch 71, Batch 40: loss=0.252719
INFO:neural_network:Epoch 71, Batch 50: loss=0.303137
INFO:neural_network:Epoch 71, Batch 60: loss=0.295801
INFO:neural_network:Epoch 71, Batch 70: loss=0.303325
INFO:neural_network:Epoch 71, Batch 80: loss=0.329011
INFO:neural_network:Epoch 71, Batch 90: loss=0.249746
INFO:neural_network:Epoch 71, Batch 100: loss=0.387915
INFO:neural_network:Epoch 71, Batch 110: loss=0.296770
INFO:neural_network:Epoch 71, Batch 120: loss=0.247679
INFO:neural_network:Epoch 71, Batch 130: loss=0.296723
INFO:neural_network:Epoch 71, Batch 140: loss=0.339431
INFO:neural_network:Epoch 71, Batch 150: loss=0.298784
INFO:neural_network:Epoch 71, Batch 160: loss=0.281301
INFO:neural_network:Epoch 71, Batch 170: loss=0.318971
INFO:neural_network:Epoch 71, Batch 180: loss=0.326193
INFO:neural_network:Epoch 71, Batch 190: loss=0.287813
INFO:neural_network:Epoch 71, Batch 200: loss=0.321036
INFO:neural_network:Epoch 71, Batch 210: loss=0.323595
INFO:neural_network:Epoch 71, Batch 220: loss=0.311166
INFO:neural_network:Epoch 71, Batch 230: loss=0.342285
INFO:neural_network:Epoch 71, Batch 240: loss=0.270631
INFO:neural_network:Epoch 71, Batch 250: loss=0.274407
INFO:neural_network:Epoch 71, Batch 260: loss=0.421911
INFO:neural_network:Epoch 71, Batch 270: loss=0.323163
INFO:neural_network:Epoch 71, Batch 280: loss=0.313566
INFO:neural_network:Epoch 71, Batch 290: loss=0.273174
INFO:neural_network:Epoch   71/200: train_loss=0.320195 (batch_avg=0.321124), lr=0.001
INFO:neural_network:Accuracy: 0.9300 (93/100 correct)
INFO:neural_network:  -> Validation accuracy: 0.9300
INFO:neural_network:Epoch 72, Batch 0: loss=0.435046
INFO:neural_network:Epoch 72, Batch 10: loss=0.342762
INFO:neural_network:Epoch 72, Batch 20: loss=0.419721
INFO:neural_network:Epoch 72, Batch 30: loss=0.357007
INFO:neural_network:Epoch 72, Batch 40: loss=0.257170
INFO:neural_network:Epoch 72, Batch 50: loss=0.292612
INFO:neural_network:Epoch 72, Batch 60: loss=0.361712
INFO:neural_network:Epoch 72, Batch 70: loss=0.352192
INFO:neural_network:Epoch 72, Batch 80: loss=0.252446
INFO:neural_network:Epoch 72, Batch 90: loss=0.258329
INFO:neural_network:Epoch 72, Batch 100: loss=0.297909
INFO:neural_network:Epoch 72, Batch 110: loss=0.309774
INFO:neural_network:Epoch 72, Batch 120: loss=0.296030
INFO:neural_network:Epoch 72, Batch 130: loss=0.468975
INFO:neural_network:Epoch 72, Batch 140: loss=0.242956
INFO:neural_network:Epoch 72, Batch 150: loss=0.221894
INFO:neural_network:Epoch 72, Batch 160: loss=0.339349
INFO:neural_network:Epoch 72, Batch 170: loss=0.222121
INFO:neural_network:Epoch 72, Batch 180: loss=0.270091
INFO:neural_network:Epoch 72, Batch 190: loss=0.337298
INFO:neural_network:Epoch 72, Batch 200: loss=0.293524
INFO:neural_network:Epoch 72, Batch 210: loss=0.356229
INFO:neural_network:Epoch 72, Batch 220: loss=0.246679
INFO:neural_network:Epoch 72, Batch 230: loss=0.424449
INFO:neural_network:Epoch 72, Batch 240: loss=0.325412
INFO:neural_network:Epoch 72, Batch 250: loss=0.348626
INFO:neural_network:Epoch 72, Batch 260: loss=0.297305
INFO:neural_network:Epoch 72, Batch 270: loss=0.273119
INFO:neural_network:Epoch 72, Batch 280: loss=0.299360
INFO:neural_network:Epoch 72, Batch 290: loss=0.391410
INFO:neural_network:Epoch   72/200: train_loss=0.318850 (batch_avg=0.319733), lr=0.001
INFO:neural_network:Accuracy: 0.9300 (93/100 correct)
INFO:neural_network:  -> Validation accuracy: 0.9300
INFO:neural_network:Epoch 73, Batch 0: loss=0.354876
INFO:neural_network:Epoch 73, Batch 10: loss=0.374744
INFO:neural_network:Epoch 73, Batch 20: loss=0.320685
INFO:neural_network:Epoch 73, Batch 30: loss=0.264166
INFO:neural_network:Epoch 73, Batch 40: loss=0.224209
INFO:neural_network:Epoch 73, Batch 50: loss=0.330972
INFO:neural_network:Epoch 73, Batch 60: loss=0.263114
INFO:neural_network:Epoch 73, Batch 70: loss=0.284554
INFO:neural_network:Epoch 73, Batch 80: loss=0.324210
INFO:neural_network:Epoch 73, Batch 90: loss=0.357374
INFO:neural_network:Epoch 73, Batch 100: loss=0.307194
INFO:neural_network:Epoch 73, Batch 110: loss=0.326317
INFO:neural_network:Epoch 73, Batch 120: loss=0.265296
INFO:neural_network:Epoch 73, Batch 130: loss=0.236580
INFO:neural_network:Epoch 73, Batch 140: loss=0.275076
INFO:neural_network:Epoch 73, Batch 150: loss=0.358682
INFO:neural_network:Epoch 73, Batch 160: loss=0.386224
INFO:neural_network:Epoch 73, Batch 170: loss=0.343892
INFO:neural_network:Epoch 73, Batch 180: loss=0.243992
INFO:neural_network:Epoch 73, Batch 190: loss=0.400325
INFO:neural_network:Epoch 73, Batch 200: loss=0.245825
INFO:neural_network:Epoch 73, Batch 210: loss=0.274678
INFO:neural_network:Epoch 73, Batch 220: loss=0.248932
INFO:neural_network:Epoch 73, Batch 230: loss=0.291538
INFO:neural_network:Epoch 73, Batch 240: loss=0.338032
INFO:neural_network:Epoch 73, Batch 250: loss=0.355384
INFO:neural_network:Epoch 73, Batch 260: loss=0.326156
INFO:neural_network:Epoch 73, Batch 270: loss=0.393241
INFO:neural_network:Epoch 73, Batch 280: loss=0.390109
INFO:neural_network:Epoch 73, Batch 290: loss=0.322362
INFO:neural_network:Epoch   73/200: train_loss=0.317507 (batch_avg=0.318356), lr=0.001
INFO:neural_network:Accuracy: 0.8800 (88/100 correct)
INFO:neural_network:  -> Validation accuracy: 0.8800
INFO:neural_network:Epoch 74, Batch 0: loss=0.236437
INFO:neural_network:Epoch 74, Batch 10: loss=0.342039
INFO:neural_network:Epoch 74, Batch 20: loss=0.289055
INFO:neural_network:Epoch 74, Batch 30: loss=0.356725
INFO:neural_network:Epoch 74, Batch 40: loss=0.266825
INFO:neural_network:Epoch 74, Batch 50: loss=0.406479
INFO:neural_network:Epoch 74, Batch 60: loss=0.309120
INFO:neural_network:Epoch 74, Batch 70: loss=0.267995
INFO:neural_network:Epoch 74, Batch 80: loss=0.378034
INFO:neural_network:Epoch 74, Batch 90: loss=0.313462
INFO:neural_network:Epoch 74, Batch 100: loss=0.298080
INFO:neural_network:Epoch 74, Batch 110: loss=0.309636
INFO:neural_network:Epoch 74, Batch 120: loss=0.240035
INFO:neural_network:Epoch 74, Batch 130: loss=0.252860
INFO:neural_network:Epoch 74, Batch 140: loss=0.315800
INFO:neural_network:Epoch 74, Batch 150: loss=0.268443
INFO:neural_network:Epoch 74, Batch 160: loss=0.359404
INFO:neural_network:Epoch 74, Batch 170: loss=0.307284
INFO:neural_network:Epoch 74, Batch 180: loss=0.399061
INFO:neural_network:Epoch 74, Batch 190: loss=0.278079
INFO:neural_network:Epoch 74, Batch 200: loss=0.312783
INFO:neural_network:Epoch 74, Batch 210: loss=0.293543
INFO:neural_network:Epoch 74, Batch 220: loss=0.240237
INFO:neural_network:Epoch 74, Batch 230: loss=0.311643
INFO:neural_network:Epoch 74, Batch 240: loss=0.295870
INFO:neural_network:Epoch 74, Batch 250: loss=0.358975
INFO:neural_network:Epoch 74, Batch 260: loss=0.357712
INFO:neural_network:Epoch 74, Batch 270: loss=0.283530
INFO:neural_network:Epoch 74, Batch 280: loss=0.290308
INFO:neural_network:Epoch 74, Batch 290: loss=0.256623
INFO:neural_network:Epoch   74/200: train_loss=0.316138 (batch_avg=0.317056), lr=0.001
INFO:neural_network:Accuracy: 0.9600 (96/100 correct)
INFO:neural_network:  -> Validation accuracy: 0.9600
INFO:neural_network:Epoch 75, Batch 0: loss=0.262696
INFO:neural_network:Epoch 75, Batch 10: loss=0.302375
INFO:neural_network:Epoch 75, Batch 20: loss=0.300446
INFO:neural_network:Epoch 75, Batch 30: loss=0.256842
INFO:neural_network:Epoch 75, Batch 40: loss=0.222013
INFO:neural_network:Epoch 75, Batch 50: loss=0.228633
INFO:neural_network:Epoch 75, Batch 60: loss=0.307883
INFO:neural_network:Epoch 75, Batch 70: loss=0.345768
INFO:neural_network:Epoch 75, Batch 80: loss=0.461665
INFO:neural_network:Epoch 75, Batch 90: loss=0.257279
INFO:neural_network:Epoch 75, Batch 100: loss=0.394453
INFO:neural_network:Epoch 75, Batch 110: loss=0.242664
INFO:neural_network:Epoch 75, Batch 120: loss=0.276167
INFO:neural_network:Epoch 75, Batch 130: loss=0.345953
INFO:neural_network:Epoch 75, Batch 140: loss=0.389904
INFO:neural_network:Epoch 75, Batch 150: loss=0.322191
INFO:neural_network:Epoch 75, Batch 160: loss=0.295853
INFO:neural_network:Epoch 75, Batch 170: loss=0.332216
INFO:neural_network:Epoch 75, Batch 180: loss=0.328112
INFO:neural_network:Epoch 75, Batch 190: loss=0.333045
INFO:neural_network:Epoch 75, Batch 200: loss=0.278255
INFO:neural_network:Epoch 75, Batch 210: loss=0.264699
INFO:neural_network:Epoch 75, Batch 220: loss=0.266491
INFO:neural_network:Epoch 75, Batch 230: loss=0.347078
INFO:neural_network:Epoch 75, Batch 240: loss=0.297485
INFO:neural_network:Epoch 75, Batch 250: loss=0.347610
INFO:neural_network:Epoch 75, Batch 260: loss=0.275478
INFO:neural_network:Epoch 75, Batch 270: loss=0.299905
INFO:neural_network:Epoch 75, Batch 280: loss=0.300287
INFO:neural_network:Epoch 75, Batch 290: loss=0.358206
INFO:neural_network:Epoch   75/200: train_loss=0.314844 (batch_avg=0.315730), lr=0.001
INFO:neural_network:Accuracy: 0.9100 (91/100 correct)
INFO:neural_network:  -> Validation accuracy: 0.9100
INFO:neural_network:Epoch 76, Batch 0: loss=0.249238
INFO:neural_network:Epoch 76, Batch 10: loss=0.325838
INFO:neural_network:Epoch 76, Batch 20: loss=0.324047
INFO:neural_network:Epoch 76, Batch 30: loss=0.321298
INFO:neural_network:Epoch 76, Batch 40: loss=0.335565
INFO:neural_network:Epoch 76, Batch 50: loss=0.337962
INFO:neural_network:Epoch 76, Batch 60: loss=0.296954
INFO:neural_network:Epoch 76, Batch 70: loss=0.350826
INFO:neural_network:Epoch 76, Batch 80: loss=0.291911
INFO:neural_network:Epoch 76, Batch 90: loss=0.311568
INFO:neural_network:Epoch 76, Batch 100: loss=0.299177
INFO:neural_network:Epoch 76, Batch 110: loss=0.287394
INFO:neural_network:Epoch 76, Batch 120: loss=0.325902
INFO:neural_network:Epoch 76, Batch 130: loss=0.305673
INFO:neural_network:Epoch 76, Batch 140: loss=0.297890
INFO:neural_network:Epoch 76, Batch 150: loss=0.347166
INFO:neural_network:Epoch 76, Batch 160: loss=0.250768
INFO:neural_network:Epoch 76, Batch 170: loss=0.284894
INFO:neural_network:Epoch 76, Batch 180: loss=0.408299
INFO:neural_network:Epoch 76, Batch 190: loss=0.262907
INFO:neural_network:Epoch 76, Batch 200: loss=0.252964
INFO:neural_network:Epoch 76, Batch 210: loss=0.345999
INFO:neural_network:Epoch 76, Batch 220: loss=0.357620
INFO:neural_network:Epoch 76, Batch 230: loss=0.399994
INFO:neural_network:Epoch 76, Batch 240: loss=0.429517
INFO:neural_network:Epoch 76, Batch 250: loss=0.341794
INFO:neural_network:Epoch 76, Batch 260: loss=0.251407
INFO:neural_network:Epoch 76, Batch 270: loss=0.361417
INFO:neural_network:Epoch 76, Batch 280: loss=0.310610
INFO:neural_network:Epoch 76, Batch 290: loss=0.339968
INFO:neural_network:Epoch   76/200: train_loss=0.313614 (batch_avg=0.314415), lr=0.001
INFO:neural_network:Accuracy: 0.9200 (92/100 correct)
INFO:neural_network:  -> Validation accuracy: 0.9200
INFO:neural_network:Epoch 77, Batch 0: loss=0.366522
INFO:neural_network:Epoch 77, Batch 10: loss=0.286573
INFO:neural_network:Epoch 77, Batch 20: loss=0.359665
INFO:neural_network:Epoch 77, Batch 30: loss=0.427540
INFO:neural_network:Epoch 77, Batch 40: loss=0.276948
INFO:neural_network:Epoch 77, Batch 50: loss=0.260582
INFO:neural_network:Epoch 77, Batch 60: loss=0.253533
INFO:neural_network:Epoch 77, Batch 70: loss=0.276513
INFO:neural_network:Epoch 77, Batch 80: loss=0.247373
INFO:neural_network:Epoch 77, Batch 90: loss=0.336535
INFO:neural_network:Epoch 77, Batch 100: loss=0.267783
INFO:neural_network:Epoch 77, Batch 110: loss=0.308084
INFO:neural_network:Epoch 77, Batch 120: loss=0.286380
INFO:neural_network:Epoch 77, Batch 130: loss=0.350235
INFO:neural_network:Epoch 77, Batch 140: loss=0.261304
INFO:neural_network:Epoch 77, Batch 150: loss=0.286297
INFO:neural_network:Epoch 77, Batch 160: loss=0.261271
INFO:neural_network:Epoch 77, Batch 170: loss=0.313569
INFO:neural_network:Epoch 77, Batch 180: loss=0.417893
INFO:neural_network:Epoch 77, Batch 190: loss=0.190252
INFO:neural_network:Epoch 77, Batch 200: loss=0.390150
INFO:neural_network:Epoch 77, Batch 210: loss=0.279830
INFO:neural_network:Epoch 77, Batch 220: loss=0.327666
INFO:neural_network:Epoch 77, Batch 230: loss=0.363539
INFO:neural_network:Epoch 77, Batch 240: loss=0.358404
INFO:neural_network:Epoch 77, Batch 250: loss=0.383919
INFO:neural_network:Epoch 77, Batch 260: loss=0.317414
INFO:neural_network:Epoch 77, Batch 270: loss=0.265714
INFO:neural_network:Epoch 77, Batch 280: loss=0.260051
INFO:neural_network:Epoch 77, Batch 290: loss=0.362006
INFO:neural_network:Epoch   77/200: train_loss=0.312316 (batch_avg=0.313157), lr=0.001
INFO:neural_network:Accuracy: 0.9100 (91/100 correct)
INFO:neural_network:  -> Validation accuracy: 0.9100
INFO:neural_network:Epoch 78, Batch 0: loss=0.299198
INFO:neural_network:Epoch 78, Batch 10: loss=0.222906
INFO:neural_network:Epoch 78, Batch 20: loss=0.271308
INFO:neural_network:Epoch 78, Batch 30: loss=0.344420
INFO:neural_network:Epoch 78, Batch 40: loss=0.323469
INFO:neural_network:Epoch 78, Batch 50: loss=0.322857
INFO:neural_network:Epoch 78, Batch 60: loss=0.358303
INFO:neural_network:Epoch 78, Batch 70: loss=0.257793
INFO:neural_network:Epoch 78, Batch 80: loss=0.300759
INFO:neural_network:Epoch 78, Batch 90: loss=0.267537
INFO:neural_network:Epoch 78, Batch 100: loss=0.326924
INFO:neural_network:Epoch 78, Batch 110: loss=0.385491
INFO:neural_network:Epoch 78, Batch 120: loss=0.306095
INFO:neural_network:Epoch 78, Batch 130: loss=0.348315
INFO:neural_network:Epoch 78, Batch 140: loss=0.405062
INFO:neural_network:Epoch 78, Batch 150: loss=0.276386
INFO:neural_network:Epoch 78, Batch 160: loss=0.261706
INFO:neural_network:Epoch 78, Batch 170: loss=0.331180
INFO:neural_network:Epoch 78, Batch 180: loss=0.268567
INFO:neural_network:Epoch 78, Batch 190: loss=0.344538
INFO:neural_network:Epoch 78, Batch 200: loss=0.340056
INFO:neural_network:Epoch 78, Batch 210: loss=0.327699
INFO:neural_network:Epoch 78, Batch 220: loss=0.307309
INFO:neural_network:Epoch 78, Batch 230: loss=0.278456
INFO:neural_network:Epoch 78, Batch 240: loss=0.281041
INFO:neural_network:Epoch 78, Batch 250: loss=0.298844
INFO:neural_network:Epoch 78, Batch 260: loss=0.262791
INFO:neural_network:Epoch 78, Batch 270: loss=0.326108
INFO:neural_network:Epoch 78, Batch 280: loss=0.328221
INFO:neural_network:Epoch 78, Batch 290: loss=0.290659
INFO:neural_network:Epoch   78/200: train_loss=0.311056 (batch_avg=0.311891), lr=0.001
INFO:neural_network:Accuracy: 0.9600 (96/100 correct)
INFO:neural_network:  -> Validation accuracy: 0.9600
INFO:neural_network:Epoch 79, Batch 0: loss=0.305957
INFO:neural_network:Epoch 79, Batch 10: loss=0.344134
INFO:neural_network:Epoch 79, Batch 20: loss=0.241473
INFO:neural_network:Epoch 79, Batch 30: loss=0.388797
INFO:neural_network:Epoch 79, Batch 40: loss=0.388513
INFO:neural_network:Epoch 79, Batch 50: loss=0.220979
INFO:neural_network:Epoch 79, Batch 60: loss=0.432661
INFO:neural_network:Epoch 79, Batch 70: loss=0.334105
INFO:neural_network:Epoch 79, Batch 80: loss=0.431034
INFO:neural_network:Epoch 79, Batch 90: loss=0.259352
INFO:neural_network:Epoch 79, Batch 100: loss=0.283508
INFO:neural_network:Epoch 79, Batch 110: loss=0.323507
INFO:neural_network:Epoch 79, Batch 120: loss=0.326871
INFO:neural_network:Epoch 79, Batch 130: loss=0.363531
INFO:neural_network:Epoch 79, Batch 140: loss=0.321008
INFO:neural_network:Epoch 79, Batch 150: loss=0.273082
INFO:neural_network:Epoch 79, Batch 160: loss=0.384226
INFO:neural_network:Epoch 79, Batch 170: loss=0.196269
INFO:neural_network:Epoch 79, Batch 180: loss=0.312518
INFO:neural_network:Epoch 79, Batch 190: loss=0.408400
INFO:neural_network:Epoch 79, Batch 200: loss=0.284119
INFO:neural_network:Epoch 79, Batch 210: loss=0.249120
INFO:neural_network:Epoch 79, Batch 220: loss=0.291473
INFO:neural_network:Epoch 79, Batch 230: loss=0.264548
INFO:neural_network:Epoch 79, Batch 240: loss=0.317557
INFO:neural_network:Epoch 79, Batch 250: loss=0.254052
INFO:neural_network:Epoch 79, Batch 260: loss=0.372992
INFO:neural_network:Epoch 79, Batch 270: loss=0.250745
INFO:neural_network:Epoch 79, Batch 280: loss=0.266741
INFO:neural_network:Epoch 79, Batch 290: loss=0.288625
INFO:neural_network:Epoch   79/200: train_loss=0.309830 (batch_avg=0.310636), lr=0.001
INFO:neural_network:Accuracy: 0.9300 (93/100 correct)
INFO:neural_network:  -> Validation accuracy: 0.9300
INFO:neural_network:Epoch 80, Batch 0: loss=0.244852
INFO:neural_network:Epoch 80, Batch 10: loss=0.231012
INFO:neural_network:Epoch 80, Batch 20: loss=0.347877
INFO:neural_network:Epoch 80, Batch 30: loss=0.373015
INFO:neural_network:Epoch 80, Batch 40: loss=0.311737
INFO:neural_network:Epoch 80, Batch 50: loss=0.326579
INFO:neural_network:Epoch 80, Batch 60: loss=0.316336
INFO:neural_network:Epoch 80, Batch 70: loss=0.292399
INFO:neural_network:Epoch 80, Batch 80: loss=0.325806
INFO:neural_network:Epoch 80, Batch 90: loss=0.303868
INFO:neural_network:Epoch 80, Batch 100: loss=0.184180
INFO:neural_network:Epoch 80, Batch 110: loss=0.268335
INFO:neural_network:Epoch 80, Batch 120: loss=0.286336
INFO:neural_network:Epoch 80, Batch 130: loss=0.347050
INFO:neural_network:Epoch 80, Batch 140: loss=0.290472
INFO:neural_network:Epoch 80, Batch 150: loss=0.375645
INFO:neural_network:Epoch 80, Batch 160: loss=0.296947
INFO:neural_network:Epoch 80, Batch 170: loss=0.243783
INFO:neural_network:Epoch 80, Batch 180: loss=0.339212
INFO:neural_network:Epoch 80, Batch 190: loss=0.292861
INFO:neural_network:Epoch 80, Batch 200: loss=0.358541
INFO:neural_network:Epoch 80, Batch 210: loss=0.401551
INFO:neural_network:Epoch 80, Batch 220: loss=0.237285
INFO:neural_network:Epoch 80, Batch 230: loss=0.244632
INFO:neural_network:Epoch 80, Batch 240: loss=0.348842
INFO:neural_network:Epoch 80, Batch 250: loss=0.274142
INFO:neural_network:Epoch 80, Batch 260: loss=0.291781
INFO:neural_network:Epoch 80, Batch 270: loss=0.389379
INFO:neural_network:Epoch 80, Batch 280: loss=0.368691
INFO:neural_network:Epoch 80, Batch 290: loss=0.256289
INFO:neural_network:Epoch   80/200: train_loss=0.308640 (batch_avg=0.309451), lr=0.001
INFO:neural_network:Accuracy: 0.9500 (95/100 correct)
INFO:neural_network:  -> Validation accuracy: 0.9500
INFO:neural_network:Epoch 81, Batch 0: loss=0.229804
INFO:neural_network:Epoch 81, Batch 10: loss=0.197991
INFO:neural_network:Epoch 81, Batch 20: loss=0.330109
INFO:neural_network:Epoch 81, Batch 30: loss=0.381980
INFO:neural_network:Epoch 81, Batch 40: loss=0.283080
INFO:neural_network:Epoch 81, Batch 50: loss=0.348185
INFO:neural_network:Epoch 81, Batch 60: loss=0.283148
INFO:neural_network:Epoch 81, Batch 70: loss=0.372775
INFO:neural_network:Epoch 81, Batch 80: loss=0.371811
INFO:neural_network:Epoch 81, Batch 90: loss=0.185234
INFO:neural_network:Epoch 81, Batch 100: loss=0.371525
INFO:neural_network:Epoch 81, Batch 110: loss=0.250149
INFO:neural_network:Epoch 81, Batch 120: loss=0.270968
INFO:neural_network:Epoch 81, Batch 130: loss=0.388091
INFO:neural_network:Epoch 81, Batch 140: loss=0.261935
INFO:neural_network:Epoch 81, Batch 150: loss=0.244471
INFO:neural_network:Epoch 81, Batch 160: loss=0.310594
INFO:neural_network:Epoch 81, Batch 170: loss=0.356039
INFO:neural_network:Epoch 81, Batch 180: loss=0.303338
INFO:neural_network:Epoch 81, Batch 190: loss=0.310739
INFO:neural_network:Epoch 81, Batch 200: loss=0.246720
INFO:neural_network:Epoch 81, Batch 210: loss=0.316465
INFO:neural_network:Epoch 81, Batch 220: loss=0.360952
INFO:neural_network:Epoch 81, Batch 230: loss=0.380633
INFO:neural_network:Epoch 81, Batch 240: loss=0.280168
INFO:neural_network:Epoch 81, Batch 250: loss=0.399279
INFO:neural_network:Epoch 81, Batch 260: loss=0.305734
INFO:neural_network:Epoch 81, Batch 270: loss=0.371294
INFO:neural_network:Epoch 81, Batch 280: loss=0.353149
INFO:neural_network:Epoch 81, Batch 290: loss=0.305592
INFO:neural_network:Epoch   81/200: train_loss=0.307396 (batch_avg=0.308212), lr=0.001
INFO:neural_network:Accuracy: 0.9100 (91/100 correct)
INFO:neural_network:  -> Validation accuracy: 0.9100
INFO:neural_network:Epoch 82, Batch 0: loss=0.372047
INFO:neural_network:Epoch 82, Batch 10: loss=0.250966
INFO:neural_network:Epoch 82, Batch 20: loss=0.316398
INFO:neural_network:Epoch 82, Batch 30: loss=0.386028
INFO:neural_network:Epoch 82, Batch 40: loss=0.310452
INFO:neural_network:Epoch 82, Batch 50: loss=0.246800
INFO:neural_network:Epoch 82, Batch 60: loss=0.185808
INFO:neural_network:Epoch 82, Batch 70: loss=0.275283
INFO:neural_network:Epoch 82, Batch 80: loss=0.242817
INFO:neural_network:Epoch 82, Batch 90: loss=0.346535
INFO:neural_network:Epoch 82, Batch 100: loss=0.229211
INFO:neural_network:Epoch 82, Batch 110: loss=0.330638
INFO:neural_network:Epoch 82, Batch 120: loss=0.276987
INFO:neural_network:Epoch 82, Batch 130: loss=0.313500
INFO:neural_network:Epoch 82, Batch 140: loss=0.388328
INFO:neural_network:Epoch 82, Batch 150: loss=0.212026
INFO:neural_network:Epoch 82, Batch 160: loss=0.371217
INFO:neural_network:Epoch 82, Batch 170: loss=0.322622
INFO:neural_network:Epoch 82, Batch 180: loss=0.282473
INFO:neural_network:Epoch 82, Batch 190: loss=0.323543
INFO:neural_network:Epoch 82, Batch 200: loss=0.349956
INFO:neural_network:Epoch 82, Batch 210: loss=0.246542
INFO:neural_network:Epoch 82, Batch 220: loss=0.330463
INFO:neural_network:Epoch 82, Batch 230: loss=0.306879
INFO:neural_network:Epoch 82, Batch 240: loss=0.428555
INFO:neural_network:Epoch 82, Batch 250: loss=0.286235
INFO:neural_network:Epoch 82, Batch 260: loss=0.259341
INFO:neural_network:Epoch 82, Batch 270: loss=0.382291
INFO:neural_network:Epoch 82, Batch 280: loss=0.312785
INFO:neural_network:Epoch 82, Batch 290: loss=0.269952
INFO:neural_network:Epoch   82/200: train_loss=0.306214 (batch_avg=0.307034), lr=0.001
INFO:neural_network:Accuracy: 0.9300 (93/100 correct)
INFO:neural_network:  -> Validation accuracy: 0.9300
INFO:neural_network:Epoch 83, Batch 0: loss=0.285458
INFO:neural_network:Epoch 83, Batch 10: loss=0.283839
INFO:neural_network:Epoch 83, Batch 20: loss=0.360076
INFO:neural_network:Epoch 83, Batch 30: loss=0.287286
INFO:neural_network:Epoch 83, Batch 40: loss=0.274637
INFO:neural_network:Epoch 83, Batch 50: loss=0.295136
INFO:neural_network:Epoch 83, Batch 60: loss=0.296344
INFO:neural_network:Epoch 83, Batch 70: loss=0.254317
INFO:neural_network:Epoch 83, Batch 80: loss=0.338709
INFO:neural_network:Epoch 83, Batch 90: loss=0.266164
INFO:neural_network:Epoch 83, Batch 100: loss=0.251512
INFO:neural_network:Epoch 83, Batch 110: loss=0.250530
INFO:neural_network:Epoch 83, Batch 120: loss=0.178002
INFO:neural_network:Epoch 83, Batch 130: loss=0.337884
INFO:neural_network:Epoch 83, Batch 140: loss=0.235253
INFO:neural_network:Epoch 83, Batch 150: loss=0.293914
INFO:neural_network:Epoch 83, Batch 160: loss=0.372854
INFO:neural_network:Epoch 83, Batch 170: loss=0.272453
INFO:neural_network:Epoch 83, Batch 180: loss=0.359580
INFO:neural_network:Epoch 83, Batch 190: loss=0.273014
INFO:neural_network:Epoch 83, Batch 200: loss=0.446860
INFO:neural_network:Epoch 83, Batch 210: loss=0.351922
INFO:neural_network:Epoch 83, Batch 220: loss=0.397160
INFO:neural_network:Epoch 83, Batch 230: loss=0.307504
INFO:neural_network:Epoch 83, Batch 240: loss=0.290088
INFO:neural_network:Epoch 83, Batch 250: loss=0.338070
INFO:neural_network:Epoch 83, Batch 260: loss=0.339620
INFO:neural_network:Epoch 83, Batch 270: loss=0.329466
INFO:neural_network:Epoch 83, Batch 280: loss=0.373292
INFO:neural_network:Epoch 83, Batch 290: loss=0.272283
INFO:neural_network:Epoch   83/200: train_loss=0.305059 (batch_avg=0.305863), lr=0.001
INFO:neural_network:Accuracy: 0.9500 (95/100 correct)
INFO:neural_network:  -> Validation accuracy: 0.9500
INFO:neural_network:Epoch 84, Batch 0: loss=0.299984
INFO:neural_network:Epoch 84, Batch 10: loss=0.228168
INFO:neural_network:Epoch 84, Batch 20: loss=0.310207
INFO:neural_network:Epoch 84, Batch 30: loss=0.232781
INFO:neural_network:Epoch 84, Batch 40: loss=0.366515
INFO:neural_network:Epoch 84, Batch 50: loss=0.247017
INFO:neural_network:Epoch 84, Batch 60: loss=0.256867
INFO:neural_network:Epoch 84, Batch 70: loss=0.203323
INFO:neural_network:Epoch 84, Batch 80: loss=0.306964
INFO:neural_network:Epoch 84, Batch 90: loss=0.327915
INFO:neural_network:Epoch 84, Batch 100: loss=0.264660
INFO:neural_network:Epoch 84, Batch 110: loss=0.269814
INFO:neural_network:Epoch 84, Batch 120: loss=0.320719
INFO:neural_network:Epoch 84, Batch 130: loss=0.294565
INFO:neural_network:Epoch 84, Batch 140: loss=0.265026
INFO:neural_network:Epoch 84, Batch 150: loss=0.405635
INFO:neural_network:Epoch 84, Batch 160: loss=0.473974
INFO:neural_network:Epoch 84, Batch 170: loss=0.295950
INFO:neural_network:Epoch 84, Batch 180: loss=0.325475
INFO:neural_network:Epoch 84, Batch 190: loss=0.257121
INFO:neural_network:Epoch 84, Batch 200: loss=0.311772
INFO:neural_network:Epoch 84, Batch 210: loss=0.301375
INFO:neural_network:Epoch 84, Batch 220: loss=0.421535
INFO:neural_network:Epoch 84, Batch 230: loss=0.501096
INFO:neural_network:Epoch 84, Batch 240: loss=0.246101
INFO:neural_network:Epoch 84, Batch 250: loss=0.251493
INFO:neural_network:Epoch 84, Batch 260: loss=0.207159
INFO:neural_network:Epoch 84, Batch 270: loss=0.274318
INFO:neural_network:Epoch 84, Batch 280: loss=0.282915
INFO:neural_network:Epoch 84, Batch 290: loss=0.287784
INFO:neural_network:Epoch   84/200: train_loss=0.303929 (batch_avg=0.304698), lr=0.001
INFO:neural_network:Accuracy: 0.9200 (92/100 correct)
INFO:neural_network:  -> Validation accuracy: 0.9200
INFO:neural_network:Epoch 85, Batch 0: loss=0.332656
INFO:neural_network:Epoch 85, Batch 10: loss=0.304807
INFO:neural_network:Epoch 85, Batch 20: loss=0.378074
INFO:neural_network:Epoch 85, Batch 30: loss=0.230201
INFO:neural_network:Epoch 85, Batch 40: loss=0.289150
INFO:neural_network:Epoch 85, Batch 50: loss=0.293491
INFO:neural_network:Epoch 85, Batch 60: loss=0.245824
INFO:neural_network:Epoch 85, Batch 70: loss=0.270915
INFO:neural_network:Epoch 85, Batch 80: loss=0.224744
INFO:neural_network:Epoch 85, Batch 90: loss=0.304444
INFO:neural_network:Epoch 85, Batch 100: loss=0.323993
INFO:neural_network:Epoch 85, Batch 110: loss=0.351293
INFO:neural_network:Epoch 85, Batch 120: loss=0.198814
INFO:neural_network:Epoch 85, Batch 130: loss=0.264859
INFO:neural_network:Epoch 85, Batch 140: loss=0.239365
INFO:neural_network:Epoch 85, Batch 150: loss=0.317841
INFO:neural_network:Epoch 85, Batch 160: loss=0.337097
INFO:neural_network:Epoch 85, Batch 170: loss=0.381719
INFO:neural_network:Epoch 85, Batch 180: loss=0.302107
INFO:neural_network:Epoch 85, Batch 190: loss=0.232640
INFO:neural_network:Epoch 85, Batch 200: loss=0.369534
INFO:neural_network:Epoch 85, Batch 210: loss=0.363138
INFO:neural_network:Epoch 85, Batch 220: loss=0.293330
INFO:neural_network:Epoch 85, Batch 230: loss=0.371818
INFO:neural_network:Epoch 85, Batch 240: loss=0.267061
INFO:neural_network:Epoch 85, Batch 250: loss=0.262496
INFO:neural_network:Epoch 85, Batch 260: loss=0.328231
INFO:neural_network:Epoch 85, Batch 270: loss=0.303659
INFO:neural_network:Epoch 85, Batch 280: loss=0.338718
INFO:neural_network:Epoch 85, Batch 290: loss=0.236509
INFO:neural_network:Epoch   85/200: train_loss=0.302905 (batch_avg=0.303511), lr=0.001
INFO:neural_network:Accuracy: 0.8900 (89/100 correct)
INFO:neural_network:  -> Validation accuracy: 0.8900
INFO:neural_network:Epoch 86, Batch 0: loss=0.332922
INFO:neural_network:Epoch 86, Batch 10: loss=0.358111
INFO:neural_network:Epoch 86, Batch 20: loss=0.205859
INFO:neural_network:Epoch 86, Batch 30: loss=0.267196
INFO:neural_network:Epoch 86, Batch 40: loss=0.179659
INFO:neural_network:Epoch 86, Batch 50: loss=0.292840
INFO:neural_network:Epoch 86, Batch 60: loss=0.210513
INFO:neural_network:Epoch 86, Batch 70: loss=0.260655
INFO:neural_network:Epoch 86, Batch 80: loss=0.304148
INFO:neural_network:Epoch 86, Batch 90: loss=0.324527
INFO:neural_network:Epoch 86, Batch 100: loss=0.328781
INFO:neural_network:Epoch 86, Batch 110: loss=0.286296
INFO:neural_network:Epoch 86, Batch 120: loss=0.307166
INFO:neural_network:Epoch 86, Batch 130: loss=0.400061
INFO:neural_network:Epoch 86, Batch 140: loss=0.236781
INFO:neural_network:Epoch 86, Batch 150: loss=0.264790
INFO:neural_network:Epoch 86, Batch 160: loss=0.398877
INFO:neural_network:Epoch 86, Batch 170: loss=0.238987
INFO:neural_network:Epoch 86, Batch 180: loss=0.463781
INFO:neural_network:Epoch 86, Batch 190: loss=0.297820
INFO:neural_network:Epoch 86, Batch 200: loss=0.299879
INFO:neural_network:Epoch 86, Batch 210: loss=0.276132
INFO:neural_network:Epoch 86, Batch 220: loss=0.221151
INFO:neural_network:Epoch 86, Batch 230: loss=0.399309
INFO:neural_network:Epoch 86, Batch 240: loss=0.318108
INFO:neural_network:Epoch 86, Batch 250: loss=0.258223
INFO:neural_network:Epoch 86, Batch 260: loss=0.342675
INFO:neural_network:Epoch 86, Batch 270: loss=0.286540
INFO:neural_network:Epoch 86, Batch 280: loss=0.223371
INFO:neural_network:Epoch 86, Batch 290: loss=0.339602
INFO:neural_network:Epoch   86/200: train_loss=0.301687 (batch_avg=0.302428), lr=0.001
INFO:neural_network:Accuracy: 0.9900 (99/100 correct)
INFO:neural_network:  -> Validation accuracy: 0.9900
INFO:neural_network:Epoch 87, Batch 0: loss=0.295155
INFO:neural_network:Epoch 87, Batch 10: loss=0.275427
INFO:neural_network:Epoch 87, Batch 20: loss=0.274502
INFO:neural_network:Epoch 87, Batch 30: loss=0.271839
INFO:neural_network:Epoch 87, Batch 40: loss=0.268148
INFO:neural_network:Epoch 87, Batch 50: loss=0.227983
INFO:neural_network:Epoch 87, Batch 60: loss=0.373913
INFO:neural_network:Epoch 87, Batch 70: loss=0.252218
INFO:neural_network:Epoch 87, Batch 80: loss=0.345072
INFO:neural_network:Epoch 87, Batch 90: loss=0.267814
INFO:neural_network:Epoch 87, Batch 100: loss=0.414010
INFO:neural_network:Epoch 87, Batch 110: loss=0.307477
INFO:neural_network:Epoch 87, Batch 120: loss=0.312122
INFO:neural_network:Epoch 87, Batch 130: loss=0.303795
INFO:neural_network:Epoch 87, Batch 140: loss=0.348934
INFO:neural_network:Epoch 87, Batch 150: loss=0.312050
INFO:neural_network:Epoch 87, Batch 160: loss=0.440498
INFO:neural_network:Epoch 87, Batch 170: loss=0.332767
INFO:neural_network:Epoch 87, Batch 180: loss=0.398372
INFO:neural_network:Epoch 87, Batch 190: loss=0.405493
INFO:neural_network:Epoch 87, Batch 200: loss=0.323548
INFO:neural_network:Epoch 87, Batch 210: loss=0.308751
INFO:neural_network:Epoch 87, Batch 220: loss=0.344492
INFO:neural_network:Epoch 87, Batch 230: loss=0.251886
INFO:neural_network:Epoch 87, Batch 240: loss=0.321112
INFO:neural_network:Epoch 87, Batch 250: loss=0.301504
INFO:neural_network:Epoch 87, Batch 260: loss=0.276945
INFO:neural_network:Epoch 87, Batch 270: loss=0.305043
INFO:neural_network:Epoch 87, Batch 280: loss=0.322657
INFO:neural_network:Epoch 87, Batch 290: loss=0.319067
INFO:neural_network:Epoch   87/200: train_loss=0.300560 (batch_avg=0.301333), lr=0.001
INFO:neural_network:Accuracy: 0.9800 (98/100 correct)
INFO:neural_network:  -> Validation accuracy: 0.9800
INFO:neural_network:Epoch 88, Batch 0: loss=0.247234
INFO:neural_network:Epoch 88, Batch 10: loss=0.251376
INFO:neural_network:Epoch 88, Batch 20: loss=0.281070
INFO:neural_network:Epoch 88, Batch 30: loss=0.314315
INFO:neural_network:Epoch 88, Batch 40: loss=0.224389
INFO:neural_network:Epoch 88, Batch 50: loss=0.277879
INFO:neural_network:Epoch 88, Batch 60: loss=0.365345
INFO:neural_network:Epoch 88, Batch 70: loss=0.307101
INFO:neural_network:Epoch 88, Batch 80: loss=0.196204
INFO:neural_network:Epoch 88, Batch 90: loss=0.264505
INFO:neural_network:Epoch 88, Batch 100: loss=0.322502
INFO:neural_network:Epoch 88, Batch 110: loss=0.345553
INFO:neural_network:Epoch 88, Batch 120: loss=0.262182
INFO:neural_network:Epoch 88, Batch 130: loss=0.261626
INFO:neural_network:Epoch 88, Batch 140: loss=0.231976
INFO:neural_network:Epoch 88, Batch 150: loss=0.207743
INFO:neural_network:Epoch 88, Batch 160: loss=0.398661
INFO:neural_network:Epoch 88, Batch 170: loss=0.312557
INFO:neural_network:Epoch 88, Batch 180: loss=0.342667
INFO:neural_network:Epoch 88, Batch 190: loss=0.312811
INFO:neural_network:Epoch 88, Batch 200: loss=0.337550
INFO:neural_network:Epoch 88, Batch 210: loss=0.265429
INFO:neural_network:Epoch 88, Batch 220: loss=0.265369
INFO:neural_network:Epoch 88, Batch 230: loss=0.345588
INFO:neural_network:Epoch 88, Batch 240: loss=0.259442
INFO:neural_network:Epoch 88, Batch 250: loss=0.280502
INFO:neural_network:Epoch 88, Batch 260: loss=0.376222
INFO:neural_network:Epoch 88, Batch 270: loss=0.316855
INFO:neural_network:Epoch 88, Batch 280: loss=0.295587
INFO:neural_network:Epoch 88, Batch 290: loss=0.249427
INFO:neural_network:Epoch   88/200: train_loss=0.299507 (batch_avg=0.300225), lr=0.001
INFO:neural_network:Accuracy: 0.9300 (93/100 correct)
INFO:neural_network:  -> Validation accuracy: 0.9300
INFO:neural_network:Epoch 89, Batch 0: loss=0.238887
INFO:neural_network:Epoch 89, Batch 10: loss=0.268588
INFO:neural_network:Epoch 89, Batch 20: loss=0.193900
INFO:neural_network:Epoch 89, Batch 30: loss=0.424069
INFO:neural_network:Epoch 89, Batch 40: loss=0.352374
INFO:neural_network:Epoch 89, Batch 50: loss=0.310405
INFO:neural_network:Epoch 89, Batch 60: loss=0.312116
INFO:neural_network:Epoch 89, Batch 70: loss=0.307748
INFO:neural_network:Epoch 89, Batch 80: loss=0.363182
INFO:neural_network:Epoch 89, Batch 90: loss=0.285778
INFO:neural_network:Epoch 89, Batch 100: loss=0.233126
INFO:neural_network:Epoch 89, Batch 110: loss=0.211665
INFO:neural_network:Epoch 89, Batch 120: loss=0.342946
INFO:neural_network:Epoch 89, Batch 130: loss=0.288236
INFO:neural_network:Epoch 89, Batch 140: loss=0.267746
INFO:neural_network:Epoch 89, Batch 150: loss=0.230705
INFO:neural_network:Epoch 89, Batch 160: loss=0.378101
INFO:neural_network:Epoch 89, Batch 170: loss=0.311267
INFO:neural_network:Epoch 89, Batch 180: loss=0.302130
INFO:neural_network:Epoch 89, Batch 190: loss=0.349447
INFO:neural_network:Epoch 89, Batch 200: loss=0.284796
INFO:neural_network:Epoch 89, Batch 210: loss=0.328563
INFO:neural_network:Epoch 89, Batch 220: loss=0.321678
INFO:neural_network:Epoch 89, Batch 230: loss=0.248143
INFO:neural_network:Epoch 89, Batch 240: loss=0.279933
INFO:neural_network:Epoch 89, Batch 250: loss=0.362790
INFO:neural_network:Epoch 89, Batch 260: loss=0.332409
INFO:neural_network:Epoch 89, Batch 270: loss=0.172659
INFO:neural_network:Epoch 89, Batch 280: loss=0.392119
INFO:neural_network:Epoch 89, Batch 290: loss=0.320909
INFO:neural_network:Epoch   89/200: train_loss=0.298376 (batch_avg=0.299173), lr=0.001
INFO:neural_network:Accuracy: 0.8900 (89/100 correct)
INFO:neural_network:  -> Validation accuracy: 0.8900
INFO:neural_network:Epoch 90, Batch 0: loss=0.278053
INFO:neural_network:Epoch 90, Batch 10: loss=0.293691
INFO:neural_network:Epoch 90, Batch 20: loss=0.273842
INFO:neural_network:Epoch 90, Batch 30: loss=0.277882
INFO:neural_network:Epoch 90, Batch 40: loss=0.358321
INFO:neural_network:Epoch 90, Batch 50: loss=0.285535
INFO:neural_network:Epoch 90, Batch 60: loss=0.376497
INFO:neural_network:Epoch 90, Batch 70: loss=0.286927
INFO:neural_network:Epoch 90, Batch 80: loss=0.391863
INFO:neural_network:Epoch 90, Batch 90: loss=0.329693
INFO:neural_network:Epoch 90, Batch 100: loss=0.388621
INFO:neural_network:Epoch 90, Batch 110: loss=0.248024
INFO:neural_network:Epoch 90, Batch 120: loss=0.273167
INFO:neural_network:Epoch 90, Batch 130: loss=0.329959
INFO:neural_network:Epoch 90, Batch 140: loss=0.320011
INFO:neural_network:Epoch 90, Batch 150: loss=0.371578
INFO:neural_network:Epoch 90, Batch 160: loss=0.306368
INFO:neural_network:Epoch 90, Batch 170: loss=0.275977
INFO:neural_network:Epoch 90, Batch 180: loss=0.310152
INFO:neural_network:Epoch 90, Batch 190: loss=0.372902
INFO:neural_network:Epoch 90, Batch 200: loss=0.371105
INFO:neural_network:Epoch 90, Batch 210: loss=0.269778
INFO:neural_network:Epoch 90, Batch 220: loss=0.250152
INFO:neural_network:Epoch 90, Batch 230: loss=0.299517
INFO:neural_network:Epoch 90, Batch 240: loss=0.305819
INFO:neural_network:Epoch 90, Batch 250: loss=0.278459
INFO:neural_network:Epoch 90, Batch 260: loss=0.323446
INFO:neural_network:Epoch 90, Batch 270: loss=0.295261
INFO:neural_network:Epoch 90, Batch 280: loss=0.364014
INFO:neural_network:Epoch 90, Batch 290: loss=0.420103
INFO:neural_network:Epoch   90/200: train_loss=0.297301 (batch_avg=0.298087), lr=0.001
INFO:neural_network:Accuracy: 0.9400 (94/100 correct)
INFO:neural_network:  -> Validation accuracy: 0.9400
INFO:neural_network:Epoch 91, Batch 0: loss=0.350225
INFO:neural_network:Epoch 91, Batch 10: loss=0.188676
INFO:neural_network:Epoch 91, Batch 20: loss=0.247888
INFO:neural_network:Epoch 91, Batch 30: loss=0.266684
INFO:neural_network:Epoch 91, Batch 40: loss=0.286548
INFO:neural_network:Epoch 91, Batch 50: loss=0.259111
INFO:neural_network:Epoch 91, Batch 60: loss=0.401197
INFO:neural_network:Epoch 91, Batch 70: loss=0.228963
INFO:neural_network:Epoch 91, Batch 80: loss=0.292235
INFO:neural_network:Epoch 91, Batch 90: loss=0.359435
INFO:neural_network:Epoch 91, Batch 100: loss=0.367618
INFO:neural_network:Epoch 91, Batch 110: loss=0.381237
INFO:neural_network:Epoch 91, Batch 120: loss=0.263461
INFO:neural_network:Epoch 91, Batch 130: loss=0.410456
INFO:neural_network:Epoch 91, Batch 140: loss=0.400961
INFO:neural_network:Epoch 91, Batch 150: loss=0.329400
INFO:neural_network:Epoch 91, Batch 160: loss=0.369135
INFO:neural_network:Epoch 91, Batch 170: loss=0.303025
INFO:neural_network:Epoch 91, Batch 180: loss=0.320661
INFO:neural_network:Epoch 91, Batch 190: loss=0.337442
INFO:neural_network:Epoch 91, Batch 200: loss=0.351970
INFO:neural_network:Epoch 91, Batch 210: loss=0.232920
INFO:neural_network:Epoch 91, Batch 220: loss=0.273330
INFO:neural_network:Epoch 91, Batch 230: loss=0.317034
INFO:neural_network:Epoch 91, Batch 240: loss=0.281751
INFO:neural_network:Epoch 91, Batch 250: loss=0.322374
INFO:neural_network:Epoch 91, Batch 260: loss=0.231902
INFO:neural_network:Epoch 91, Batch 270: loss=0.216258
INFO:neural_network:Epoch 91, Batch 280: loss=0.390653
INFO:neural_network:Epoch 91, Batch 290: loss=0.297203
INFO:neural_network:Epoch   91/200: train_loss=0.296253 (batch_avg=0.297001), lr=0.001
INFO:neural_network:Accuracy: 0.9300 (93/100 correct)
INFO:neural_network:  -> Validation accuracy: 0.9300
INFO:neural_network:Epoch 92, Batch 0: loss=0.232663
INFO:neural_network:Epoch 92, Batch 10: loss=0.267370
INFO:neural_network:Epoch 92, Batch 20: loss=0.368024
INFO:neural_network:Epoch 92, Batch 30: loss=0.318332
INFO:neural_network:Epoch 92, Batch 40: loss=0.358496
INFO:neural_network:Epoch 92, Batch 50: loss=0.314305
INFO:neural_network:Epoch 92, Batch 60: loss=0.191135
INFO:neural_network:Epoch 92, Batch 70: loss=0.311770
INFO:neural_network:Epoch 92, Batch 80: loss=0.224126
INFO:neural_network:Epoch 92, Batch 90: loss=0.344543
INFO:neural_network:Epoch 92, Batch 100: loss=0.336830
INFO:neural_network:Epoch 92, Batch 110: loss=0.377932
INFO:neural_network:Epoch 92, Batch 120: loss=0.259511
INFO:neural_network:Epoch 92, Batch 130: loss=0.307973
INFO:neural_network:Epoch 92, Batch 140: loss=0.438299
INFO:neural_network:Epoch 92, Batch 150: loss=0.288830
INFO:neural_network:Epoch 92, Batch 160: loss=0.269313
INFO:neural_network:Epoch 92, Batch 170: loss=0.280890
INFO:neural_network:Epoch 92, Batch 180: loss=0.326146
INFO:neural_network:Epoch 92, Batch 190: loss=0.215443
INFO:neural_network:Epoch 92, Batch 200: loss=0.415575
INFO:neural_network:Epoch 92, Batch 210: loss=0.386030
INFO:neural_network:Epoch 92, Batch 220: loss=0.237889
INFO:neural_network:Epoch 92, Batch 230: loss=0.375828
INFO:neural_network:Epoch 92, Batch 240: loss=0.281186
INFO:neural_network:Epoch 92, Batch 250: loss=0.241606
INFO:neural_network:Epoch 92, Batch 260: loss=0.389263
INFO:neural_network:Epoch 92, Batch 270: loss=0.291457
INFO:neural_network:Epoch 92, Batch 280: loss=0.256370
INFO:neural_network:Epoch 92, Batch 290: loss=0.373140
INFO:neural_network:Epoch   92/200: train_loss=0.295211 (batch_avg=0.295974), lr=0.001
INFO:neural_network:Accuracy: 0.9100 (91/100 correct)
INFO:neural_network:  -> Validation accuracy: 0.9100
INFO:neural_network:Epoch 93, Batch 0: loss=0.260533
INFO:neural_network:Epoch 93, Batch 10: loss=0.351736
INFO:neural_network:Epoch 93, Batch 20: loss=0.353342
INFO:neural_network:Epoch 93, Batch 30: loss=0.293254
INFO:neural_network:Epoch 93, Batch 40: loss=0.341906
INFO:neural_network:Epoch 93, Batch 50: loss=0.234342
INFO:neural_network:Epoch 93, Batch 60: loss=0.290477
INFO:neural_network:Epoch 93, Batch 70: loss=0.250514
INFO:neural_network:Epoch 93, Batch 80: loss=0.259525
INFO:neural_network:Epoch 93, Batch 90: loss=0.249614
INFO:neural_network:Epoch 93, Batch 100: loss=0.312285
INFO:neural_network:Epoch 93, Batch 110: loss=0.225688
INFO:neural_network:Epoch 93, Batch 120: loss=0.255908
INFO:neural_network:Epoch 93, Batch 130: loss=0.315333
INFO:neural_network:Epoch 93, Batch 140: loss=0.251117
INFO:neural_network:Epoch 93, Batch 150: loss=0.223718
INFO:neural_network:Epoch 93, Batch 160: loss=0.299737
INFO:neural_network:Epoch 93, Batch 170: loss=0.271271
INFO:neural_network:Epoch 93, Batch 180: loss=0.335907
INFO:neural_network:Epoch 93, Batch 190: loss=0.300729
INFO:neural_network:Epoch 93, Batch 200: loss=0.353731
INFO:neural_network:Epoch 93, Batch 210: loss=0.367040
INFO:neural_network:Epoch 93, Batch 220: loss=0.309746
INFO:neural_network:Epoch 93, Batch 230: loss=0.258543
INFO:neural_network:Epoch 93, Batch 240: loss=0.368995
INFO:neural_network:Epoch 93, Batch 250: loss=0.380899
INFO:neural_network:Epoch 93, Batch 260: loss=0.293427
INFO:neural_network:Epoch 93, Batch 270: loss=0.276955
INFO:neural_network:Epoch 93, Batch 280: loss=0.244435
INFO:neural_network:Epoch 93, Batch 290: loss=0.321462
INFO:neural_network:Epoch   93/200: train_loss=0.294175 (batch_avg=0.294945), lr=0.001
INFO:neural_network:Accuracy: 0.9000 (90/100 correct)
INFO:neural_network:  -> Validation accuracy: 0.9000
INFO:neural_network:Epoch 94, Batch 0: loss=0.331563
INFO:neural_network:Epoch 94, Batch 10: loss=0.204675
INFO:neural_network:Epoch 94, Batch 20: loss=0.320709
INFO:neural_network:Epoch 94, Batch 30: loss=0.383216
INFO:neural_network:Epoch 94, Batch 40: loss=0.306722
INFO:neural_network:Epoch 94, Batch 50: loss=0.262334
INFO:neural_network:Epoch 94, Batch 60: loss=0.288030
INFO:neural_network:Epoch 94, Batch 70: loss=0.327147
INFO:neural_network:Epoch 94, Batch 80: loss=0.242651
INFO:neural_network:Epoch 94, Batch 90: loss=0.268376
INFO:neural_network:Epoch 94, Batch 100: loss=0.274846
INFO:neural_network:Epoch 94, Batch 110: loss=0.313772
INFO:neural_network:Epoch 94, Batch 120: loss=0.311526
INFO:neural_network:Epoch 94, Batch 130: loss=0.314368
INFO:neural_network:Epoch 94, Batch 140: loss=0.323823
INFO:neural_network:Epoch 94, Batch 150: loss=0.275792
INFO:neural_network:Epoch 94, Batch 160: loss=0.309598
INFO:neural_network:Epoch 94, Batch 170: loss=0.253118
INFO:neural_network:Epoch 94, Batch 180: loss=0.328345
INFO:neural_network:Epoch 94, Batch 190: loss=0.157666
INFO:neural_network:Epoch 94, Batch 200: loss=0.325075
INFO:neural_network:Epoch 94, Batch 210: loss=0.232638
INFO:neural_network:Epoch 94, Batch 220: loss=0.219484
INFO:neural_network:Epoch 94, Batch 230: loss=0.329871
INFO:neural_network:Epoch 94, Batch 240: loss=0.249549
INFO:neural_network:Epoch 94, Batch 250: loss=0.290840
INFO:neural_network:Epoch 94, Batch 260: loss=0.305634
INFO:neural_network:Epoch 94, Batch 270: loss=0.375331
INFO:neural_network:Epoch 94, Batch 280: loss=0.187940
INFO:neural_network:Epoch 94, Batch 290: loss=0.298637
INFO:neural_network:Epoch   94/200: train_loss=0.293171 (batch_avg=0.293920), lr=0.001
INFO:neural_network:Accuracy: 0.9600 (96/100 correct)
INFO:neural_network:  -> Validation accuracy: 0.9600
INFO:neural_network:Epoch 95, Batch 0: loss=0.372232
INFO:neural_network:Epoch 95, Batch 10: loss=0.285238
INFO:neural_network:Epoch 95, Batch 20: loss=0.243274
INFO:neural_network:Epoch 95, Batch 30: loss=0.354269
INFO:neural_network:Epoch 95, Batch 40: loss=0.271540
INFO:neural_network:Epoch 95, Batch 50: loss=0.254087
INFO:neural_network:Epoch 95, Batch 60: loss=0.278787
INFO:neural_network:Epoch 95, Batch 70: loss=0.263369
INFO:neural_network:Epoch 95, Batch 80: loss=0.334027
INFO:neural_network:Epoch 95, Batch 90: loss=0.229635
INFO:neural_network:Epoch 95, Batch 100: loss=0.377105
INFO:neural_network:Epoch 95, Batch 110: loss=0.288523
INFO:neural_network:Epoch 95, Batch 120: loss=0.246015
INFO:neural_network:Epoch 95, Batch 130: loss=0.240811
INFO:neural_network:Epoch 95, Batch 140: loss=0.277712
INFO:neural_network:Epoch 95, Batch 150: loss=0.239841
INFO:neural_network:Epoch 95, Batch 160: loss=0.263859
INFO:neural_network:Epoch 95, Batch 170: loss=0.260478
INFO:neural_network:Epoch 95, Batch 180: loss=0.306545
INFO:neural_network:Epoch 95, Batch 190: loss=0.279424
INFO:neural_network:Epoch 95, Batch 200: loss=0.275193
INFO:neural_network:Epoch 95, Batch 210: loss=0.241414
INFO:neural_network:Epoch 95, Batch 220: loss=0.233860
INFO:neural_network:Epoch 95, Batch 230: loss=0.329356
INFO:neural_network:Epoch 95, Batch 240: loss=0.298045
INFO:neural_network:Epoch 95, Batch 250: loss=0.380870
INFO:neural_network:Epoch 95, Batch 260: loss=0.374351
INFO:neural_network:Epoch 95, Batch 270: loss=0.213320
INFO:neural_network:Epoch 95, Batch 280: loss=0.339061
INFO:neural_network:Epoch 95, Batch 290: loss=0.281578
INFO:neural_network:Epoch   95/200: train_loss=0.292164 (batch_avg=0.292893), lr=0.001
INFO:neural_network:Accuracy: 0.9100 (91/100 correct)
INFO:neural_network:  -> Validation accuracy: 0.9100
INFO:neural_network:Epoch 96, Batch 0: loss=0.283876
INFO:neural_network:Epoch 96, Batch 10: loss=0.245865
INFO:neural_network:Epoch 96, Batch 20: loss=0.290267
INFO:neural_network:Epoch 96, Batch 30: loss=0.226334
INFO:neural_network:Epoch 96, Batch 40: loss=0.392766
INFO:neural_network:Epoch 96, Batch 50: loss=0.301665
INFO:neural_network:Epoch 96, Batch 60: loss=0.298693
INFO:neural_network:Epoch 96, Batch 70: loss=0.249518
INFO:neural_network:Epoch 96, Batch 80: loss=0.299662
INFO:neural_network:Epoch 96, Batch 90: loss=0.278833
INFO:neural_network:Epoch 96, Batch 100: loss=0.323282
INFO:neural_network:Epoch 96, Batch 110: loss=0.297717
INFO:neural_network:Epoch 96, Batch 120: loss=0.343180
INFO:neural_network:Epoch 96, Batch 130: loss=0.290793
INFO:neural_network:Epoch 96, Batch 140: loss=0.295812
INFO:neural_network:Epoch 96, Batch 150: loss=0.254983
INFO:neural_network:Epoch 96, Batch 160: loss=0.211290
INFO:neural_network:Epoch 96, Batch 170: loss=0.338847
INFO:neural_network:Epoch 96, Batch 180: loss=0.383309
INFO:neural_network:Epoch 96, Batch 190: loss=0.279888
INFO:neural_network:Epoch 96, Batch 200: loss=0.307372
INFO:neural_network:Epoch 96, Batch 210: loss=0.383532
INFO:neural_network:Epoch 96, Batch 220: loss=0.289957
INFO:neural_network:Epoch 96, Batch 230: loss=0.325661
INFO:neural_network:Epoch 96, Batch 240: loss=0.290744
INFO:neural_network:Epoch 96, Batch 250: loss=0.207046
INFO:neural_network:Epoch 96, Batch 260: loss=0.293162
INFO:neural_network:Epoch 96, Batch 270: loss=0.356359
INFO:neural_network:Epoch 96, Batch 280: loss=0.216211
INFO:neural_network:Epoch 96, Batch 290: loss=0.291617
INFO:neural_network:Epoch   96/200: train_loss=0.291198 (batch_avg=0.291866), lr=0.001
INFO:neural_network:Accuracy: 0.9200 (92/100 correct)
INFO:neural_network:  -> Validation accuracy: 0.9200
INFO:neural_network:Epoch 97, Batch 0: loss=0.318849
INFO:neural_network:Epoch 97, Batch 10: loss=0.243220
INFO:neural_network:Epoch 97, Batch 20: loss=0.266509
INFO:neural_network:Epoch 97, Batch 30: loss=0.299707
INFO:neural_network:Epoch 97, Batch 40: loss=0.320518
INFO:neural_network:Epoch 97, Batch 50: loss=0.241800
INFO:neural_network:Epoch 97, Batch 60: loss=0.266331
INFO:neural_network:Epoch 97, Batch 70: loss=0.245316
INFO:neural_network:Epoch 97, Batch 80: loss=0.295436
INFO:neural_network:Epoch 97, Batch 90: loss=0.238170
INFO:neural_network:Epoch 97, Batch 100: loss=0.323985
INFO:neural_network:Epoch 97, Batch 110: loss=0.314006
INFO:neural_network:Epoch 97, Batch 120: loss=0.276130
INFO:neural_network:Epoch 97, Batch 130: loss=0.312567
INFO:neural_network:Epoch 97, Batch 140: loss=0.345640
INFO:neural_network:Epoch 97, Batch 150: loss=0.363893
INFO:neural_network:Epoch 97, Batch 160: loss=0.253026
INFO:neural_network:Epoch 97, Batch 170: loss=0.229149
INFO:neural_network:Epoch 97, Batch 180: loss=0.242354
INFO:neural_network:Epoch 97, Batch 190: loss=0.250382
INFO:neural_network:Epoch 97, Batch 200: loss=0.317566
INFO:neural_network:Epoch 97, Batch 210: loss=0.248253
INFO:neural_network:Epoch 97, Batch 220: loss=0.296277
INFO:neural_network:Epoch 97, Batch 230: loss=0.262864
INFO:neural_network:Epoch 97, Batch 240: loss=0.265380
INFO:neural_network:Epoch 97, Batch 250: loss=0.241410
INFO:neural_network:Epoch 97, Batch 260: loss=0.251524
INFO:neural_network:Epoch 97, Batch 270: loss=0.338490
INFO:neural_network:Epoch 97, Batch 280: loss=0.223380
INFO:neural_network:Epoch 97, Batch 290: loss=0.300549
INFO:neural_network:Epoch   97/200: train_loss=0.290198 (batch_avg=0.290898), lr=0.001
INFO:neural_network:Accuracy: 0.9500 (95/100 correct)
INFO:neural_network:  -> Validation accuracy: 0.9500
INFO:neural_network:Epoch 98, Batch 0: loss=0.263690
INFO:neural_network:Epoch 98, Batch 10: loss=0.278382
INFO:neural_network:Epoch 98, Batch 20: loss=0.381408
INFO:neural_network:Epoch 98, Batch 30: loss=0.343044
INFO:neural_network:Epoch 98, Batch 40: loss=0.281996
INFO:neural_network:Epoch 98, Batch 50: loss=0.303057
INFO:neural_network:Epoch 98, Batch 60: loss=0.380088
INFO:neural_network:Epoch 98, Batch 70: loss=0.246617
INFO:neural_network:Epoch 98, Batch 80: loss=0.302056
INFO:neural_network:Epoch 98, Batch 90: loss=0.220868
INFO:neural_network:Epoch 98, Batch 100: loss=0.368699
INFO:neural_network:Epoch 98, Batch 110: loss=0.276108
INFO:neural_network:Epoch 98, Batch 120: loss=0.331414
INFO:neural_network:Epoch 98, Batch 130: loss=0.400861
INFO:neural_network:Epoch 98, Batch 140: loss=0.332301
INFO:neural_network:Epoch 98, Batch 150: loss=0.338694
INFO:neural_network:Epoch 98, Batch 160: loss=0.289234
INFO:neural_network:Epoch 98, Batch 170: loss=0.298437
INFO:neural_network:Epoch 98, Batch 180: loss=0.182143
INFO:neural_network:Epoch 98, Batch 190: loss=0.261374
INFO:neural_network:Epoch 98, Batch 200: loss=0.291154
INFO:neural_network:Epoch 98, Batch 210: loss=0.227771
INFO:neural_network:Epoch 98, Batch 220: loss=0.332511
INFO:neural_network:Epoch 98, Batch 230: loss=0.293637
INFO:neural_network:Epoch 98, Batch 240: loss=0.357191
INFO:neural_network:Epoch 98, Batch 250: loss=0.394832
INFO:neural_network:Epoch 98, Batch 260: loss=0.302286
INFO:neural_network:Epoch 98, Batch 270: loss=0.220725
INFO:neural_network:Epoch 98, Batch 280: loss=0.248510
INFO:neural_network:Epoch 98, Batch 290: loss=0.279116
INFO:neural_network:Epoch   98/200: train_loss=0.289265 (batch_avg=0.289879), lr=0.001
INFO:neural_network:Accuracy: 0.9200 (92/100 correct)
INFO:neural_network:  -> Validation accuracy: 0.9200
INFO:neural_network:Epoch 99, Batch 0: loss=0.321828
INFO:neural_network:Epoch 99, Batch 10: loss=0.206552
INFO:neural_network:Epoch 99, Batch 20: loss=0.335139
INFO:neural_network:Epoch 99, Batch 30: loss=0.275563
INFO:neural_network:Epoch 99, Batch 40: loss=0.331424
INFO:neural_network:Epoch 99, Batch 50: loss=0.276831
INFO:neural_network:Epoch 99, Batch 60: loss=0.295244
INFO:neural_network:Epoch 99, Batch 70: loss=0.286626
INFO:neural_network:Epoch 99, Batch 80: loss=0.345633
INFO:neural_network:Epoch 99, Batch 90: loss=0.227447
INFO:neural_network:Epoch 99, Batch 100: loss=0.189689
INFO:neural_network:Epoch 99, Batch 110: loss=0.271342
INFO:neural_network:Epoch 99, Batch 120: loss=0.287311
INFO:neural_network:Epoch 99, Batch 130: loss=0.368324
INFO:neural_network:Epoch 99, Batch 140: loss=0.300941
INFO:neural_network:Epoch 99, Batch 150: loss=0.232653
INFO:neural_network:Epoch 99, Batch 160: loss=0.352340
INFO:neural_network:Epoch 99, Batch 170: loss=0.259238
INFO:neural_network:Epoch 99, Batch 180: loss=0.272349
INFO:neural_network:Epoch 99, Batch 190: loss=0.236898
INFO:neural_network:Epoch 99, Batch 200: loss=0.329579
INFO:neural_network:Epoch 99, Batch 210: loss=0.198488
INFO:neural_network:Epoch 99, Batch 220: loss=0.359223
INFO:neural_network:Epoch 99, Batch 230: loss=0.203724
INFO:neural_network:Epoch 99, Batch 240: loss=0.244362
INFO:neural_network:Epoch 99, Batch 250: loss=0.276545
INFO:neural_network:Epoch 99, Batch 260: loss=0.300862
INFO:neural_network:Epoch 99, Batch 270: loss=0.250412
INFO:neural_network:Epoch 99, Batch 280: loss=0.289453
INFO:neural_network:Epoch 99, Batch 290: loss=0.218193
INFO:neural_network:Epoch   99/200: train_loss=0.288308 (batch_avg=0.288933), lr=0.001
INFO:neural_network:Accuracy: 0.9200 (92/100 correct)
INFO:neural_network:  -> Validation accuracy: 0.9200
INFO:neural_network:Epoch 100, Batch 0: loss=0.334038
INFO:neural_network:Epoch 100, Batch 10: loss=0.275532
INFO:neural_network:Epoch 100, Batch 20: loss=0.311881
INFO:neural_network:Epoch 100, Batch 30: loss=0.276579
INFO:neural_network:Epoch 100, Batch 40: loss=0.220386
INFO:neural_network:Epoch 100, Batch 50: loss=0.282773
INFO:neural_network:Epoch 100, Batch 60: loss=0.359852
INFO:neural_network:Epoch 100, Batch 70: loss=0.267127
INFO:neural_network:Epoch 100, Batch 80: loss=0.255843
INFO:neural_network:Epoch 100, Batch 90: loss=0.289184
INFO:neural_network:Epoch 100, Batch 100: loss=0.312239
INFO:neural_network:Epoch 100, Batch 110: loss=0.298728
INFO:neural_network:Epoch 100, Batch 120: loss=0.361907
INFO:neural_network:Epoch 100, Batch 130: loss=0.307218
INFO:neural_network:Epoch 100, Batch 140: loss=0.260663
INFO:neural_network:Epoch 100, Batch 150: loss=0.236830
INFO:neural_network:Epoch 100, Batch 160: loss=0.276682
INFO:neural_network:Epoch 100, Batch 170: loss=0.336984
INFO:neural_network:Epoch 100, Batch 180: loss=0.215905
INFO:neural_network:Epoch 100, Batch 190: loss=0.257627
INFO:neural_network:Epoch 100, Batch 200: loss=0.336343
INFO:neural_network:Epoch 100, Batch 210: loss=0.245096
INFO:neural_network:Epoch 100, Batch 220: loss=0.298336
INFO:neural_network:Epoch 100, Batch 230: loss=0.285943
INFO:neural_network:Epoch 100, Batch 240: loss=0.287979
INFO:neural_network:Epoch 100, Batch 250: loss=0.239372
INFO:neural_network:Epoch 100, Batch 260: loss=0.307682
INFO:neural_network:Epoch 100, Batch 270: loss=0.265184
INFO:neural_network:Epoch 100, Batch 280: loss=0.274320
INFO:neural_network:Epoch 100, Batch 290: loss=0.374881
INFO:neural_network:Epoch  100/200: train_loss=0.287305 (batch_avg=0.287989), lr=0.001
INFO:neural_network:Accuracy: 0.9500 (95/100 correct)
INFO:neural_network:  -> Validation accuracy: 0.9500
INFO:neural_network:Epoch 101, Batch 0: loss=0.328330
INFO:neural_network:Epoch 101, Batch 10: loss=0.272241
INFO:neural_network:Epoch 101, Batch 20: loss=0.297851
INFO:neural_network:Epoch 101, Batch 30: loss=0.214475
INFO:neural_network:Epoch 101, Batch 40: loss=0.241942
INFO:neural_network:Epoch 101, Batch 50: loss=0.280110
INFO:neural_network:Epoch 101, Batch 60: loss=0.289661
INFO:neural_network:Epoch 101, Batch 70: loss=0.194710
INFO:neural_network:Epoch 101, Batch 80: loss=0.313175
INFO:neural_network:Epoch 101, Batch 90: loss=0.318709
INFO:neural_network:Epoch 101, Batch 100: loss=0.274983
INFO:neural_network:Epoch 101, Batch 110: loss=0.258938
INFO:neural_network:Epoch 101, Batch 120: loss=0.266529
INFO:neural_network:Epoch 101, Batch 130: loss=0.214680
INFO:neural_network:Epoch 101, Batch 140: loss=0.294367
INFO:neural_network:Epoch 101, Batch 150: loss=0.366804
INFO:neural_network:Epoch 101, Batch 160: loss=0.326332
INFO:neural_network:Epoch 101, Batch 170: loss=0.252358
INFO:neural_network:Epoch 101, Batch 180: loss=0.289165
INFO:neural_network:Epoch 101, Batch 190: loss=0.270349
INFO:neural_network:Epoch 101, Batch 200: loss=0.277719
INFO:neural_network:Epoch 101, Batch 210: loss=0.335048
INFO:neural_network:Epoch 101, Batch 220: loss=0.308400
INFO:neural_network:Epoch 101, Batch 230: loss=0.321956
INFO:neural_network:Epoch 101, Batch 240: loss=0.298067
INFO:neural_network:Epoch 101, Batch 250: loss=0.224832
INFO:neural_network:Epoch 101, Batch 260: loss=0.235218
INFO:neural_network:Epoch 101, Batch 270: loss=0.288249
INFO:neural_network:Epoch 101, Batch 280: loss=0.333232
INFO:neural_network:Epoch 101, Batch 290: loss=0.251742
INFO:neural_network:Epoch  101/200: train_loss=0.286361 (batch_avg=0.287043), lr=0.001
INFO:neural_network:Accuracy: 0.9300 (93/100 correct)
INFO:neural_network:  -> Validation accuracy: 0.9300
INFO:neural_network:Epoch 102, Batch 0: loss=0.206808
INFO:neural_network:Epoch 102, Batch 10: loss=0.304246
INFO:neural_network:Epoch 102, Batch 20: loss=0.289158
INFO:neural_network:Epoch 102, Batch 30: loss=0.329898
INFO:neural_network:Epoch 102, Batch 40: loss=0.352403
INFO:neural_network:Epoch 102, Batch 50: loss=0.249897
INFO:neural_network:Epoch 102, Batch 60: loss=0.400542
INFO:neural_network:Epoch 102, Batch 70: loss=0.206406
INFO:neural_network:Epoch 102, Batch 80: loss=0.292740
INFO:neural_network:Epoch 102, Batch 90: loss=0.282624
INFO:neural_network:Epoch 102, Batch 100: loss=0.322916
INFO:neural_network:Epoch 102, Batch 110: loss=0.222743
INFO:neural_network:Epoch 102, Batch 120: loss=0.338862
INFO:neural_network:Epoch 102, Batch 130: loss=0.333845
INFO:neural_network:Epoch 102, Batch 140: loss=0.329568
INFO:neural_network:Epoch 102, Batch 150: loss=0.286553
INFO:neural_network:Epoch 102, Batch 160: loss=0.280081
INFO:neural_network:Epoch 102, Batch 170: loss=0.230707
INFO:neural_network:Epoch 102, Batch 180: loss=0.255160
INFO:neural_network:Epoch 102, Batch 190: loss=0.269565
INFO:neural_network:Epoch 102, Batch 200: loss=0.317019
INFO:neural_network:Epoch 102, Batch 210: loss=0.211211
INFO:neural_network:Epoch 102, Batch 220: loss=0.199606
INFO:neural_network:Epoch 102, Batch 230: loss=0.269227
INFO:neural_network:Epoch 102, Batch 240: loss=0.179650
INFO:neural_network:Epoch 102, Batch 250: loss=0.238809
INFO:neural_network:Epoch 102, Batch 260: loss=0.217614
INFO:neural_network:Epoch 102, Batch 270: loss=0.209354
INFO:neural_network:Epoch 102, Batch 280: loss=0.370668
INFO:neural_network:Epoch 102, Batch 290: loss=0.325589
INFO:neural_network:Epoch  102/200: train_loss=0.285399 (batch_avg=0.286116), lr=0.001
INFO:neural_network:Accuracy: 0.9200 (92/100 correct)
INFO:neural_network:  -> Validation accuracy: 0.9200
INFO:neural_network:Epoch 103, Batch 0: loss=0.216158
INFO:neural_network:Epoch 103, Batch 10: loss=0.214150
INFO:neural_network:Epoch 103, Batch 20: loss=0.217442
INFO:neural_network:Epoch 103, Batch 30: loss=0.200097
INFO:neural_network:Epoch 103, Batch 40: loss=0.295713
INFO:neural_network:Epoch 103, Batch 50: loss=0.253450
INFO:neural_network:Epoch 103, Batch 60: loss=0.234393
INFO:neural_network:Epoch 103, Batch 70: loss=0.300631
INFO:neural_network:Epoch 103, Batch 80: loss=0.347042
INFO:neural_network:Epoch 103, Batch 90: loss=0.241419
INFO:neural_network:Epoch 103, Batch 100: loss=0.337840
INFO:neural_network:Epoch 103, Batch 110: loss=0.249890
INFO:neural_network:Epoch 103, Batch 120: loss=0.312068
INFO:neural_network:Epoch 103, Batch 130: loss=0.370251
INFO:neural_network:Epoch 103, Batch 140: loss=0.356029
INFO:neural_network:Epoch 103, Batch 150: loss=0.262635
INFO:neural_network:Epoch 103, Batch 160: loss=0.267195
INFO:neural_network:Epoch 103, Batch 170: loss=0.272881
INFO:neural_network:Epoch 103, Batch 180: loss=0.267734
INFO:neural_network:Epoch 103, Batch 190: loss=0.263852
INFO:neural_network:Epoch 103, Batch 200: loss=0.247545
INFO:neural_network:Epoch 103, Batch 210: loss=0.292776
INFO:neural_network:Epoch 103, Batch 220: loss=0.315832
INFO:neural_network:Epoch 103, Batch 230: loss=0.328216
INFO:neural_network:Epoch 103, Batch 240: loss=0.247707
INFO:neural_network:Epoch 103, Batch 250: loss=0.367021
INFO:neural_network:Epoch 103, Batch 260: loss=0.345257
INFO:neural_network:Epoch 103, Batch 270: loss=0.408907
INFO:neural_network:Epoch 103, Batch 280: loss=0.302905
INFO:neural_network:Epoch 103, Batch 290: loss=0.277021
INFO:neural_network:Epoch  103/200: train_loss=0.284490 (batch_avg=0.285164), lr=0.001
INFO:neural_network:Accuracy: 0.9300 (93/100 correct)
INFO:neural_network:  -> Validation accuracy: 0.9300
INFO:neural_network:Epoch 104, Batch 0: loss=0.258958
INFO:neural_network:Epoch 104, Batch 10: loss=0.209585
INFO:neural_network:Epoch 104, Batch 20: loss=0.357745
INFO:neural_network:Epoch 104, Batch 30: loss=0.317866
INFO:neural_network:Epoch 104, Batch 40: loss=0.323545
INFO:neural_network:Epoch 104, Batch 50: loss=0.322013
INFO:neural_network:Epoch 104, Batch 60: loss=0.244407
INFO:neural_network:Epoch 104, Batch 70: loss=0.364549
INFO:neural_network:Epoch 104, Batch 80: loss=0.262100
INFO:neural_network:Epoch 104, Batch 90: loss=0.256698
INFO:neural_network:Epoch 104, Batch 100: loss=0.268057
INFO:neural_network:Epoch 104, Batch 110: loss=0.351910
INFO:neural_network:Epoch 104, Batch 120: loss=0.256754
INFO:neural_network:Epoch 104, Batch 130: loss=0.295041
INFO:neural_network:Epoch 104, Batch 140: loss=0.205774
INFO:neural_network:Epoch 104, Batch 150: loss=0.330005
INFO:neural_network:Epoch 104, Batch 160: loss=0.250404
INFO:neural_network:Epoch 104, Batch 170: loss=0.319151
INFO:neural_network:Epoch 104, Batch 180: loss=0.261417
INFO:neural_network:Epoch 104, Batch 190: loss=0.326081
INFO:neural_network:Epoch 104, Batch 200: loss=0.273393
INFO:neural_network:Epoch 104, Batch 210: loss=0.251987
INFO:neural_network:Epoch 104, Batch 220: loss=0.300363
INFO:neural_network:Epoch 104, Batch 230: loss=0.277123
INFO:neural_network:Epoch 104, Batch 240: loss=0.336239
INFO:neural_network:Epoch 104, Batch 250: loss=0.314778
INFO:neural_network:Epoch 104, Batch 260: loss=0.333614
INFO:neural_network:Epoch 104, Batch 270: loss=0.208548
INFO:neural_network:Epoch 104, Batch 280: loss=0.256108
INFO:neural_network:Epoch 104, Batch 290: loss=0.287816
INFO:neural_network:Epoch  104/200: train_loss=0.283564 (batch_avg=0.284257), lr=0.001
INFO:neural_network:Accuracy: 0.9500 (95/100 correct)
INFO:neural_network:  -> Validation accuracy: 0.9500
INFO:neural_network:Epoch 105, Batch 0: loss=0.279214
INFO:neural_network:Epoch 105, Batch 10: loss=0.265964
INFO:neural_network:Epoch 105, Batch 20: loss=0.293986
INFO:neural_network:Epoch 105, Batch 30: loss=0.324433
INFO:neural_network:Epoch 105, Batch 40: loss=0.375811
INFO:neural_network:Epoch 105, Batch 50: loss=0.258504
INFO:neural_network:Epoch 105, Batch 60: loss=0.268328
INFO:neural_network:Epoch 105, Batch 70: loss=0.248587
INFO:neural_network:Epoch 105, Batch 80: loss=0.333301
INFO:neural_network:Epoch 105, Batch 90: loss=0.307197
INFO:neural_network:Epoch 105, Batch 100: loss=0.268724
INFO:neural_network:Epoch 105, Batch 110: loss=0.372860
INFO:neural_network:Epoch 105, Batch 120: loss=0.361747
INFO:neural_network:Epoch 105, Batch 130: loss=0.313740
INFO:neural_network:Epoch 105, Batch 140: loss=0.225537
INFO:neural_network:Epoch 105, Batch 150: loss=0.266875
INFO:neural_network:Epoch 105, Batch 160: loss=0.285610
INFO:neural_network:Epoch 105, Batch 170: loss=0.334858
INFO:neural_network:Epoch 105, Batch 180: loss=0.300137
INFO:neural_network:Epoch 105, Batch 190: loss=0.254039
INFO:neural_network:Epoch 105, Batch 200: loss=0.312515
INFO:neural_network:Epoch 105, Batch 210: loss=0.335107
INFO:neural_network:Epoch 105, Batch 220: loss=0.192579
INFO:neural_network:Epoch 105, Batch 230: loss=0.285029
INFO:neural_network:Epoch 105, Batch 240: loss=0.304206
INFO:neural_network:Epoch 105, Batch 250: loss=0.276125
INFO:neural_network:Epoch 105, Batch 260: loss=0.262826
INFO:neural_network:Epoch 105, Batch 270: loss=0.345885
INFO:neural_network:Epoch 105, Batch 280: loss=0.261319
INFO:neural_network:Epoch 105, Batch 290: loss=0.244209
INFO:neural_network:Epoch  105/200: train_loss=0.282648 (batch_avg=0.283343), lr=0.001
INFO:neural_network:Accuracy: 0.8900 (89/100 correct)
INFO:neural_network:  -> Validation accuracy: 0.8900
INFO:neural_network:Epoch 106, Batch 0: loss=0.364428
INFO:neural_network:Epoch 106, Batch 10: loss=0.316334
INFO:neural_network:Epoch 106, Batch 20: loss=0.301914
INFO:neural_network:Epoch 106, Batch 30: loss=0.228250
INFO:neural_network:Epoch 106, Batch 40: loss=0.282809
INFO:neural_network:Epoch 106, Batch 50: loss=0.312609
INFO:neural_network:Epoch 106, Batch 60: loss=0.382148
INFO:neural_network:Epoch 106, Batch 70: loss=0.327499
INFO:neural_network:Epoch 106, Batch 80: loss=0.370774
INFO:neural_network:Epoch 106, Batch 90: loss=0.267220
INFO:neural_network:Epoch 106, Batch 100: loss=0.290863
INFO:neural_network:Epoch 106, Batch 110: loss=0.308891
INFO:neural_network:Epoch 106, Batch 120: loss=0.260430
INFO:neural_network:Epoch 106, Batch 130: loss=0.265190
INFO:neural_network:Epoch 106, Batch 140: loss=0.226214
INFO:neural_network:Epoch 106, Batch 150: loss=0.262835
INFO:neural_network:Epoch 106, Batch 160: loss=0.256762
INFO:neural_network:Epoch 106, Batch 170: loss=0.287961
INFO:neural_network:Epoch 106, Batch 180: loss=0.251039
INFO:neural_network:Epoch 106, Batch 190: loss=0.268764
INFO:neural_network:Epoch 106, Batch 200: loss=0.311417
INFO:neural_network:Epoch 106, Batch 210: loss=0.185891
INFO:neural_network:Epoch 106, Batch 220: loss=0.208508
INFO:neural_network:Epoch 106, Batch 230: loss=0.271416
INFO:neural_network:Epoch 106, Batch 240: loss=0.340768
INFO:neural_network:Epoch 106, Batch 250: loss=0.228655
INFO:neural_network:Epoch 106, Batch 260: loss=0.275164
INFO:neural_network:Epoch 106, Batch 270: loss=0.267745
INFO:neural_network:Epoch 106, Batch 280: loss=0.251884
INFO:neural_network:Epoch 106, Batch 290: loss=0.266757
INFO:neural_network:Epoch  106/200: train_loss=0.281817 (batch_avg=0.282408), lr=0.001
INFO:neural_network:Accuracy: 0.9300 (93/100 correct)
INFO:neural_network:  -> Validation accuracy: 0.9300
INFO:neural_network:Epoch 107, Batch 0: loss=0.283193
INFO:neural_network:Epoch 107, Batch 10: loss=0.217916
INFO:neural_network:Epoch 107, Batch 20: loss=0.275161
INFO:neural_network:Epoch 107, Batch 30: loss=0.286977
INFO:neural_network:Epoch 107, Batch 40: loss=0.314984
INFO:neural_network:Epoch 107, Batch 50: loss=0.255504
INFO:neural_network:Epoch 107, Batch 60: loss=0.221084
INFO:neural_network:Epoch 107, Batch 70: loss=0.269579
INFO:neural_network:Epoch 107, Batch 80: loss=0.220042
INFO:neural_network:Epoch 107, Batch 90: loss=0.299797
INFO:neural_network:Epoch 107, Batch 100: loss=0.402513
INFO:neural_network:Epoch 107, Batch 110: loss=0.249448
INFO:neural_network:Epoch 107, Batch 120: loss=0.224038
INFO:neural_network:Epoch 107, Batch 130: loss=0.229428
INFO:neural_network:Epoch 107, Batch 140: loss=0.329840
INFO:neural_network:Epoch 107, Batch 150: loss=0.259064
INFO:neural_network:Epoch 107, Batch 160: loss=0.282949
INFO:neural_network:Epoch 107, Batch 170: loss=0.315279
INFO:neural_network:Epoch 107, Batch 180: loss=0.237405
INFO:neural_network:Epoch 107, Batch 190: loss=0.343655
INFO:neural_network:Epoch 107, Batch 200: loss=0.317298
INFO:neural_network:Epoch 107, Batch 210: loss=0.271092
INFO:neural_network:Epoch 107, Batch 220: loss=0.369603
INFO:neural_network:Epoch 107, Batch 230: loss=0.213872
INFO:neural_network:Epoch 107, Batch 240: loss=0.422948
INFO:neural_network:Epoch 107, Batch 250: loss=0.243822
INFO:neural_network:Epoch 107, Batch 260: loss=0.301948
INFO:neural_network:Epoch 107, Batch 270: loss=0.307098
INFO:neural_network:Epoch 107, Batch 280: loss=0.319746
INFO:neural_network:Epoch 107, Batch 290: loss=0.260384
INFO:neural_network:Epoch  107/200: train_loss=0.280847 (batch_avg=0.281534), lr=0.001
INFO:neural_network:Accuracy: 0.9500 (95/100 correct)
INFO:neural_network:  -> Validation accuracy: 0.9500
INFO:neural_network:Epoch 108, Batch 0: loss=0.304067
INFO:neural_network:Epoch 108, Batch 10: loss=0.359345
INFO:neural_network:Epoch 108, Batch 20: loss=0.274552
INFO:neural_network:Epoch 108, Batch 30: loss=0.261940
INFO:neural_network:Epoch 108, Batch 40: loss=0.191043
INFO:neural_network:Epoch 108, Batch 50: loss=0.364265
INFO:neural_network:Epoch 108, Batch 60: loss=0.371844
INFO:neural_network:Epoch 108, Batch 70: loss=0.317439
INFO:neural_network:Epoch 108, Batch 80: loss=0.228480
INFO:neural_network:Epoch 108, Batch 90: loss=0.240400
INFO:neural_network:Epoch 108, Batch 100: loss=0.206171
INFO:neural_network:Epoch 108, Batch 110: loss=0.205015
INFO:neural_network:Epoch 108, Batch 120: loss=0.304704
INFO:neural_network:Epoch 108, Batch 130: loss=0.265195
INFO:neural_network:Epoch 108, Batch 140: loss=0.220562
INFO:neural_network:Epoch 108, Batch 150: loss=0.351885
INFO:neural_network:Epoch 108, Batch 160: loss=0.256935
INFO:neural_network:Epoch 108, Batch 170: loss=0.236884
INFO:neural_network:Epoch 108, Batch 180: loss=0.266151
INFO:neural_network:Epoch 108, Batch 190: loss=0.152909
INFO:neural_network:Epoch 108, Batch 200: loss=0.296788
INFO:neural_network:Epoch 108, Batch 210: loss=0.284218
INFO:neural_network:Epoch 108, Batch 220: loss=0.325217
INFO:neural_network:Epoch 108, Batch 230: loss=0.245351
INFO:neural_network:Epoch 108, Batch 240: loss=0.326845
INFO:neural_network:Epoch 108, Batch 250: loss=0.301906
INFO:neural_network:Epoch 108, Batch 260: loss=0.267677
INFO:neural_network:Epoch 108, Batch 270: loss=0.221188
INFO:neural_network:Epoch 108, Batch 280: loss=0.232890
INFO:neural_network:Epoch 108, Batch 290: loss=0.416178
INFO:neural_network:Epoch  108/200: train_loss=0.280022 (batch_avg=0.280607), lr=0.001
INFO:neural_network:Accuracy: 0.8800 (88/100 correct)
INFO:neural_network:  -> Validation accuracy: 0.8800
INFO:neural_network:Epoch 109, Batch 0: loss=0.322195
INFO:neural_network:Epoch 109, Batch 10: loss=0.463343
INFO:neural_network:Epoch 109, Batch 20: loss=0.321770
INFO:neural_network:Epoch 109, Batch 30: loss=0.196169
INFO:neural_network:Epoch 109, Batch 40: loss=0.249591
INFO:neural_network:Epoch 109, Batch 50: loss=0.279035
INFO:neural_network:Epoch 109, Batch 60: loss=0.365946
INFO:neural_network:Epoch 109, Batch 70: loss=0.310959
INFO:neural_network:Epoch 109, Batch 80: loss=0.286878
INFO:neural_network:Epoch 109, Batch 90: loss=0.250792
INFO:neural_network:Epoch 109, Batch 100: loss=0.349112
INFO:neural_network:Epoch 109, Batch 110: loss=0.282471
INFO:neural_network:Epoch 109, Batch 120: loss=0.266247
INFO:neural_network:Epoch 109, Batch 130: loss=0.293721
INFO:neural_network:Epoch 109, Batch 140: loss=0.240016
INFO:neural_network:Epoch 109, Batch 150: loss=0.332821
INFO:neural_network:Epoch 109, Batch 160: loss=0.291814
INFO:neural_network:Epoch 109, Batch 170: loss=0.278329
INFO:neural_network:Epoch 109, Batch 180: loss=0.349905
INFO:neural_network:Epoch 109, Batch 190: loss=0.372537
INFO:neural_network:Epoch 109, Batch 200: loss=0.437357
INFO:neural_network:Epoch 109, Batch 210: loss=0.287041
INFO:neural_network:Epoch 109, Batch 220: loss=0.288234
INFO:neural_network:Epoch 109, Batch 230: loss=0.277944
INFO:neural_network:Epoch 109, Batch 240: loss=0.321881
INFO:neural_network:Epoch 109, Batch 250: loss=0.292529
INFO:neural_network:Epoch 109, Batch 260: loss=0.349388
INFO:neural_network:Epoch 109, Batch 270: loss=0.335533
INFO:neural_network:Epoch 109, Batch 280: loss=0.310608
INFO:neural_network:Epoch 109, Batch 290: loss=0.314745
INFO:neural_network:Epoch  109/200: train_loss=0.279070 (batch_avg=0.279742), lr=0.001
INFO:neural_network:Accuracy: 0.9500 (95/100 correct)
INFO:neural_network:  -> Validation accuracy: 0.9500
INFO:neural_network:Epoch 110, Batch 0: loss=0.267688
INFO:neural_network:Epoch 110, Batch 10: loss=0.270406
INFO:neural_network:Epoch 110, Batch 20: loss=0.221843
INFO:neural_network:Epoch 110, Batch 30: loss=0.281609
INFO:neural_network:Epoch 110, Batch 40: loss=0.225440
INFO:neural_network:Epoch 110, Batch 50: loss=0.228829
INFO:neural_network:Epoch 110, Batch 60: loss=0.210776
INFO:neural_network:Epoch 110, Batch 70: loss=0.248100
INFO:neural_network:Epoch 110, Batch 80: loss=0.327209
INFO:neural_network:Epoch 110, Batch 90: loss=0.358849
INFO:neural_network:Epoch 110, Batch 100: loss=0.295925
INFO:neural_network:Epoch 110, Batch 110: loss=0.248374
INFO:neural_network:Epoch 110, Batch 120: loss=0.288232
INFO:neural_network:Epoch 110, Batch 130: loss=0.353680
INFO:neural_network:Epoch 110, Batch 140: loss=0.351448
INFO:neural_network:Epoch 110, Batch 150: loss=0.259333
INFO:neural_network:Epoch 110, Batch 160: loss=0.274527
INFO:neural_network:Epoch 110, Batch 170: loss=0.271454
INFO:neural_network:Epoch 110, Batch 180: loss=0.268966
INFO:neural_network:Epoch 110, Batch 190: loss=0.356644
INFO:neural_network:Epoch 110, Batch 200: loss=0.216173
INFO:neural_network:Epoch 110, Batch 210: loss=0.317906
INFO:neural_network:Epoch 110, Batch 220: loss=0.254525
INFO:neural_network:Epoch 110, Batch 230: loss=0.178632
INFO:neural_network:Epoch 110, Batch 240: loss=0.226909
INFO:neural_network:Epoch 110, Batch 250: loss=0.212560
INFO:neural_network:Epoch 110, Batch 260: loss=0.270034
INFO:neural_network:Epoch 110, Batch 270: loss=0.300453
INFO:neural_network:Epoch 110, Batch 280: loss=0.324376
INFO:neural_network:Epoch 110, Batch 290: loss=0.318553
INFO:neural_network:Epoch  110/200: train_loss=0.278206 (batch_avg=0.278860), lr=0.001
INFO:neural_network:Accuracy: 0.9400 (94/100 correct)
INFO:neural_network:  -> Validation accuracy: 0.9400
INFO:neural_network:Epoch 111, Batch 0: loss=0.217164
INFO:neural_network:Epoch 111, Batch 10: loss=0.260158
INFO:neural_network:Epoch 111, Batch 20: loss=0.235974
INFO:neural_network:Epoch 111, Batch 30: loss=0.289246
INFO:neural_network:Epoch 111, Batch 40: loss=0.277549
INFO:neural_network:Epoch 111, Batch 50: loss=0.309875
INFO:neural_network:Epoch 111, Batch 60: loss=0.216189
INFO:neural_network:Epoch 111, Batch 70: loss=0.496619
INFO:neural_network:Epoch 111, Batch 80: loss=0.277925
INFO:neural_network:Epoch 111, Batch 90: loss=0.315255
INFO:neural_network:Epoch 111, Batch 100: loss=0.301819
INFO:neural_network:Epoch 111, Batch 110: loss=0.345677
INFO:neural_network:Epoch 111, Batch 120: loss=0.369367
INFO:neural_network:Epoch 111, Batch 130: loss=0.203276
INFO:neural_network:Epoch 111, Batch 140: loss=0.237915
INFO:neural_network:Epoch 111, Batch 150: loss=0.252765
INFO:neural_network:Epoch 111, Batch 160: loss=0.216747
INFO:neural_network:Epoch 111, Batch 170: loss=0.230344
INFO:neural_network:Epoch 111, Batch 180: loss=0.277023
INFO:neural_network:Epoch 111, Batch 190: loss=0.310583
INFO:neural_network:Epoch 111, Batch 200: loss=0.345551
INFO:neural_network:Epoch 111, Batch 210: loss=0.211129
INFO:neural_network:Epoch 111, Batch 220: loss=0.246502
INFO:neural_network:Epoch 111, Batch 230: loss=0.183598
INFO:neural_network:Epoch 111, Batch 240: loss=0.283402
INFO:neural_network:Epoch 111, Batch 250: loss=0.316600
INFO:neural_network:Epoch 111, Batch 260: loss=0.289817
INFO:neural_network:Epoch 111, Batch 270: loss=0.279459
INFO:neural_network:Epoch 111, Batch 280: loss=0.237776
INFO:neural_network:Epoch 111, Batch 290: loss=0.195076
INFO:neural_network:Epoch  111/200: train_loss=0.277341 (batch_avg=0.277989), lr=0.001
INFO:neural_network:Accuracy: 0.8800 (88/100 correct)
INFO:neural_network:  -> Validation accuracy: 0.8800
INFO:neural_network:Epoch 112, Batch 0: loss=0.244596
INFO:neural_network:Epoch 112, Batch 10: loss=0.244236
INFO:neural_network:Epoch 112, Batch 20: loss=0.274013
INFO:neural_network:Epoch 112, Batch 30: loss=0.288143
INFO:neural_network:Epoch 112, Batch 40: loss=0.286613
INFO:neural_network:Epoch 112, Batch 50: loss=0.186429
INFO:neural_network:Epoch 112, Batch 60: loss=0.414839
INFO:neural_network:Epoch 112, Batch 70: loss=0.251692
INFO:neural_network:Epoch 112, Batch 80: loss=0.227706
INFO:neural_network:Epoch 112, Batch 90: loss=0.236046
INFO:neural_network:Epoch 112, Batch 100: loss=0.231760
INFO:neural_network:Epoch 112, Batch 110: loss=0.318163
INFO:neural_network:Epoch 112, Batch 120: loss=0.222312
INFO:neural_network:Epoch 112, Batch 130: loss=0.218335
INFO:neural_network:Epoch 112, Batch 140: loss=0.281831
INFO:neural_network:Epoch 112, Batch 150: loss=0.271029
INFO:neural_network:Epoch 112, Batch 160: loss=0.368266
INFO:neural_network:Epoch 112, Batch 170: loss=0.305583
INFO:neural_network:Epoch 112, Batch 180: loss=0.253259
INFO:neural_network:Epoch 112, Batch 190: loss=0.273336
INFO:neural_network:Epoch 112, Batch 200: loss=0.267055
INFO:neural_network:Epoch 112, Batch 210: loss=0.228479
INFO:neural_network:Epoch 112, Batch 220: loss=0.311865
INFO:neural_network:Epoch 112, Batch 230: loss=0.298887
INFO:neural_network:Epoch 112, Batch 240: loss=0.252134
INFO:neural_network:Epoch 112, Batch 250: loss=0.282307
INFO:neural_network:Epoch 112, Batch 260: loss=0.321118
INFO:neural_network:Epoch 112, Batch 270: loss=0.326866
INFO:neural_network:Epoch 112, Batch 280: loss=0.278309
INFO:neural_network:Epoch 112, Batch 290: loss=0.383080
INFO:neural_network:Epoch  112/200: train_loss=0.276516 (batch_avg=0.277113), lr=0.001
INFO:neural_network:Accuracy: 0.9200 (92/100 correct)
INFO:neural_network:  -> Validation accuracy: 0.9200
INFO:neural_network:Epoch 113, Batch 0: loss=0.261079
INFO:neural_network:Epoch 113, Batch 10: loss=0.365145
INFO:neural_network:Epoch 113, Batch 20: loss=0.320364
INFO:neural_network:Epoch 113, Batch 30: loss=0.313390
INFO:neural_network:Epoch 113, Batch 40: loss=0.247991
INFO:neural_network:Epoch 113, Batch 50: loss=0.270223
INFO:neural_network:Epoch 113, Batch 60: loss=0.245319
INFO:neural_network:Epoch 113, Batch 70: loss=0.239171
INFO:neural_network:Epoch 113, Batch 80: loss=0.288291
INFO:neural_network:Epoch 113, Batch 90: loss=0.202275
INFO:neural_network:Epoch 113, Batch 100: loss=0.298384
INFO:neural_network:Epoch 113, Batch 110: loss=0.224405
INFO:neural_network:Epoch 113, Batch 120: loss=0.330331
INFO:neural_network:Epoch 113, Batch 130: loss=0.285080
INFO:neural_network:Epoch 113, Batch 140: loss=0.246889
INFO:neural_network:Epoch 113, Batch 150: loss=0.250060
INFO:neural_network:Epoch 113, Batch 160: loss=0.232160
INFO:neural_network:Epoch 113, Batch 170: loss=0.268760
INFO:neural_network:Epoch 113, Batch 180: loss=0.279818
INFO:neural_network:Epoch 113, Batch 190: loss=0.229111
INFO:neural_network:Epoch 113, Batch 200: loss=0.341864
INFO:neural_network:Epoch 113, Batch 210: loss=0.370051
INFO:neural_network:Epoch 113, Batch 220: loss=0.245719
INFO:neural_network:Epoch 113, Batch 230: loss=0.248198
INFO:neural_network:Epoch 113, Batch 240: loss=0.234367
INFO:neural_network:Epoch 113, Batch 250: loss=0.281186
INFO:neural_network:Epoch 113, Batch 260: loss=0.243827
INFO:neural_network:Epoch 113, Batch 270: loss=0.377275
INFO:neural_network:Epoch 113, Batch 280: loss=0.268311
INFO:neural_network:Epoch 113, Batch 290: loss=0.229702
INFO:neural_network:Epoch  113/200: train_loss=0.275713 (batch_avg=0.276252), lr=0.001
INFO:neural_network:Accuracy: 0.9300 (93/100 correct)
INFO:neural_network:  -> Validation accuracy: 0.9300
INFO:neural_network:Epoch 114, Batch 0: loss=0.186674
INFO:neural_network:Epoch 114, Batch 10: loss=0.243722
INFO:neural_network:Epoch 114, Batch 20: loss=0.223865
INFO:neural_network:Epoch 114, Batch 30: loss=0.283115
INFO:neural_network:Epoch 114, Batch 40: loss=0.187216
INFO:neural_network:Epoch 114, Batch 50: loss=0.230778
INFO:neural_network:Epoch 114, Batch 60: loss=0.223619
INFO:neural_network:Epoch 114, Batch 70: loss=0.232353
INFO:neural_network:Epoch 114, Batch 80: loss=0.234039
INFO:neural_network:Epoch 114, Batch 90: loss=0.297770
INFO:neural_network:Epoch 114, Batch 100: loss=0.246509
INFO:neural_network:Epoch 114, Batch 110: loss=0.305727
INFO:neural_network:Epoch 114, Batch 120: loss=0.399043
INFO:neural_network:Epoch 114, Batch 130: loss=0.249148
INFO:neural_network:Epoch 114, Batch 140: loss=0.308770
INFO:neural_network:Epoch 114, Batch 150: loss=0.328849
INFO:neural_network:Epoch 114, Batch 160: loss=0.299293
INFO:neural_network:Epoch 114, Batch 170: loss=0.234269
INFO:neural_network:Epoch 114, Batch 180: loss=0.324162
INFO:neural_network:Epoch 114, Batch 190: loss=0.308127
INFO:neural_network:Epoch 114, Batch 200: loss=0.239679
INFO:neural_network:Epoch 114, Batch 210: loss=0.233375
INFO:neural_network:Epoch 114, Batch 220: loss=0.330460
INFO:neural_network:Epoch 114, Batch 230: loss=0.234716
INFO:neural_network:Epoch 114, Batch 240: loss=0.348779
INFO:neural_network:Epoch 114, Batch 250: loss=0.269974
INFO:neural_network:Epoch 114, Batch 260: loss=0.252154
INFO:neural_network:Epoch 114, Batch 270: loss=0.278689
INFO:neural_network:Epoch 114, Batch 280: loss=0.255049
INFO:neural_network:Epoch 114, Batch 290: loss=0.242601
INFO:neural_network:Epoch  114/200: train_loss=0.274801 (batch_avg=0.275406), lr=0.001
INFO:neural_network:Accuracy: 0.9100 (91/100 correct)
INFO:neural_network:  -> Validation accuracy: 0.9100
INFO:neural_network:Epoch 115, Batch 0: loss=0.158446
INFO:neural_network:Epoch 115, Batch 10: loss=0.277699
INFO:neural_network:Epoch 115, Batch 20: loss=0.323189
INFO:neural_network:Epoch 115, Batch 30: loss=0.285756
INFO:neural_network:Epoch 115, Batch 40: loss=0.267343
INFO:neural_network:Epoch 115, Batch 50: loss=0.385932
INFO:neural_network:Epoch 115, Batch 60: loss=0.256995
INFO:neural_network:Epoch 115, Batch 70: loss=0.225439
INFO:neural_network:Epoch 115, Batch 80: loss=0.239859
INFO:neural_network:Epoch 115, Batch 90: loss=0.153307
INFO:neural_network:Epoch 115, Batch 100: loss=0.249893
INFO:neural_network:Epoch 115, Batch 110: loss=0.219242
INFO:neural_network:Epoch 115, Batch 120: loss=0.251097
INFO:neural_network:Epoch 115, Batch 130: loss=0.267088
INFO:neural_network:Epoch 115, Batch 140: loss=0.279340
INFO:neural_network:Epoch 115, Batch 150: loss=0.305169
INFO:neural_network:Epoch 115, Batch 160: loss=0.290701
INFO:neural_network:Epoch 115, Batch 170: loss=0.287175
INFO:neural_network:Epoch 115, Batch 180: loss=0.367038
INFO:neural_network:Epoch 115, Batch 190: loss=0.302554
INFO:neural_network:Epoch 115, Batch 200: loss=0.209756
INFO:neural_network:Epoch 115, Batch 210: loss=0.326356
INFO:neural_network:Epoch 115, Batch 220: loss=0.255308
INFO:neural_network:Epoch 115, Batch 230: loss=0.365923
INFO:neural_network:Epoch 115, Batch 240: loss=0.310410
INFO:neural_network:Epoch 115, Batch 250: loss=0.273545
INFO:neural_network:Epoch 115, Batch 260: loss=0.175742
INFO:neural_network:Epoch 115, Batch 270: loss=0.213217
INFO:neural_network:Epoch 115, Batch 280: loss=0.285805
INFO:neural_network:Epoch 115, Batch 290: loss=0.276164
INFO:neural_network:Epoch  115/200: train_loss=0.273932 (batch_avg=0.274570), lr=0.001
INFO:neural_network:Accuracy: 0.8900 (89/100 correct)
INFO:neural_network:  -> Validation accuracy: 0.8900
INFO:neural_network:Epoch 116, Batch 0: loss=0.173295
INFO:neural_network:Epoch 116, Batch 10: loss=0.305962
INFO:neural_network:Epoch 116, Batch 20: loss=0.265426
INFO:neural_network:Epoch 116, Batch 30: loss=0.345292
INFO:neural_network:Epoch 116, Batch 40: loss=0.250587
INFO:neural_network:Epoch 116, Batch 50: loss=0.271658
INFO:neural_network:Epoch 116, Batch 60: loss=0.348081
INFO:neural_network:Epoch 116, Batch 70: loss=0.261422
INFO:neural_network:Epoch 116, Batch 80: loss=0.261109
INFO:neural_network:Epoch 116, Batch 90: loss=0.308882
INFO:neural_network:Epoch 116, Batch 100: loss=0.296538
INFO:neural_network:Epoch 116, Batch 110: loss=0.249364
INFO:neural_network:Epoch 116, Batch 120: loss=0.204043
INFO:neural_network:Epoch 116, Batch 130: loss=0.310479
INFO:neural_network:Epoch 116, Batch 140: loss=0.207380
INFO:neural_network:Epoch 116, Batch 150: loss=0.171813
INFO:neural_network:Epoch 116, Batch 160: loss=0.234920
INFO:neural_network:Epoch 116, Batch 170: loss=0.244398
INFO:neural_network:Epoch 116, Batch 180: loss=0.242381
INFO:neural_network:Epoch 116, Batch 190: loss=0.290837
INFO:neural_network:Epoch 116, Batch 200: loss=0.234135
INFO:neural_network:Epoch 116, Batch 210: loss=0.319735
INFO:neural_network:Epoch 116, Batch 220: loss=0.242325
INFO:neural_network:Epoch 116, Batch 230: loss=0.263084
INFO:neural_network:Epoch 116, Batch 240: loss=0.426787
INFO:neural_network:Epoch 116, Batch 250: loss=0.287194
INFO:neural_network:Epoch 116, Batch 260: loss=0.262264
INFO:neural_network:Epoch 116, Batch 270: loss=0.275133
INFO:neural_network:Epoch 116, Batch 280: loss=0.245182
INFO:neural_network:Epoch 116, Batch 290: loss=0.358334
INFO:neural_network:Epoch  116/200: train_loss=0.273104 (batch_avg=0.273737), lr=0.001
INFO:neural_network:Accuracy: 0.9700 (97/100 correct)
INFO:neural_network:  -> Validation accuracy: 0.9700
INFO:neural_network:Epoch 117, Batch 0: loss=0.271257
INFO:neural_network:Epoch 117, Batch 10: loss=0.248817
INFO:neural_network:Epoch 117, Batch 20: loss=0.255363
INFO:neural_network:Epoch 117, Batch 30: loss=0.218744
INFO:neural_network:Epoch 117, Batch 40: loss=0.364762
INFO:neural_network:Epoch 117, Batch 50: loss=0.288215
INFO:neural_network:Epoch 117, Batch 60: loss=0.205078
INFO:neural_network:Epoch 117, Batch 70: loss=0.266461
INFO:neural_network:Epoch 117, Batch 80: loss=0.366360
INFO:neural_network:Epoch 117, Batch 90: loss=0.259584
INFO:neural_network:Epoch 117, Batch 100: loss=0.253452
INFO:neural_network:Epoch 117, Batch 110: loss=0.363019
INFO:neural_network:Epoch 117, Batch 120: loss=0.284376
INFO:neural_network:Epoch 117, Batch 130: loss=0.264925
INFO:neural_network:Epoch 117, Batch 140: loss=0.345014
INFO:neural_network:Epoch 117, Batch 150: loss=0.242377
INFO:neural_network:Epoch 117, Batch 160: loss=0.257789
INFO:neural_network:Epoch 117, Batch 170: loss=0.201421
INFO:neural_network:Epoch 117, Batch 180: loss=0.307786
INFO:neural_network:Epoch 117, Batch 190: loss=0.216953
INFO:neural_network:Epoch 117, Batch 200: loss=0.301176
INFO:neural_network:Epoch 117, Batch 210: loss=0.287274
INFO:neural_network:Epoch 117, Batch 220: loss=0.281530
INFO:neural_network:Epoch 117, Batch 230: loss=0.280011
INFO:neural_network:Epoch 117, Batch 240: loss=0.241636
INFO:neural_network:Epoch 117, Batch 250: loss=0.321850
INFO:neural_network:Epoch 117, Batch 260: loss=0.266856
INFO:neural_network:Epoch 117, Batch 270: loss=0.244679
INFO:neural_network:Epoch 117, Batch 280: loss=0.314479
INFO:neural_network:Epoch 117, Batch 290: loss=0.233506
INFO:neural_network:Epoch  117/200: train_loss=0.272293 (batch_avg=0.272896), lr=0.001
INFO:neural_network:Accuracy: 0.9000 (90/100 correct)
INFO:neural_network:  -> Validation accuracy: 0.9000
INFO:neural_network:Epoch 118, Batch 0: loss=0.280061
INFO:neural_network:Epoch 118, Batch 10: loss=0.228301
INFO:neural_network:Epoch 118, Batch 20: loss=0.220297
INFO:neural_network:Epoch 118, Batch 30: loss=0.239441
INFO:neural_network:Epoch 118, Batch 40: loss=0.326484
INFO:neural_network:Epoch 118, Batch 50: loss=0.295866
INFO:neural_network:Epoch 118, Batch 60: loss=0.210060
INFO:neural_network:Epoch 118, Batch 70: loss=0.211384
INFO:neural_network:Epoch 118, Batch 80: loss=0.256342
INFO:neural_network:Epoch 118, Batch 90: loss=0.279287
INFO:neural_network:Epoch 118, Batch 100: loss=0.264281
INFO:neural_network:Epoch 118, Batch 110: loss=0.247130
INFO:neural_network:Epoch 118, Batch 120: loss=0.208685
INFO:neural_network:Epoch 118, Batch 130: loss=0.316370
INFO:neural_network:Epoch 118, Batch 140: loss=0.311531
INFO:neural_network:Epoch 118, Batch 150: loss=0.204072
INFO:neural_network:Epoch 118, Batch 160: loss=0.370231
INFO:neural_network:Epoch 118, Batch 170: loss=0.318124
INFO:neural_network:Epoch 118, Batch 180: loss=0.275615
INFO:neural_network:Epoch 118, Batch 190: loss=0.220625
INFO:neural_network:Epoch 118, Batch 200: loss=0.251559
INFO:neural_network:Epoch 118, Batch 210: loss=0.204308
INFO:neural_network:Epoch 118, Batch 220: loss=0.232095
INFO:neural_network:Epoch 118, Batch 230: loss=0.225816
INFO:neural_network:Epoch 118, Batch 240: loss=0.372202
INFO:neural_network:Epoch 118, Batch 250: loss=0.244604
INFO:neural_network:Epoch 118, Batch 260: loss=0.299976
INFO:neural_network:Epoch 118, Batch 270: loss=0.271310
INFO:neural_network:Epoch 118, Batch 280: loss=0.262269
INFO:neural_network:Epoch 118, Batch 290: loss=0.274734
INFO:neural_network:Epoch  118/200: train_loss=0.271512 (batch_avg=0.272092), lr=0.001
INFO:neural_network:Accuracy: 0.9600 (96/100 correct)
INFO:neural_network:  -> Validation accuracy: 0.9600
INFO:neural_network:Epoch 119, Batch 0: loss=0.231742
INFO:neural_network:Epoch 119, Batch 10: loss=0.261629
INFO:neural_network:Epoch 119, Batch 20: loss=0.264700
INFO:neural_network:Epoch 119, Batch 30: loss=0.317270
INFO:neural_network:Epoch 119, Batch 40: loss=0.308940
INFO:neural_network:Epoch 119, Batch 50: loss=0.357980
INFO:neural_network:Epoch 119, Batch 60: loss=0.252187
INFO:neural_network:Epoch 119, Batch 70: loss=0.308724
INFO:neural_network:Epoch 119, Batch 80: loss=0.263646
INFO:neural_network:Epoch 119, Batch 90: loss=0.222705
INFO:neural_network:Epoch 119, Batch 100: loss=0.255095
INFO:neural_network:Epoch 119, Batch 110: loss=0.258124
INFO:neural_network:Epoch 119, Batch 120: loss=0.305573
INFO:neural_network:Epoch 119, Batch 130: loss=0.226963
INFO:neural_network:Epoch 119, Batch 140: loss=0.285707
INFO:neural_network:Epoch 119, Batch 150: loss=0.212919
INFO:neural_network:Epoch 119, Batch 160: loss=0.355817
INFO:neural_network:Epoch 119, Batch 170: loss=0.266541
INFO:neural_network:Epoch 119, Batch 180: loss=0.169379
INFO:neural_network:Epoch 119, Batch 190: loss=0.305845
INFO:neural_network:Epoch 119, Batch 200: loss=0.264303
INFO:neural_network:Epoch 119, Batch 210: loss=0.225998
INFO:neural_network:Epoch 119, Batch 220: loss=0.273882
INFO:neural_network:Epoch 119, Batch 230: loss=0.262874
INFO:neural_network:Epoch 119, Batch 240: loss=0.215176
INFO:neural_network:Epoch 119, Batch 250: loss=0.308103
INFO:neural_network:Epoch 119, Batch 260: loss=0.277735
INFO:neural_network:Epoch 119, Batch 270: loss=0.271442
INFO:neural_network:Epoch 119, Batch 280: loss=0.285836
INFO:neural_network:Epoch 119, Batch 290: loss=0.315036
INFO:neural_network:Epoch  119/200: train_loss=0.270673 (batch_avg=0.271301), lr=0.001
INFO:neural_network:Accuracy: 0.9000 (90/100 correct)
INFO:neural_network:  -> Validation accuracy: 0.9000
INFO:neural_network:Epoch 120, Batch 0: loss=0.301103
INFO:neural_network:Epoch 120, Batch 10: loss=0.244137
INFO:neural_network:Epoch 120, Batch 20: loss=0.284249
INFO:neural_network:Epoch 120, Batch 30: loss=0.269476
INFO:neural_network:Epoch 120, Batch 40: loss=0.185426
INFO:neural_network:Epoch 120, Batch 50: loss=0.246791
INFO:neural_network:Epoch 120, Batch 60: loss=0.218070
INFO:neural_network:Epoch 120, Batch 70: loss=0.188608
INFO:neural_network:Epoch 120, Batch 80: loss=0.330879
INFO:neural_network:Epoch 120, Batch 90: loss=0.243558
INFO:neural_network:Epoch 120, Batch 100: loss=0.262618
INFO:neural_network:Epoch 120, Batch 110: loss=0.310706
INFO:neural_network:Epoch 120, Batch 120: loss=0.275806
INFO:neural_network:Epoch 120, Batch 130: loss=0.327003
INFO:neural_network:Epoch 120, Batch 140: loss=0.237750
INFO:neural_network:Epoch 120, Batch 150: loss=0.283791
INFO:neural_network:Epoch 120, Batch 160: loss=0.324177
INFO:neural_network:Epoch 120, Batch 170: loss=0.245175
INFO:neural_network:Epoch 120, Batch 180: loss=0.264015
INFO:neural_network:Epoch 120, Batch 190: loss=0.286095
INFO:neural_network:Epoch 120, Batch 200: loss=0.270826
INFO:neural_network:Epoch 120, Batch 210: loss=0.288346
INFO:neural_network:Epoch 120, Batch 220: loss=0.223349
INFO:neural_network:Epoch 120, Batch 230: loss=0.296439
INFO:neural_network:Epoch 120, Batch 240: loss=0.246021
INFO:neural_network:Epoch 120, Batch 250: loss=0.215076
INFO:neural_network:Epoch 120, Batch 260: loss=0.363676
INFO:neural_network:Epoch 120, Batch 270: loss=0.208779
INFO:neural_network:Epoch 120, Batch 280: loss=0.236767
INFO:neural_network:Epoch 120, Batch 290: loss=0.402041
INFO:neural_network:Epoch  120/200: train_loss=0.269891 (batch_avg=0.270477), lr=0.001
INFO:neural_network:Accuracy: 0.9000 (90/100 correct)
INFO:neural_network:  -> Validation accuracy: 0.9000
INFO:neural_network:Epoch 121, Batch 0: loss=0.175080
INFO:neural_network:Epoch 121, Batch 10: loss=0.241939
INFO:neural_network:Epoch 121, Batch 20: loss=0.193040
INFO:neural_network:Epoch 121, Batch 30: loss=0.268703
INFO:neural_network:Epoch 121, Batch 40: loss=0.342940
INFO:neural_network:Epoch 121, Batch 50: loss=0.249428
INFO:neural_network:Epoch 121, Batch 60: loss=0.315500
INFO:neural_network:Epoch 121, Batch 70: loss=0.449969
INFO:neural_network:Epoch 121, Batch 80: loss=0.314050
INFO:neural_network:Epoch 121, Batch 90: loss=0.327235
INFO:neural_network:Epoch 121, Batch 100: loss=0.277710
INFO:neural_network:Epoch 121, Batch 110: loss=0.193305
INFO:neural_network:Epoch 121, Batch 120: loss=0.290341
INFO:neural_network:Epoch 121, Batch 130: loss=0.243748
INFO:neural_network:Epoch 121, Batch 140: loss=0.395241
INFO:neural_network:Epoch 121, Batch 150: loss=0.221875
INFO:neural_network:Epoch 121, Batch 160: loss=0.230729
INFO:neural_network:Epoch 121, Batch 170: loss=0.318939
INFO:neural_network:Epoch 121, Batch 180: loss=0.261083
INFO:neural_network:Epoch 121, Batch 190: loss=0.269834
INFO:neural_network:Epoch 121, Batch 200: loss=0.253432
INFO:neural_network:Epoch 121, Batch 210: loss=0.251100
INFO:neural_network:Epoch 121, Batch 220: loss=0.227280
INFO:neural_network:Epoch 121, Batch 230: loss=0.352251
INFO:neural_network:Epoch 121, Batch 240: loss=0.339472
INFO:neural_network:Epoch 121, Batch 250: loss=0.193946
INFO:neural_network:Epoch 121, Batch 260: loss=0.184413
INFO:neural_network:Epoch 121, Batch 270: loss=0.320031
INFO:neural_network:Epoch 121, Batch 280: loss=0.334838
INFO:neural_network:Epoch 121, Batch 290: loss=0.233507
INFO:neural_network:Epoch  121/200: train_loss=0.269114 (batch_avg=0.269675), lr=0.001
INFO:neural_network:Accuracy: 0.9200 (92/100 correct)
INFO:neural_network:  -> Validation accuracy: 0.9200
INFO:neural_network:Epoch 122, Batch 0: loss=0.292528
INFO:neural_network:Epoch 122, Batch 10: loss=0.322878
INFO:neural_network:Epoch 122, Batch 20: loss=0.232977
INFO:neural_network:Epoch 122, Batch 30: loss=0.280467
INFO:neural_network:Epoch 122, Batch 40: loss=0.295053
INFO:neural_network:Epoch 122, Batch 50: loss=0.294020
INFO:neural_network:Epoch 122, Batch 60: loss=0.254794
INFO:neural_network:Epoch 122, Batch 70: loss=0.335157
INFO:neural_network:Epoch 122, Batch 80: loss=0.268031
INFO:neural_network:Epoch 122, Batch 90: loss=0.229446
INFO:neural_network:Epoch 122, Batch 100: loss=0.271587
INFO:neural_network:Epoch 122, Batch 110: loss=0.237924
INFO:neural_network:Epoch 122, Batch 120: loss=0.280609
INFO:neural_network:Epoch 122, Batch 130: loss=0.257617
INFO:neural_network:Epoch 122, Batch 140: loss=0.254802
INFO:neural_network:Epoch 122, Batch 150: loss=0.224797
INFO:neural_network:Epoch 122, Batch 160: loss=0.228762
INFO:neural_network:Epoch 122, Batch 170: loss=0.224528
INFO:neural_network:Epoch 122, Batch 180: loss=0.205962
INFO:neural_network:Epoch 122, Batch 190: loss=0.411956
INFO:neural_network:Epoch 122, Batch 200: loss=0.257907
INFO:neural_network:Epoch 122, Batch 210: loss=0.215600
INFO:neural_network:Epoch 122, Batch 220: loss=0.332891
INFO:neural_network:Epoch 122, Batch 230: loss=0.244595
INFO:neural_network:Epoch 122, Batch 240: loss=0.329672
INFO:neural_network:Epoch 122, Batch 250: loss=0.272458
INFO:neural_network:Epoch 122, Batch 260: loss=0.282178
INFO:neural_network:Epoch 122, Batch 270: loss=0.268253
INFO:neural_network:Epoch 122, Batch 280: loss=0.177126
INFO:neural_network:Epoch 122, Batch 290: loss=0.288937
INFO:neural_network:Epoch  122/200: train_loss=0.268267 (batch_avg=0.268893), lr=0.001
INFO:neural_network:Accuracy: 0.9300 (93/100 correct)
INFO:neural_network:  -> Validation accuracy: 0.9300
INFO:neural_network:Epoch 123, Batch 0: loss=0.264852
INFO:neural_network:Epoch 123, Batch 10: loss=0.330104
INFO:neural_network:Epoch 123, Batch 20: loss=0.221680
INFO:neural_network:Epoch 123, Batch 30: loss=0.226790
INFO:neural_network:Epoch 123, Batch 40: loss=0.242621
INFO:neural_network:Epoch 123, Batch 50: loss=0.286709
INFO:neural_network:Epoch 123, Batch 60: loss=0.248290
INFO:neural_network:Epoch 123, Batch 70: loss=0.267216
INFO:neural_network:Epoch 123, Batch 80: loss=0.375477
INFO:neural_network:Epoch 123, Batch 90: loss=0.266106
INFO:neural_network:Epoch 123, Batch 100: loss=0.357550
INFO:neural_network:Epoch 123, Batch 110: loss=0.235056
INFO:neural_network:Epoch 123, Batch 120: loss=0.281237
INFO:neural_network:Epoch 123, Batch 130: loss=0.265240
INFO:neural_network:Epoch 123, Batch 140: loss=0.268596
INFO:neural_network:Epoch 123, Batch 150: loss=0.351572
INFO:neural_network:Epoch 123, Batch 160: loss=0.219744
INFO:neural_network:Epoch 123, Batch 170: loss=0.226514
INFO:neural_network:Epoch 123, Batch 180: loss=0.260677
INFO:neural_network:Epoch 123, Batch 190: loss=0.275751
INFO:neural_network:Epoch 123, Batch 200: loss=0.263282
INFO:neural_network:Epoch 123, Batch 210: loss=0.202316
INFO:neural_network:Epoch 123, Batch 220: loss=0.206502
INFO:neural_network:Epoch 123, Batch 230: loss=0.367596
INFO:neural_network:Epoch 123, Batch 240: loss=0.340436
INFO:neural_network:Epoch 123, Batch 250: loss=0.207967
INFO:neural_network:Epoch 123, Batch 260: loss=0.214148
INFO:neural_network:Epoch 123, Batch 270: loss=0.299379
INFO:neural_network:Epoch 123, Batch 280: loss=0.237105
INFO:neural_network:Epoch 123, Batch 290: loss=0.194471
INFO:neural_network:Epoch  123/200: train_loss=0.267499 (batch_avg=0.268116), lr=0.001
INFO:neural_network:Accuracy: 0.9500 (95/100 correct)
INFO:neural_network:  -> Validation accuracy: 0.9500
INFO:neural_network:Epoch 124, Batch 0: loss=0.236139
INFO:neural_network:Epoch 124, Batch 10: loss=0.191783
INFO:neural_network:Epoch 124, Batch 20: loss=0.288375
INFO:neural_network:Epoch 124, Batch 30: loss=0.305731
INFO:neural_network:Epoch 124, Batch 40: loss=0.238560
INFO:neural_network:Epoch 124, Batch 50: loss=0.251491
INFO:neural_network:Epoch 124, Batch 60: loss=0.369035
INFO:neural_network:Epoch 124, Batch 70: loss=0.244272
INFO:neural_network:Epoch 124, Batch 80: loss=0.213507
INFO:neural_network:Epoch 124, Batch 90: loss=0.252046
INFO:neural_network:Epoch 124, Batch 100: loss=0.270160
INFO:neural_network:Epoch 124, Batch 110: loss=0.320213
INFO:neural_network:Epoch 124, Batch 120: loss=0.237343
INFO:neural_network:Epoch 124, Batch 130: loss=0.263027
INFO:neural_network:Epoch 124, Batch 140: loss=0.307290
INFO:neural_network:Epoch 124, Batch 150: loss=0.312841
INFO:neural_network:Epoch 124, Batch 160: loss=0.244800
INFO:neural_network:Epoch 124, Batch 170: loss=0.240320
INFO:neural_network:Epoch 124, Batch 180: loss=0.299837
INFO:neural_network:Epoch 124, Batch 190: loss=0.236383
INFO:neural_network:Epoch 124, Batch 200: loss=0.284947
INFO:neural_network:Epoch 124, Batch 210: loss=0.361070
INFO:neural_network:Epoch 124, Batch 220: loss=0.235720
INFO:neural_network:Epoch 124, Batch 230: loss=0.341386
INFO:neural_network:Epoch 124, Batch 240: loss=0.299378
INFO:neural_network:Epoch 124, Batch 250: loss=0.266980
INFO:neural_network:Epoch 124, Batch 260: loss=0.194697
INFO:neural_network:Epoch 124, Batch 270: loss=0.317580
INFO:neural_network:Epoch 124, Batch 280: loss=0.384107
INFO:neural_network:Epoch 124, Batch 290: loss=0.290941
INFO:neural_network:Epoch  124/200: train_loss=0.266715 (batch_avg=0.267347), lr=0.001
INFO:neural_network:Accuracy: 0.9200 (92/100 correct)
INFO:neural_network:  -> Validation accuracy: 0.9200
INFO:neural_network:Epoch 125, Batch 0: loss=0.305371
INFO:neural_network:Epoch 125, Batch 10: loss=0.260502
INFO:neural_network:Epoch 125, Batch 20: loss=0.237058
INFO:neural_network:Epoch 125, Batch 30: loss=0.330482
INFO:neural_network:Epoch 125, Batch 40: loss=0.251999
INFO:neural_network:Epoch 125, Batch 50: loss=0.235924
INFO:neural_network:Epoch 125, Batch 60: loss=0.300604
INFO:neural_network:Epoch 125, Batch 70: loss=0.345098
INFO:neural_network:Epoch 125, Batch 80: loss=0.250676
INFO:neural_network:Epoch 125, Batch 90: loss=0.301047
INFO:neural_network:Epoch 125, Batch 100: loss=0.197962
INFO:neural_network:Epoch 125, Batch 110: loss=0.238136
INFO:neural_network:Epoch 125, Batch 120: loss=0.257784
INFO:neural_network:Epoch 125, Batch 130: loss=0.209195
INFO:neural_network:Epoch 125, Batch 140: loss=0.272737
INFO:neural_network:Epoch 125, Batch 150: loss=0.284890
INFO:neural_network:Epoch 125, Batch 160: loss=0.237963
INFO:neural_network:Epoch 125, Batch 170: loss=0.208610
INFO:neural_network:Epoch 125, Batch 180: loss=0.221130
INFO:neural_network:Epoch 125, Batch 190: loss=0.289224
INFO:neural_network:Epoch 125, Batch 200: loss=0.259777
INFO:neural_network:Epoch 125, Batch 210: loss=0.239459
INFO:neural_network:Epoch 125, Batch 220: loss=0.301011
INFO:neural_network:Epoch 125, Batch 230: loss=0.208501
INFO:neural_network:Epoch 125, Batch 240: loss=0.332644
INFO:neural_network:Epoch 125, Batch 250: loss=0.253270
INFO:neural_network:Epoch 125, Batch 260: loss=0.229680
INFO:neural_network:Epoch 125, Batch 270: loss=0.245265
INFO:neural_network:Epoch 125, Batch 280: loss=0.269330
INFO:neural_network:Epoch 125, Batch 290: loss=0.167253
INFO:neural_network:Epoch  125/200: train_loss=0.265962 (batch_avg=0.266570), lr=0.001
INFO:neural_network:Accuracy: 0.9600 (96/100 correct)
INFO:neural_network:  -> Validation accuracy: 0.9600
INFO:neural_network:Epoch 126, Batch 0: loss=0.338721
INFO:neural_network:Epoch 126, Batch 10: loss=0.235988
INFO:neural_network:Epoch 126, Batch 20: loss=0.363021
INFO:neural_network:Epoch 126, Batch 30: loss=0.317483
INFO:neural_network:Epoch 126, Batch 40: loss=0.259731
INFO:neural_network:Epoch 126, Batch 50: loss=0.267280
INFO:neural_network:Epoch 126, Batch 60: loss=0.235071
INFO:neural_network:Epoch 126, Batch 70: loss=0.201390
INFO:neural_network:Epoch 126, Batch 80: loss=0.293885
INFO:neural_network:Epoch 126, Batch 90: loss=0.268740
INFO:neural_network:Epoch 126, Batch 100: loss=0.333198
INFO:neural_network:Epoch 126, Batch 110: loss=0.370890
INFO:neural_network:Epoch 126, Batch 120: loss=0.258258
INFO:neural_network:Epoch 126, Batch 130: loss=0.291715
INFO:neural_network:Epoch 126, Batch 140: loss=0.332065
INFO:neural_network:Epoch 126, Batch 150: loss=0.195664
INFO:neural_network:Epoch 126, Batch 160: loss=0.157687
INFO:neural_network:Epoch 126, Batch 170: loss=0.250160
INFO:neural_network:Epoch 126, Batch 180: loss=0.258698
INFO:neural_network:Epoch 126, Batch 190: loss=0.259956
INFO:neural_network:Epoch 126, Batch 200: loss=0.199377
INFO:neural_network:Epoch 126, Batch 210: loss=0.315894
INFO:neural_network:Epoch 126, Batch 220: loss=0.244969
INFO:neural_network:Epoch 126, Batch 230: loss=0.407620
INFO:neural_network:Epoch 126, Batch 240: loss=0.183695
INFO:neural_network:Epoch 126, Batch 250: loss=0.247902
INFO:neural_network:Epoch 126, Batch 260: loss=0.296840
INFO:neural_network:Epoch 126, Batch 270: loss=0.170884
INFO:neural_network:Epoch 126, Batch 280: loss=0.279377
INFO:neural_network:Epoch 126, Batch 290: loss=0.242880
INFO:neural_network:Epoch  126/200: train_loss=0.265211 (batch_avg=0.265808), lr=0.001
INFO:neural_network:Accuracy: 0.8600 (86/100 correct)
INFO:neural_network:  -> Validation accuracy: 0.8600
INFO:neural_network:Epoch 127, Batch 0: loss=0.355822
INFO:neural_network:Epoch 127, Batch 10: loss=0.214405
INFO:neural_network:Epoch 127, Batch 20: loss=0.298038
INFO:neural_network:Epoch 127, Batch 30: loss=0.353610
INFO:neural_network:Epoch 127, Batch 40: loss=0.152558
INFO:neural_network:Epoch 127, Batch 50: loss=0.296077
INFO:neural_network:Epoch 127, Batch 60: loss=0.187631
INFO:neural_network:Epoch 127, Batch 70: loss=0.320104
INFO:neural_network:Epoch 127, Batch 80: loss=0.375053
INFO:neural_network:Epoch 127, Batch 90: loss=0.304226
INFO:neural_network:Epoch 127, Batch 100: loss=0.324437
INFO:neural_network:Epoch 127, Batch 110: loss=0.220323
INFO:neural_network:Epoch 127, Batch 120: loss=0.260931
INFO:neural_network:Epoch 127, Batch 130: loss=0.272229
INFO:neural_network:Epoch 127, Batch 140: loss=0.401612
INFO:neural_network:Epoch 127, Batch 150: loss=0.238118
INFO:neural_network:Epoch 127, Batch 160: loss=0.330967
INFO:neural_network:Epoch 127, Batch 170: loss=0.301355
INFO:neural_network:Epoch 127, Batch 180: loss=0.282320
INFO:neural_network:Epoch 127, Batch 190: loss=0.192854
INFO:neural_network:Epoch 127, Batch 200: loss=0.197046
INFO:neural_network:Epoch 127, Batch 210: loss=0.183305
INFO:neural_network:Epoch 127, Batch 220: loss=0.211694
INFO:neural_network:Epoch 127, Batch 230: loss=0.207379
INFO:neural_network:Epoch 127, Batch 240: loss=0.269038
INFO:neural_network:Epoch 127, Batch 250: loss=0.249029
INFO:neural_network:Epoch 127, Batch 260: loss=0.218105
INFO:neural_network:Epoch 127, Batch 270: loss=0.262264
INFO:neural_network:Epoch 127, Batch 280: loss=0.196764
INFO:neural_network:Epoch 127, Batch 290: loss=0.216958
INFO:neural_network:Epoch  127/200: train_loss=0.264428 (batch_avg=0.265037), lr=0.001
INFO:neural_network:Accuracy: 0.9400 (94/100 correct)
INFO:neural_network:  -> Validation accuracy: 0.9400
INFO:neural_network:Epoch 128, Batch 0: loss=0.279348
INFO:neural_network:Epoch 128, Batch 10: loss=0.200035
INFO:neural_network:Epoch 128, Batch 20: loss=0.431941
INFO:neural_network:Epoch 128, Batch 30: loss=0.265452
INFO:neural_network:Epoch 128, Batch 40: loss=0.220087
INFO:neural_network:Epoch 128, Batch 50: loss=0.268872
INFO:neural_network:Epoch 128, Batch 60: loss=0.205574
INFO:neural_network:Epoch 128, Batch 70: loss=0.226462
INFO:neural_network:Epoch 128, Batch 80: loss=0.221748
INFO:neural_network:Epoch 128, Batch 90: loss=0.278459
INFO:neural_network:Epoch 128, Batch 100: loss=0.207909
INFO:neural_network:Epoch 128, Batch 110: loss=0.248909
INFO:neural_network:Epoch 128, Batch 120: loss=0.280906
INFO:neural_network:Epoch 128, Batch 130: loss=0.214417
INFO:neural_network:Epoch 128, Batch 140: loss=0.291704
INFO:neural_network:Epoch 128, Batch 150: loss=0.252025
INFO:neural_network:Epoch 128, Batch 160: loss=0.144256
INFO:neural_network:Epoch 128, Batch 170: loss=0.226710
INFO:neural_network:Epoch 128, Batch 180: loss=0.236753
INFO:neural_network:Epoch 128, Batch 190: loss=0.291949
INFO:neural_network:Epoch 128, Batch 200: loss=0.257932
INFO:neural_network:Epoch 128, Batch 210: loss=0.289002
INFO:neural_network:Epoch 128, Batch 220: loss=0.240516
INFO:neural_network:Epoch 128, Batch 230: loss=0.267841
INFO:neural_network:Epoch 128, Batch 240: loss=0.293600
INFO:neural_network:Epoch 128, Batch 250: loss=0.346132
INFO:neural_network:Epoch 128, Batch 260: loss=0.208688
INFO:neural_network:Epoch 128, Batch 270: loss=0.404757
INFO:neural_network:Epoch 128, Batch 280: loss=0.238150
INFO:neural_network:Epoch 128, Batch 290: loss=0.247758
INFO:neural_network:Epoch  128/200: train_loss=0.263681 (batch_avg=0.264277), lr=0.001
INFO:neural_network:Accuracy: 0.9500 (95/100 correct)
INFO:neural_network:  -> Validation accuracy: 0.9500
INFO:neural_network:Epoch 129, Batch 0: loss=0.356564
INFO:neural_network:Epoch 129, Batch 10: loss=0.325154
INFO:neural_network:Epoch 129, Batch 20: loss=0.180583
INFO:neural_network:Epoch 129, Batch 30: loss=0.291468
INFO:neural_network:Epoch 129, Batch 40: loss=0.228792
INFO:neural_network:Epoch 129, Batch 50: loss=0.392356
INFO:neural_network:Epoch 129, Batch 60: loss=0.242966
INFO:neural_network:Epoch 129, Batch 70: loss=0.232506
INFO:neural_network:Epoch 129, Batch 80: loss=0.354256
INFO:neural_network:Epoch 129, Batch 90: loss=0.290519
INFO:neural_network:Epoch 129, Batch 100: loss=0.203665
INFO:neural_network:Epoch 129, Batch 110: loss=0.272023
INFO:neural_network:Epoch 129, Batch 120: loss=0.233882
INFO:neural_network:Epoch 129, Batch 130: loss=0.237733
INFO:neural_network:Epoch 129, Batch 140: loss=0.194745
INFO:neural_network:Epoch 129, Batch 150: loss=0.229686
INFO:neural_network:Epoch 129, Batch 160: loss=0.291005
INFO:neural_network:Epoch 129, Batch 170: loss=0.307551
INFO:neural_network:Epoch 129, Batch 180: loss=0.212057
INFO:neural_network:Epoch 129, Batch 190: loss=0.295760
INFO:neural_network:Epoch 129, Batch 200: loss=0.268508
INFO:neural_network:Epoch 129, Batch 210: loss=0.267943
INFO:neural_network:Epoch 129, Batch 220: loss=0.192873
INFO:neural_network:Epoch 129, Batch 230: loss=0.296718
INFO:neural_network:Epoch 129, Batch 240: loss=0.315690
INFO:neural_network:Epoch 129, Batch 250: loss=0.291042
INFO:neural_network:Epoch 129, Batch 260: loss=0.231141
INFO:neural_network:Epoch 129, Batch 270: loss=0.279074
INFO:neural_network:Epoch 129, Batch 280: loss=0.252361
INFO:neural_network:Epoch 129, Batch 290: loss=0.329283
INFO:neural_network:Epoch  129/200: train_loss=0.262931 (batch_avg=0.263548), lr=0.001
INFO:neural_network:Accuracy: 0.9500 (95/100 correct)
INFO:neural_network:  -> Validation accuracy: 0.9500
INFO:neural_network:Epoch 130, Batch 0: loss=0.369555
INFO:neural_network:Epoch 130, Batch 10: loss=0.241428
INFO:neural_network:Epoch 130, Batch 20: loss=0.242056
INFO:neural_network:Epoch 130, Batch 30: loss=0.249688
INFO:neural_network:Epoch 130, Batch 40: loss=0.280781
INFO:neural_network:Epoch 130, Batch 50: loss=0.313687
INFO:neural_network:Epoch 130, Batch 60: loss=0.306893
INFO:neural_network:Epoch 130, Batch 70: loss=0.257552
INFO:neural_network:Epoch 130, Batch 80: loss=0.275996
INFO:neural_network:Epoch 130, Batch 90: loss=0.278396
INFO:neural_network:Epoch 130, Batch 100: loss=0.282370
INFO:neural_network:Epoch 130, Batch 110: loss=0.264184
INFO:neural_network:Epoch 130, Batch 120: loss=0.240819
INFO:neural_network:Epoch 130, Batch 130: loss=0.323471
INFO:neural_network:Epoch 130, Batch 140: loss=0.219691
INFO:neural_network:Epoch 130, Batch 150: loss=0.226877
INFO:neural_network:Epoch 130, Batch 160: loss=0.216669
INFO:neural_network:Epoch 130, Batch 170: loss=0.202206
INFO:neural_network:Epoch 130, Batch 180: loss=0.421926
INFO:neural_network:Epoch 130, Batch 190: loss=0.189163
INFO:neural_network:Epoch 130, Batch 200: loss=0.185982
INFO:neural_network:Epoch 130, Batch 210: loss=0.363363
INFO:neural_network:Epoch 130, Batch 220: loss=0.359773
INFO:neural_network:Epoch 130, Batch 230: loss=0.332257
INFO:neural_network:Epoch 130, Batch 240: loss=0.258835
INFO:neural_network:Epoch 130, Batch 250: loss=0.194021
INFO:neural_network:Epoch 130, Batch 260: loss=0.313803
INFO:neural_network:Epoch 130, Batch 270: loss=0.256766
INFO:neural_network:Epoch 130, Batch 280: loss=0.256822
INFO:neural_network:Epoch 130, Batch 290: loss=0.303647
INFO:neural_network:Epoch  130/200: train_loss=0.262198 (batch_avg=0.262788), lr=0.001
INFO:neural_network:Accuracy: 0.9600 (96/100 correct)
INFO:neural_network:  -> Validation accuracy: 0.9600
INFO:neural_network:Epoch 131, Batch 0: loss=0.314051
INFO:neural_network:Epoch 131, Batch 10: loss=0.210985
INFO:neural_network:Epoch 131, Batch 20: loss=0.326142
INFO:neural_network:Epoch 131, Batch 30: loss=0.208900
INFO:neural_network:Epoch 131, Batch 40: loss=0.263552
INFO:neural_network:Epoch 131, Batch 50: loss=0.221682
INFO:neural_network:Epoch 131, Batch 60: loss=0.249044
INFO:neural_network:Epoch 131, Batch 70: loss=0.249681
INFO:neural_network:Epoch 131, Batch 80: loss=0.368528
INFO:neural_network:Epoch 131, Batch 90: loss=0.226937
INFO:neural_network:Epoch 131, Batch 100: loss=0.258276
INFO:neural_network:Epoch 131, Batch 110: loss=0.262321
INFO:neural_network:Epoch 131, Batch 120: loss=0.323863
INFO:neural_network:Epoch 131, Batch 130: loss=0.422753
INFO:neural_network:Epoch 131, Batch 140: loss=0.359982
INFO:neural_network:Epoch 131, Batch 150: loss=0.180518
INFO:neural_network:Epoch 131, Batch 160: loss=0.247116
INFO:neural_network:Epoch 131, Batch 170: loss=0.227400
INFO:neural_network:Epoch 131, Batch 180: loss=0.153074
INFO:neural_network:Epoch 131, Batch 190: loss=0.175875
INFO:neural_network:Epoch 131, Batch 200: loss=0.232824
INFO:neural_network:Epoch 131, Batch 210: loss=0.185677
INFO:neural_network:Epoch 131, Batch 220: loss=0.214751
INFO:neural_network:Epoch 131, Batch 230: loss=0.288356
INFO:neural_network:Epoch 131, Batch 240: loss=0.256730
INFO:neural_network:Epoch 131, Batch 250: loss=0.301872
INFO:neural_network:Epoch 131, Batch 260: loss=0.267195
INFO:neural_network:Epoch 131, Batch 270: loss=0.233790
INFO:neural_network:Epoch 131, Batch 280: loss=0.240299
INFO:neural_network:Epoch 131, Batch 290: loss=0.293761
INFO:neural_network:Epoch  131/200: train_loss=0.261463 (batch_avg=0.262068), lr=0.001
INFO:neural_network:Accuracy: 0.9500 (95/100 correct)
INFO:neural_network:  -> Validation accuracy: 0.9500
INFO:neural_network:Epoch 132, Batch 0: loss=0.223980
INFO:neural_network:Epoch 132, Batch 10: loss=0.244536
INFO:neural_network:Epoch 132, Batch 20: loss=0.332228
INFO:neural_network:Epoch 132, Batch 30: loss=0.192551
INFO:neural_network:Epoch 132, Batch 40: loss=0.205079
INFO:neural_network:Epoch 132, Batch 50: loss=0.253392
INFO:neural_network:Epoch 132, Batch 60: loss=0.212011
INFO:neural_network:Epoch 132, Batch 70: loss=0.155135
INFO:neural_network:Epoch 132, Batch 80: loss=0.227781
INFO:neural_network:Epoch 132, Batch 90: loss=0.269783
INFO:neural_network:Epoch 132, Batch 100: loss=0.254961
INFO:neural_network:Epoch 132, Batch 110: loss=0.240872
INFO:neural_network:Epoch 132, Batch 120: loss=0.233519
INFO:neural_network:Epoch 132, Batch 130: loss=0.238917
INFO:neural_network:Epoch 132, Batch 140: loss=0.257006
INFO:neural_network:Epoch 132, Batch 150: loss=0.345698
INFO:neural_network:Epoch 132, Batch 160: loss=0.260048
INFO:neural_network:Epoch 132, Batch 170: loss=0.222365
INFO:neural_network:Epoch 132, Batch 180: loss=0.328576
INFO:neural_network:Epoch 132, Batch 190: loss=0.289035
INFO:neural_network:Epoch 132, Batch 200: loss=0.320232
INFO:neural_network:Epoch 132, Batch 210: loss=0.325421
INFO:neural_network:Epoch 132, Batch 220: loss=0.281723
INFO:neural_network:Epoch 132, Batch 230: loss=0.268011
INFO:neural_network:Epoch 132, Batch 240: loss=0.292971
INFO:neural_network:Epoch 132, Batch 250: loss=0.237896
INFO:neural_network:Epoch 132, Batch 260: loss=0.206235
INFO:neural_network:Epoch 132, Batch 270: loss=0.280123
INFO:neural_network:Epoch 132, Batch 280: loss=0.197630
INFO:neural_network:Epoch 132, Batch 290: loss=0.329288
INFO:neural_network:Epoch  132/200: train_loss=0.260739 (batch_avg=0.261318), lr=0.001
INFO:neural_network:Accuracy: 0.9300 (93/100 correct)
INFO:neural_network:  -> Validation accuracy: 0.9300
INFO:neural_network:Epoch 133, Batch 0: loss=0.288456
INFO:neural_network:Epoch 133, Batch 10: loss=0.272559
INFO:neural_network:Epoch 133, Batch 20: loss=0.264995
INFO:neural_network:Epoch 133, Batch 30: loss=0.247859
INFO:neural_network:Epoch 133, Batch 40: loss=0.235935
INFO:neural_network:Epoch 133, Batch 50: loss=0.228429
INFO:neural_network:Epoch 133, Batch 60: loss=0.290544
INFO:neural_network:Epoch 133, Batch 70: loss=0.240093
INFO:neural_network:Epoch 133, Batch 80: loss=0.249665
INFO:neural_network:Epoch 133, Batch 90: loss=0.206954
INFO:neural_network:Epoch 133, Batch 100: loss=0.207508
INFO:neural_network:Epoch 133, Batch 110: loss=0.250348
INFO:neural_network:Epoch 133, Batch 120: loss=0.237834
INFO:neural_network:Epoch 133, Batch 130: loss=0.280606
INFO:neural_network:Epoch 133, Batch 140: loss=0.220716
INFO:neural_network:Epoch 133, Batch 150: loss=0.302538
INFO:neural_network:Epoch 133, Batch 160: loss=0.277184
INFO:neural_network:Epoch 133, Batch 170: loss=0.245716
INFO:neural_network:Epoch 133, Batch 180: loss=0.281236
INFO:neural_network:Epoch 133, Batch 190: loss=0.337614
INFO:neural_network:Epoch 133, Batch 200: loss=0.276508
INFO:neural_network:Epoch 133, Batch 210: loss=0.264744
INFO:neural_network:Epoch 133, Batch 220: loss=0.214397
INFO:neural_network:Epoch 133, Batch 230: loss=0.357869
INFO:neural_network:Epoch 133, Batch 240: loss=0.289509
INFO:neural_network:Epoch 133, Batch 250: loss=0.190297
INFO:neural_network:Epoch 133, Batch 260: loss=0.305248
INFO:neural_network:Epoch 133, Batch 270: loss=0.349075
INFO:neural_network:Epoch 133, Batch 280: loss=0.299584
INFO:neural_network:Epoch 133, Batch 290: loss=0.163232
INFO:neural_network:Epoch  133/200: train_loss=0.260046 (batch_avg=0.260595), lr=0.001
INFO:neural_network:Accuracy: 0.9700 (97/100 correct)
INFO:neural_network:  -> Validation accuracy: 0.9700
INFO:neural_network:Epoch 134, Batch 0: loss=0.328087
INFO:neural_network:Epoch 134, Batch 10: loss=0.368171
INFO:neural_network:Epoch 134, Batch 20: loss=0.324152
INFO:neural_network:Epoch 134, Batch 30: loss=0.317013
INFO:neural_network:Epoch 134, Batch 40: loss=0.260991
INFO:neural_network:Epoch 134, Batch 50: loss=0.223447
INFO:neural_network:Epoch 134, Batch 60: loss=0.245104
INFO:neural_network:Epoch 134, Batch 70: loss=0.320326
INFO:neural_network:Epoch 134, Batch 80: loss=0.319686
INFO:neural_network:Epoch 134, Batch 90: loss=0.314047
INFO:neural_network:Epoch 134, Batch 100: loss=0.282219
INFO:neural_network:Epoch 134, Batch 110: loss=0.265400
INFO:neural_network:Epoch 134, Batch 120: loss=0.240275
INFO:neural_network:Epoch 134, Batch 130: loss=0.287827
INFO:neural_network:Epoch 134, Batch 140: loss=0.173148
INFO:neural_network:Epoch 134, Batch 150: loss=0.245969
INFO:neural_network:Epoch 134, Batch 160: loss=0.177087
INFO:neural_network:Epoch 134, Batch 170: loss=0.316226
INFO:neural_network:Epoch 134, Batch 180: loss=0.203902
INFO:neural_network:Epoch 134, Batch 190: loss=0.323315
INFO:neural_network:Epoch 134, Batch 200: loss=0.321682
INFO:neural_network:Epoch 134, Batch 210: loss=0.229038
INFO:neural_network:Epoch 134, Batch 220: loss=0.215719
INFO:neural_network:Epoch 134, Batch 230: loss=0.284688
INFO:neural_network:Epoch 134, Batch 240: loss=0.235864
INFO:neural_network:Epoch 134, Batch 250: loss=0.198522
INFO:neural_network:Epoch 134, Batch 260: loss=0.282246
INFO:neural_network:Epoch 134, Batch 270: loss=0.300889
INFO:neural_network:Epoch 134, Batch 280: loss=0.218300
INFO:neural_network:Epoch 134, Batch 290: loss=0.312220
INFO:neural_network:Epoch  134/200: train_loss=0.259332 (batch_avg=0.259866), lr=0.001
INFO:neural_network:Accuracy: 0.9500 (95/100 correct)
INFO:neural_network:  -> Validation accuracy: 0.9500
INFO:neural_network:Epoch 135, Batch 0: loss=0.306466
INFO:neural_network:Epoch 135, Batch 10: loss=0.186452
INFO:neural_network:Epoch 135, Batch 20: loss=0.357118
INFO:neural_network:Epoch 135, Batch 30: loss=0.335845
INFO:neural_network:Epoch 135, Batch 40: loss=0.208507
INFO:neural_network:Epoch 135, Batch 50: loss=0.295734
INFO:neural_network:Epoch 135, Batch 60: loss=0.278630
INFO:neural_network:Epoch 135, Batch 70: loss=0.319560
INFO:neural_network:Epoch 135, Batch 80: loss=0.246863
INFO:neural_network:Epoch 135, Batch 90: loss=0.240209
INFO:neural_network:Epoch 135, Batch 100: loss=0.256790
INFO:neural_network:Epoch 135, Batch 110: loss=0.272071
INFO:neural_network:Epoch 135, Batch 120: loss=0.275321
INFO:neural_network:Epoch 135, Batch 130: loss=0.281323
INFO:neural_network:Epoch 135, Batch 140: loss=0.296184
INFO:neural_network:Epoch 135, Batch 150: loss=0.267843
INFO:neural_network:Epoch 135, Batch 160: loss=0.250983
INFO:neural_network:Epoch 135, Batch 170: loss=0.188490
INFO:neural_network:Epoch 135, Batch 180: loss=0.169442
INFO:neural_network:Epoch 135, Batch 190: loss=0.235567
INFO:neural_network:Epoch 135, Batch 200: loss=0.312542
INFO:neural_network:Epoch 135, Batch 210: loss=0.222007
INFO:neural_network:Epoch 135, Batch 220: loss=0.270971
INFO:neural_network:Epoch 135, Batch 230: loss=0.194746
INFO:neural_network:Epoch 135, Batch 240: loss=0.259528
INFO:neural_network:Epoch 135, Batch 250: loss=0.268257
INFO:neural_network:Epoch 135, Batch 260: loss=0.288928
INFO:neural_network:Epoch 135, Batch 270: loss=0.258917
INFO:neural_network:Epoch 135, Batch 280: loss=0.214927
INFO:neural_network:Epoch 135, Batch 290: loss=0.187869
INFO:neural_network:Epoch  135/200: train_loss=0.258613 (batch_avg=0.259175), lr=0.001
INFO:neural_network:Accuracy: 0.9300 (93/100 correct)
INFO:neural_network:  -> Validation accuracy: 0.9300
INFO:neural_network:Epoch 136, Batch 0: loss=0.294792
INFO:neural_network:Epoch 136, Batch 10: loss=0.279373
INFO:neural_network:Epoch 136, Batch 20: loss=0.347680
INFO:neural_network:Epoch 136, Batch 30: loss=0.284025
INFO:neural_network:Epoch 136, Batch 40: loss=0.333302
INFO:neural_network:Epoch 136, Batch 50: loss=0.281948
INFO:neural_network:Epoch 136, Batch 60: loss=0.207268
INFO:neural_network:Epoch 136, Batch 70: loss=0.360223
INFO:neural_network:Epoch 136, Batch 80: loss=0.348942
INFO:neural_network:Epoch 136, Batch 90: loss=0.292047
INFO:neural_network:Epoch 136, Batch 100: loss=0.269623
INFO:neural_network:Epoch 136, Batch 110: loss=0.218103
INFO:neural_network:Epoch 136, Batch 120: loss=0.249594
INFO:neural_network:Epoch 136, Batch 130: loss=0.256603
INFO:neural_network:Epoch 136, Batch 140: loss=0.215914
INFO:neural_network:Epoch 136, Batch 150: loss=0.260705
INFO:neural_network:Epoch 136, Batch 160: loss=0.233305
INFO:neural_network:Epoch 136, Batch 170: loss=0.252113
INFO:neural_network:Epoch 136, Batch 180: loss=0.247522
INFO:neural_network:Epoch 136, Batch 190: loss=0.232366
INFO:neural_network:Epoch 136, Batch 200: loss=0.266248
INFO:neural_network:Epoch 136, Batch 210: loss=0.245389
INFO:neural_network:Epoch 136, Batch 220: loss=0.234293
INFO:neural_network:Epoch 136, Batch 230: loss=0.219377
INFO:neural_network:Epoch 136, Batch 240: loss=0.181365
INFO:neural_network:Epoch 136, Batch 250: loss=0.302712
INFO:neural_network:Epoch 136, Batch 260: loss=0.232145
INFO:neural_network:Epoch 136, Batch 270: loss=0.230715
INFO:neural_network:Epoch 136, Batch 280: loss=0.257279
INFO:neural_network:Epoch 136, Batch 290: loss=0.243553
INFO:neural_network:Epoch  136/200: train_loss=0.257902 (batch_avg=0.258441), lr=0.001
INFO:neural_network:Accuracy: 0.9200 (92/100 correct)
INFO:neural_network:  -> Validation accuracy: 0.9200
INFO:neural_network:Epoch 137, Batch 0: loss=0.264086
INFO:neural_network:Epoch 137, Batch 10: loss=0.271683
INFO:neural_network:Epoch 137, Batch 20: loss=0.180996
INFO:neural_network:Epoch 137, Batch 30: loss=0.269765
INFO:neural_network:Epoch 137, Batch 40: loss=0.250440
INFO:neural_network:Epoch 137, Batch 50: loss=0.204352
INFO:neural_network:Epoch 137, Batch 60: loss=0.250169
INFO:neural_network:Epoch 137, Batch 70: loss=0.166286
INFO:neural_network:Epoch 137, Batch 80: loss=0.207054
INFO:neural_network:Epoch 137, Batch 90: loss=0.287284
INFO:neural_network:Epoch 137, Batch 100: loss=0.228994
INFO:neural_network:Epoch 137, Batch 110: loss=0.228084
INFO:neural_network:Epoch 137, Batch 120: loss=0.327081
INFO:neural_network:Epoch 137, Batch 130: loss=0.180352
INFO:neural_network:Epoch 137, Batch 140: loss=0.252846
INFO:neural_network:Epoch 137, Batch 150: loss=0.230093
INFO:neural_network:Epoch 137, Batch 160: loss=0.248251
INFO:neural_network:Epoch 137, Batch 170: loss=0.320203
INFO:neural_network:Epoch 137, Batch 180: loss=0.319264
INFO:neural_network:Epoch 137, Batch 190: loss=0.242016
INFO:neural_network:Epoch 137, Batch 200: loss=0.183251
INFO:neural_network:Epoch 137, Batch 210: loss=0.305148
INFO:neural_network:Epoch 137, Batch 220: loss=0.194211
INFO:neural_network:Epoch 137, Batch 230: loss=0.315276
INFO:neural_network:Epoch 137, Batch 240: loss=0.219692
INFO:neural_network:Epoch 137, Batch 250: loss=0.332190
INFO:neural_network:Epoch 137, Batch 260: loss=0.386065
INFO:neural_network:Epoch 137, Batch 270: loss=0.229015
INFO:neural_network:Epoch 137, Batch 280: loss=0.216858
INFO:neural_network:Epoch 137, Batch 290: loss=0.243312
INFO:neural_network:Epoch  137/200: train_loss=0.257186 (batch_avg=0.257761), lr=0.001
INFO:neural_network:Accuracy: 0.9400 (94/100 correct)
INFO:neural_network:  -> Validation accuracy: 0.9400
INFO:neural_network:Epoch 138, Batch 0: loss=0.321091
INFO:neural_network:Epoch 138, Batch 10: loss=0.317118
INFO:neural_network:Epoch 138, Batch 20: loss=0.293713
INFO:neural_network:Epoch 138, Batch 30: loss=0.264502
INFO:neural_network:Epoch 138, Batch 40: loss=0.230012
INFO:neural_network:Epoch 138, Batch 50: loss=0.240880
INFO:neural_network:Epoch 138, Batch 60: loss=0.296656
INFO:neural_network:Epoch 138, Batch 70: loss=0.281077
INFO:neural_network:Epoch 138, Batch 80: loss=0.196190
INFO:neural_network:Epoch 138, Batch 90: loss=0.234442
INFO:neural_network:Epoch 138, Batch 100: loss=0.217354
INFO:neural_network:Epoch 138, Batch 110: loss=0.238036
INFO:neural_network:Epoch 138, Batch 120: loss=0.274348
INFO:neural_network:Epoch 138, Batch 130: loss=0.260252
INFO:neural_network:Epoch 138, Batch 140: loss=0.295583
INFO:neural_network:Epoch 138, Batch 150: loss=0.369273
INFO:neural_network:Epoch 138, Batch 160: loss=0.227002
INFO:neural_network:Epoch 138, Batch 170: loss=0.303427
INFO:neural_network:Epoch 138, Batch 180: loss=0.244359
INFO:neural_network:Epoch 138, Batch 190: loss=0.239915
INFO:neural_network:Epoch 138, Batch 200: loss=0.243267
INFO:neural_network:Epoch 138, Batch 210: loss=0.198681
INFO:neural_network:Epoch 138, Batch 220: loss=0.247080
INFO:neural_network:Epoch 138, Batch 230: loss=0.216835
INFO:neural_network:Epoch 138, Batch 240: loss=0.374789
INFO:neural_network:Epoch 138, Batch 250: loss=0.266735
INFO:neural_network:Epoch 138, Batch 260: loss=0.285767
INFO:neural_network:Epoch 138, Batch 270: loss=0.299168
INFO:neural_network:Epoch 138, Batch 280: loss=0.310520
INFO:neural_network:Epoch 138, Batch 290: loss=0.269433
INFO:neural_network:Epoch  138/200: train_loss=0.256501 (batch_avg=0.257034), lr=0.001
INFO:neural_network:Accuracy: 1.0000 (100/100 correct)
INFO:neural_network:  -> Validation accuracy: 1.0000
INFO:neural_network:Epoch 139, Batch 0: loss=0.180610
INFO:neural_network:Epoch 139, Batch 10: loss=0.267164
INFO:neural_network:Epoch 139, Batch 20: loss=0.240388
INFO:neural_network:Epoch 139, Batch 30: loss=0.266004
INFO:neural_network:Epoch 139, Batch 40: loss=0.279293
INFO:neural_network:Epoch 139, Batch 50: loss=0.216855
INFO:neural_network:Epoch 139, Batch 60: loss=0.225392
INFO:neural_network:Epoch 139, Batch 70: loss=0.345798
INFO:neural_network:Epoch 139, Batch 80: loss=0.265510
INFO:neural_network:Epoch 139, Batch 90: loss=0.315748
INFO:neural_network:Epoch 139, Batch 100: loss=0.224793
INFO:neural_network:Epoch 139, Batch 110: loss=0.194359
INFO:neural_network:Epoch 139, Batch 120: loss=0.221690
INFO:neural_network:Epoch 139, Batch 130: loss=0.249567
INFO:neural_network:Epoch 139, Batch 140: loss=0.300130
INFO:neural_network:Epoch 139, Batch 150: loss=0.220581
INFO:neural_network:Epoch 139, Batch 160: loss=0.270502
INFO:neural_network:Epoch 139, Batch 170: loss=0.313149
INFO:neural_network:Epoch 139, Batch 180: loss=0.219467
INFO:neural_network:Epoch 139, Batch 190: loss=0.168001
INFO:neural_network:Epoch 139, Batch 200: loss=0.209411
INFO:neural_network:Epoch 139, Batch 210: loss=0.228591
INFO:neural_network:Epoch 139, Batch 220: loss=0.322176
INFO:neural_network:Epoch 139, Batch 230: loss=0.207627
INFO:neural_network:Epoch 139, Batch 240: loss=0.261407
INFO:neural_network:Epoch 139, Batch 250: loss=0.242860
INFO:neural_network:Epoch 139, Batch 260: loss=0.199890
INFO:neural_network:Epoch 139, Batch 270: loss=0.288624
INFO:neural_network:Epoch 139, Batch 280: loss=0.298694
INFO:neural_network:Epoch 139, Batch 290: loss=0.214855
INFO:neural_network:Epoch  139/200: train_loss=0.255841 (batch_avg=0.256358), lr=0.001
INFO:neural_network:Accuracy: 0.9300 (93/100 correct)
INFO:neural_network:  -> Validation accuracy: 0.9300
INFO:neural_network:Epoch 140, Batch 0: loss=0.280774
INFO:neural_network:Epoch 140, Batch 10: loss=0.239017
INFO:neural_network:Epoch 140, Batch 20: loss=0.249396
INFO:neural_network:Epoch 140, Batch 30: loss=0.250016
INFO:neural_network:Epoch 140, Batch 40: loss=0.236348
INFO:neural_network:Epoch 140, Batch 50: loss=0.248411
INFO:neural_network:Epoch 140, Batch 60: loss=0.189102
INFO:neural_network:Epoch 140, Batch 70: loss=0.164804
INFO:neural_network:Epoch 140, Batch 80: loss=0.240780
INFO:neural_network:Epoch 140, Batch 90: loss=0.302534
INFO:neural_network:Epoch 140, Batch 100: loss=0.280424
INFO:neural_network:Epoch 140, Batch 110: loss=0.275577
INFO:neural_network:Epoch 140, Batch 120: loss=0.269061
INFO:neural_network:Epoch 140, Batch 130: loss=0.304169
INFO:neural_network:Epoch 140, Batch 140: loss=0.217601
INFO:neural_network:Epoch 140, Batch 150: loss=0.234730
INFO:neural_network:Epoch 140, Batch 160: loss=0.241053
INFO:neural_network:Epoch 140, Batch 170: loss=0.233919
INFO:neural_network:Epoch 140, Batch 180: loss=0.283861
INFO:neural_network:Epoch 140, Batch 190: loss=0.200605
INFO:neural_network:Epoch 140, Batch 200: loss=0.183466
INFO:neural_network:Epoch 140, Batch 210: loss=0.251800
INFO:neural_network:Epoch 140, Batch 220: loss=0.169043
INFO:neural_network:Epoch 140, Batch 230: loss=0.250658
INFO:neural_network:Epoch 140, Batch 240: loss=0.220207
INFO:neural_network:Epoch 140, Batch 250: loss=0.310196
INFO:neural_network:Epoch 140, Batch 260: loss=0.178583
INFO:neural_network:Epoch 140, Batch 270: loss=0.238722
INFO:neural_network:Epoch 140, Batch 280: loss=0.257361
INFO:neural_network:Epoch 140, Batch 290: loss=0.276228
INFO:neural_network:Epoch  140/200: train_loss=0.255142 (batch_avg=0.255685), lr=0.001
INFO:neural_network:Accuracy: 0.9700 (97/100 correct)
INFO:neural_network:  -> Validation accuracy: 0.9700
INFO:neural_network:Epoch 141, Batch 0: loss=0.282869
INFO:neural_network:Epoch 141, Batch 10: loss=0.230919
INFO:neural_network:Epoch 141, Batch 20: loss=0.221715
INFO:neural_network:Epoch 141, Batch 30: loss=0.260550
INFO:neural_network:Epoch 141, Batch 40: loss=0.260843
INFO:neural_network:Epoch 141, Batch 50: loss=0.288586
INFO:neural_network:Epoch 141, Batch 60: loss=0.284042
INFO:neural_network:Epoch 141, Batch 70: loss=0.235956
INFO:neural_network:Epoch 141, Batch 80: loss=0.281785
INFO:neural_network:Epoch 141, Batch 90: loss=0.281256
INFO:neural_network:Epoch 141, Batch 100: loss=0.271743
INFO:neural_network:Epoch 141, Batch 110: loss=0.206703
INFO:neural_network:Epoch 141, Batch 120: loss=0.329423
INFO:neural_network:Epoch 141, Batch 130: loss=0.237001
INFO:neural_network:Epoch 141, Batch 140: loss=0.234239
INFO:neural_network:Epoch 141, Batch 150: loss=0.197769
INFO:neural_network:Epoch 141, Batch 160: loss=0.291161
INFO:neural_network:Epoch 141, Batch 170: loss=0.223065
INFO:neural_network:Epoch 141, Batch 180: loss=0.310786
INFO:neural_network:Epoch 141, Batch 190: loss=0.235291
INFO:neural_network:Epoch 141, Batch 200: loss=0.325081
INFO:neural_network:Epoch 141, Batch 210: loss=0.204138
INFO:neural_network:Epoch 141, Batch 220: loss=0.340895
INFO:neural_network:Epoch 141, Batch 230: loss=0.242505
INFO:neural_network:Epoch 141, Batch 240: loss=0.255494
INFO:neural_network:Epoch 141, Batch 250: loss=0.296729
INFO:neural_network:Epoch 141, Batch 260: loss=0.272262
INFO:neural_network:Epoch 141, Batch 270: loss=0.246338
INFO:neural_network:Epoch 141, Batch 280: loss=0.202559
INFO:neural_network:Epoch 141, Batch 290: loss=0.262471
INFO:neural_network:Epoch  141/200: train_loss=0.254450 (batch_avg=0.255015), lr=0.001
INFO:neural_network:Accuracy: 0.9300 (93/100 correct)
INFO:neural_network:  -> Validation accuracy: 0.9300
INFO:neural_network:Epoch 142, Batch 0: loss=0.169333
INFO:neural_network:Epoch 142, Batch 10: loss=0.274200
INFO:neural_network:Epoch 142, Batch 20: loss=0.203327
INFO:neural_network:Epoch 142, Batch 30: loss=0.262855
INFO:neural_network:Epoch 142, Batch 40: loss=0.230585
INFO:neural_network:Epoch 142, Batch 50: loss=0.162108
INFO:neural_network:Epoch 142, Batch 60: loss=0.217107
INFO:neural_network:Epoch 142, Batch 70: loss=0.256572
INFO:neural_network:Epoch 142, Batch 80: loss=0.332865
INFO:neural_network:Epoch 142, Batch 90: loss=0.253183
INFO:neural_network:Epoch 142, Batch 100: loss=0.281953
INFO:neural_network:Epoch 142, Batch 110: loss=0.281279
INFO:neural_network:Epoch 142, Batch 120: loss=0.273133
INFO:neural_network:Epoch 142, Batch 130: loss=0.199579
INFO:neural_network:Epoch 142, Batch 140: loss=0.194446
INFO:neural_network:Epoch 142, Batch 150: loss=0.226410
INFO:neural_network:Epoch 142, Batch 160: loss=0.285220
INFO:neural_network:Epoch 142, Batch 170: loss=0.214104
INFO:neural_network:Epoch 142, Batch 180: loss=0.246063
INFO:neural_network:Epoch 142, Batch 190: loss=0.235553
INFO:neural_network:Epoch 142, Batch 200: loss=0.344832
INFO:neural_network:Epoch 142, Batch 210: loss=0.239716
INFO:neural_network:Epoch 142, Batch 220: loss=0.171985
INFO:neural_network:Epoch 142, Batch 230: loss=0.307270
INFO:neural_network:Epoch 142, Batch 240: loss=0.237669
INFO:neural_network:Epoch 142, Batch 250: loss=0.199086
INFO:neural_network:Epoch 142, Batch 260: loss=0.245509
INFO:neural_network:Epoch 142, Batch 270: loss=0.330726
INFO:neural_network:Epoch 142, Batch 280: loss=0.227870
INFO:neural_network:Epoch 142, Batch 290: loss=0.207799
INFO:neural_network:Epoch  142/200: train_loss=0.253779 (batch_avg=0.254333), lr=0.001
INFO:neural_network:Accuracy: 0.9200 (92/100 correct)
INFO:neural_network:  -> Validation accuracy: 0.9200
INFO:neural_network:Epoch 143, Batch 0: loss=0.288217
INFO:neural_network:Epoch 143, Batch 10: loss=0.283825
INFO:neural_network:Epoch 143, Batch 20: loss=0.268880
INFO:neural_network:Epoch 143, Batch 30: loss=0.216885
INFO:neural_network:Epoch 143, Batch 40: loss=0.265575
INFO:neural_network:Epoch 143, Batch 50: loss=0.233698
INFO:neural_network:Epoch 143, Batch 60: loss=0.198868
INFO:neural_network:Epoch 143, Batch 70: loss=0.301949
INFO:neural_network:Epoch 143, Batch 80: loss=0.319902
INFO:neural_network:Epoch 143, Batch 90: loss=0.273365
INFO:neural_network:Epoch 143, Batch 100: loss=0.347678
INFO:neural_network:Epoch 143, Batch 110: loss=0.357689
INFO:neural_network:Epoch 143, Batch 120: loss=0.273226
INFO:neural_network:Epoch 143, Batch 130: loss=0.179549
INFO:neural_network:Epoch 143, Batch 140: loss=0.194640
INFO:neural_network:Epoch 143, Batch 150: loss=0.208725
INFO:neural_network:Epoch 143, Batch 160: loss=0.288367
INFO:neural_network:Epoch 143, Batch 170: loss=0.267333
INFO:neural_network:Epoch 143, Batch 180: loss=0.203599
INFO:neural_network:Epoch 143, Batch 190: loss=0.310375
INFO:neural_network:Epoch 143, Batch 200: loss=0.209443
INFO:neural_network:Epoch 143, Batch 210: loss=0.234786
INFO:neural_network:Epoch 143, Batch 220: loss=0.316316
INFO:neural_network:Epoch 143, Batch 230: loss=0.229477
INFO:neural_network:Epoch 143, Batch 240: loss=0.189820
INFO:neural_network:Epoch 143, Batch 250: loss=0.297083
INFO:neural_network:Epoch 143, Batch 260: loss=0.241946
INFO:neural_network:Epoch 143, Batch 270: loss=0.277989
INFO:neural_network:Epoch 143, Batch 280: loss=0.228553
INFO:neural_network:Epoch 143, Batch 290: loss=0.235506
INFO:neural_network:Epoch  143/200: train_loss=0.253106 (batch_avg=0.253662), lr=0.001
INFO:neural_network:Accuracy: 0.9400 (94/100 correct)
INFO:neural_network:  -> Validation accuracy: 0.9400
INFO:neural_network:Epoch 144, Batch 0: loss=0.334869
INFO:neural_network:Epoch 144, Batch 10: loss=0.206614
INFO:neural_network:Epoch 144, Batch 20: loss=0.313823
INFO:neural_network:Epoch 144, Batch 30: loss=0.217530
INFO:neural_network:Epoch 144, Batch 40: loss=0.226163
INFO:neural_network:Epoch 144, Batch 50: loss=0.266225
INFO:neural_network:Epoch 144, Batch 60: loss=0.313057
INFO:neural_network:Epoch 144, Batch 70: loss=0.220728
INFO:neural_network:Epoch 144, Batch 80: loss=0.216253
INFO:neural_network:Epoch 144, Batch 90: loss=0.248231
INFO:neural_network:Epoch 144, Batch 100: loss=0.273332
INFO:neural_network:Epoch 144, Batch 110: loss=0.213638
INFO:neural_network:Epoch 144, Batch 120: loss=0.294392
INFO:neural_network:Epoch 144, Batch 130: loss=0.245279
INFO:neural_network:Epoch 144, Batch 140: loss=0.205665
INFO:neural_network:Epoch 144, Batch 150: loss=0.263017
INFO:neural_network:Epoch 144, Batch 160: loss=0.298055
INFO:neural_network:Epoch 144, Batch 170: loss=0.300003
INFO:neural_network:Epoch 144, Batch 180: loss=0.258883
INFO:neural_network:Epoch 144, Batch 190: loss=0.188599
INFO:neural_network:Epoch 144, Batch 200: loss=0.158019
INFO:neural_network:Epoch 144, Batch 210: loss=0.251808
INFO:neural_network:Epoch 144, Batch 220: loss=0.265268
INFO:neural_network:Epoch 144, Batch 230: loss=0.268330
INFO:neural_network:Epoch 144, Batch 240: loss=0.209635
INFO:neural_network:Epoch 144, Batch 250: loss=0.288067
INFO:neural_network:Epoch 144, Batch 260: loss=0.146885
INFO:neural_network:Epoch 144, Batch 270: loss=0.238493
INFO:neural_network:Epoch 144, Batch 280: loss=0.247715
INFO:neural_network:Epoch 144, Batch 290: loss=0.274229
INFO:neural_network:Epoch  144/200: train_loss=0.252444 (batch_avg=0.252994), lr=0.001
INFO:neural_network:Accuracy: 0.9400 (94/100 correct)
INFO:neural_network:  -> Validation accuracy: 0.9400
INFO:neural_network:Epoch 145, Batch 0: loss=0.245051
INFO:neural_network:Epoch 145, Batch 10: loss=0.342172
INFO:neural_network:Epoch 145, Batch 20: loss=0.189451
INFO:neural_network:Epoch 145, Batch 30: loss=0.275382
INFO:neural_network:Epoch 145, Batch 40: loss=0.235193
INFO:neural_network:Epoch 145, Batch 50: loss=0.193254
INFO:neural_network:Epoch 145, Batch 60: loss=0.292002
INFO:neural_network:Epoch 145, Batch 70: loss=0.330406
INFO:neural_network:Epoch 145, Batch 80: loss=0.262078
INFO:neural_network:Epoch 145, Batch 90: loss=0.229346
INFO:neural_network:Epoch 145, Batch 100: loss=0.226440
INFO:neural_network:Epoch 145, Batch 110: loss=0.205943
INFO:neural_network:Epoch 145, Batch 120: loss=0.289522
INFO:neural_network:Epoch 145, Batch 130: loss=0.253383
INFO:neural_network:Epoch 145, Batch 140: loss=0.215849
INFO:neural_network:Epoch 145, Batch 150: loss=0.205280
INFO:neural_network:Epoch 145, Batch 160: loss=0.227729
INFO:neural_network:Epoch 145, Batch 170: loss=0.251480
INFO:neural_network:Epoch 145, Batch 180: loss=0.227329
INFO:neural_network:Epoch 145, Batch 190: loss=0.205495
INFO:neural_network:Epoch 145, Batch 200: loss=0.317113
INFO:neural_network:Epoch 145, Batch 210: loss=0.267817
INFO:neural_network:Epoch 145, Batch 220: loss=0.244348
INFO:neural_network:Epoch 145, Batch 230: loss=0.277024
INFO:neural_network:Epoch 145, Batch 240: loss=0.294517
INFO:neural_network:Epoch 145, Batch 250: loss=0.258642
INFO:neural_network:Epoch 145, Batch 260: loss=0.292029
INFO:neural_network:Epoch 145, Batch 270: loss=0.256383
INFO:neural_network:Epoch 145, Batch 280: loss=0.225166
INFO:neural_network:Epoch 145, Batch 290: loss=0.157801
INFO:neural_network:Epoch  145/200: train_loss=0.251806 (batch_avg=0.252334), lr=0.001
INFO:neural_network:Accuracy: 0.9600 (96/100 correct)
INFO:neural_network:  -> Validation accuracy: 0.9600
INFO:neural_network:Epoch 146, Batch 0: loss=0.214795
INFO:neural_network:Epoch 146, Batch 10: loss=0.275048
INFO:neural_network:Epoch 146, Batch 20: loss=0.200522
INFO:neural_network:Epoch 146, Batch 30: loss=0.221671
INFO:neural_network:Epoch 146, Batch 40: loss=0.366041
INFO:neural_network:Epoch 146, Batch 50: loss=0.197341
INFO:neural_network:Epoch 146, Batch 60: loss=0.330310
INFO:neural_network:Epoch 146, Batch 70: loss=0.269618
INFO:neural_network:Epoch 146, Batch 80: loss=0.280188
INFO:neural_network:Epoch 146, Batch 90: loss=0.205464
INFO:neural_network:Epoch 146, Batch 100: loss=0.348203
INFO:neural_network:Epoch 146, Batch 110: loss=0.223855
INFO:neural_network:Epoch 146, Batch 120: loss=0.182138
INFO:neural_network:Epoch 146, Batch 130: loss=0.208594
INFO:neural_network:Epoch 146, Batch 140: loss=0.209544
INFO:neural_network:Epoch 146, Batch 150: loss=0.214765
INFO:neural_network:Epoch 146, Batch 160: loss=0.266288
INFO:neural_network:Epoch 146, Batch 170: loss=0.287403
INFO:neural_network:Epoch 146, Batch 180: loss=0.296633
INFO:neural_network:Epoch 146, Batch 190: loss=0.238359
INFO:neural_network:Epoch 146, Batch 200: loss=0.318860
INFO:neural_network:Epoch 146, Batch 210: loss=0.270289
INFO:neural_network:Epoch 146, Batch 220: loss=0.241556
INFO:neural_network:Epoch 146, Batch 230: loss=0.269703
INFO:neural_network:Epoch 146, Batch 240: loss=0.244906
INFO:neural_network:Epoch 146, Batch 250: loss=0.286696
INFO:neural_network:Epoch 146, Batch 260: loss=0.272932
INFO:neural_network:Epoch 146, Batch 270: loss=0.182857
INFO:neural_network:Epoch 146, Batch 280: loss=0.241123
INFO:neural_network:Epoch 146, Batch 290: loss=0.252960
INFO:neural_network:Epoch  146/200: train_loss=0.251146 (batch_avg=0.251676), lr=0.001
INFO:neural_network:Accuracy: 0.8900 (89/100 correct)
INFO:neural_network:  -> Validation accuracy: 0.8900
INFO:neural_network:Epoch 147, Batch 0: loss=0.322523
INFO:neural_network:Epoch 147, Batch 10: loss=0.268563
INFO:neural_network:Epoch 147, Batch 20: loss=0.285217
INFO:neural_network:Epoch 147, Batch 30: loss=0.282919
INFO:neural_network:Epoch 147, Batch 40: loss=0.251375
INFO:neural_network:Epoch 147, Batch 50: loss=0.259380
INFO:neural_network:Epoch 147, Batch 60: loss=0.130848
INFO:neural_network:Epoch 147, Batch 70: loss=0.280884
INFO:neural_network:Epoch 147, Batch 80: loss=0.294542
INFO:neural_network:Epoch 147, Batch 90: loss=0.209689
INFO:neural_network:Epoch 147, Batch 100: loss=0.202595
INFO:neural_network:Epoch 147, Batch 110: loss=0.245144
INFO:neural_network:Epoch 147, Batch 120: loss=0.310081
INFO:neural_network:Epoch 147, Batch 130: loss=0.150511
INFO:neural_network:Epoch 147, Batch 140: loss=0.167061
INFO:neural_network:Epoch 147, Batch 150: loss=0.269166
INFO:neural_network:Epoch 147, Batch 160: loss=0.330148
INFO:neural_network:Epoch 147, Batch 170: loss=0.206683
INFO:neural_network:Epoch 147, Batch 180: loss=0.150245
INFO:neural_network:Epoch 147, Batch 190: loss=0.209601
INFO:neural_network:Epoch 147, Batch 200: loss=0.306642
INFO:neural_network:Epoch 147, Batch 210: loss=0.355478
INFO:neural_network:Epoch 147, Batch 220: loss=0.205483
INFO:neural_network:Epoch 147, Batch 230: loss=0.238534
INFO:neural_network:Epoch 147, Batch 240: loss=0.313293
INFO:neural_network:Epoch 147, Batch 250: loss=0.219400
INFO:neural_network:Epoch 147, Batch 260: loss=0.302185
INFO:neural_network:Epoch 147, Batch 270: loss=0.221754
INFO:neural_network:Epoch 147, Batch 280: loss=0.208967
INFO:neural_network:Epoch 147, Batch 290: loss=0.171453
INFO:neural_network:Epoch  147/200: train_loss=0.250530 (batch_avg=0.251024), lr=0.001
INFO:neural_network:Accuracy: 0.9600 (96/100 correct)
INFO:neural_network:  -> Validation accuracy: 0.9600
INFO:neural_network:Epoch 148, Batch 0: loss=0.195767
INFO:neural_network:Epoch 148, Batch 10: loss=0.219197
INFO:neural_network:Epoch 148, Batch 20: loss=0.252302
INFO:neural_network:Epoch 148, Batch 30: loss=0.298566
INFO:neural_network:Epoch 148, Batch 40: loss=0.205196
INFO:neural_network:Epoch 148, Batch 50: loss=0.188373
INFO:neural_network:Epoch 148, Batch 60: loss=0.285708
INFO:neural_network:Epoch 148, Batch 70: loss=0.252644
INFO:neural_network:Epoch 148, Batch 80: loss=0.218234
INFO:neural_network:Epoch 148, Batch 90: loss=0.209910
INFO:neural_network:Epoch 148, Batch 100: loss=0.248842
INFO:neural_network:Epoch 148, Batch 110: loss=0.278619
INFO:neural_network:Epoch 148, Batch 120: loss=0.204291
INFO:neural_network:Epoch 148, Batch 130: loss=0.182811
INFO:neural_network:Epoch 148, Batch 140: loss=0.215685
INFO:neural_network:Epoch 148, Batch 150: loss=0.260602
INFO:neural_network:Epoch 148, Batch 160: loss=0.294815
INFO:neural_network:Epoch 148, Batch 170: loss=0.275641
INFO:neural_network:Epoch 148, Batch 180: loss=0.301157
INFO:neural_network:Epoch 148, Batch 190: loss=0.235782
INFO:neural_network:Epoch 148, Batch 200: loss=0.392102
INFO:neural_network:Epoch 148, Batch 210: loss=0.215969
INFO:neural_network:Epoch 148, Batch 220: loss=0.229176
INFO:neural_network:Epoch 148, Batch 230: loss=0.272741
INFO:neural_network:Epoch 148, Batch 240: loss=0.234884
INFO:neural_network:Epoch 148, Batch 250: loss=0.267754
INFO:neural_network:Epoch 148, Batch 260: loss=0.165223
INFO:neural_network:Epoch 148, Batch 270: loss=0.247789
INFO:neural_network:Epoch 148, Batch 280: loss=0.320868
INFO:neural_network:Epoch 148, Batch 290: loss=0.318321
INFO:neural_network:Epoch  148/200: train_loss=0.249858 (batch_avg=0.250380), lr=0.001
INFO:neural_network:Accuracy: 0.9800 (98/100 correct)
INFO:neural_network:  -> Validation accuracy: 0.9800
INFO:neural_network:Epoch 149, Batch 0: loss=0.201945
INFO:neural_network:Epoch 149, Batch 10: loss=0.222046
INFO:neural_network:Epoch 149, Batch 20: loss=0.254896
INFO:neural_network:Epoch 149, Batch 30: loss=0.332595
INFO:neural_network:Epoch 149, Batch 40: loss=0.182125
INFO:neural_network:Epoch 149, Batch 50: loss=0.248358
INFO:neural_network:Epoch 149, Batch 60: loss=0.166189
INFO:neural_network:Epoch 149, Batch 70: loss=0.206850
INFO:neural_network:Epoch 149, Batch 80: loss=0.242399
INFO:neural_network:Epoch 149, Batch 90: loss=0.190826
INFO:neural_network:Epoch 149, Batch 100: loss=0.202552
INFO:neural_network:Epoch 149, Batch 110: loss=0.277025
INFO:neural_network:Epoch 149, Batch 120: loss=0.184733
INFO:neural_network:Epoch 149, Batch 130: loss=0.306300
INFO:neural_network:Epoch 149, Batch 140: loss=0.155904
INFO:neural_network:Epoch 149, Batch 150: loss=0.273104
INFO:neural_network:Epoch 149, Batch 160: loss=0.193984
INFO:neural_network:Epoch 149, Batch 170: loss=0.325425
INFO:neural_network:Epoch 149, Batch 180: loss=0.236045
INFO:neural_network:Epoch 149, Batch 190: loss=0.300003
INFO:neural_network:Epoch 149, Batch 200: loss=0.206495
INFO:neural_network:Epoch 149, Batch 210: loss=0.319256
INFO:neural_network:Epoch 149, Batch 220: loss=0.146545
INFO:neural_network:Epoch 149, Batch 230: loss=0.239296
INFO:neural_network:Epoch 149, Batch 240: loss=0.236182
INFO:neural_network:Epoch 149, Batch 250: loss=0.185510
INFO:neural_network:Epoch 149, Batch 260: loss=0.255111
INFO:neural_network:Epoch 149, Batch 270: loss=0.231740
INFO:neural_network:Epoch 149, Batch 280: loss=0.350978
INFO:neural_network:Epoch 149, Batch 290: loss=0.169962
INFO:neural_network:Epoch  149/200: train_loss=0.249330 (batch_avg=0.249689), lr=0.001
INFO:neural_network:Accuracy: 0.9500 (95/100 correct)
INFO:neural_network:  -> Validation accuracy: 0.9500
INFO:neural_network:Epoch 150, Batch 0: loss=0.278330
INFO:neural_network:Epoch 150, Batch 10: loss=0.274189
INFO:neural_network:Epoch 150, Batch 20: loss=0.171810
INFO:neural_network:Epoch 150, Batch 30: loss=0.165451
INFO:neural_network:Epoch 150, Batch 40: loss=0.225215
INFO:neural_network:Epoch 150, Batch 50: loss=0.250497
INFO:neural_network:Epoch 150, Batch 60: loss=0.258216
INFO:neural_network:Epoch 150, Batch 70: loss=0.442386
INFO:neural_network:Epoch 150, Batch 80: loss=0.273013
INFO:neural_network:Epoch 150, Batch 90: loss=0.216797
INFO:neural_network:Epoch 150, Batch 100: loss=0.284807
INFO:neural_network:Epoch 150, Batch 110: loss=0.220144
INFO:neural_network:Epoch 150, Batch 120: loss=0.277134
INFO:neural_network:Epoch 150, Batch 130: loss=0.218558
INFO:neural_network:Epoch 150, Batch 140: loss=0.198412
INFO:neural_network:Epoch 150, Batch 150: loss=0.234455
INFO:neural_network:Epoch 150, Batch 160: loss=0.231653
INFO:neural_network:Epoch 150, Batch 170: loss=0.228288
INFO:neural_network:Epoch 150, Batch 180: loss=0.273940
INFO:neural_network:Epoch 150, Batch 190: loss=0.239236
INFO:neural_network:Epoch 150, Batch 200: loss=0.179833
INFO:neural_network:Epoch 150, Batch 210: loss=0.260082
INFO:neural_network:Epoch 150, Batch 220: loss=0.189571
INFO:neural_network:Epoch 150, Batch 230: loss=0.256054
INFO:neural_network:Epoch 150, Batch 240: loss=0.316706
INFO:neural_network:Epoch 150, Batch 250: loss=0.220824
INFO:neural_network:Epoch 150, Batch 260: loss=0.276542
INFO:neural_network:Epoch 150, Batch 270: loss=0.309364
INFO:neural_network:Epoch 150, Batch 280: loss=0.257220
INFO:neural_network:Epoch 150, Batch 290: loss=0.230585
INFO:neural_network:Epoch  150/200: train_loss=0.248571 (batch_avg=0.249093), lr=0.001
INFO:neural_network:Accuracy: 0.8800 (88/100 correct)
INFO:neural_network:  -> Validation accuracy: 0.8800
INFO:neural_network:Epoch 151, Batch 0: loss=0.303365
INFO:neural_network:Epoch 151, Batch 10: loss=0.271439
INFO:neural_network:Epoch 151, Batch 20: loss=0.188512
INFO:neural_network:Epoch 151, Batch 30: loss=0.298219
INFO:neural_network:Epoch 151, Batch 40: loss=0.259338
INFO:neural_network:Epoch 151, Batch 50: loss=0.169485
INFO:neural_network:Epoch 151, Batch 60: loss=0.369654
INFO:neural_network:Epoch 151, Batch 70: loss=0.274364
INFO:neural_network:Epoch 151, Batch 80: loss=0.200291
INFO:neural_network:Epoch 151, Batch 90: loss=0.238049
INFO:neural_network:Epoch 151, Batch 100: loss=0.231402
INFO:neural_network:Epoch 151, Batch 110: loss=0.210303
INFO:neural_network:Epoch 151, Batch 120: loss=0.239021
INFO:neural_network:Epoch 151, Batch 130: loss=0.288964
INFO:neural_network:Epoch 151, Batch 140: loss=0.225703
INFO:neural_network:Epoch 151, Batch 150: loss=0.256573
INFO:neural_network:Epoch 151, Batch 160: loss=0.245010
INFO:neural_network:Epoch 151, Batch 170: loss=0.208863
INFO:neural_network:Epoch 151, Batch 180: loss=0.204562
INFO:neural_network:Epoch 151, Batch 190: loss=0.307537
INFO:neural_network:Epoch 151, Batch 200: loss=0.342450
INFO:neural_network:Epoch 151, Batch 210: loss=0.233435
INFO:neural_network:Epoch 151, Batch 220: loss=0.213498
INFO:neural_network:Epoch 151, Batch 230: loss=0.309653
INFO:neural_network:Epoch 151, Batch 240: loss=0.253097
INFO:neural_network:Epoch 151, Batch 250: loss=0.305202
INFO:neural_network:Epoch 151, Batch 260: loss=0.167492
INFO:neural_network:Epoch 151, Batch 270: loss=0.182937
INFO:neural_network:Epoch 151, Batch 280: loss=0.318755
INFO:neural_network:Epoch 151, Batch 290: loss=0.206209
INFO:neural_network:Epoch  151/200: train_loss=0.247928 (batch_avg=0.248477), lr=0.001
INFO:neural_network:Accuracy: 0.9500 (95/100 correct)
INFO:neural_network:  -> Validation accuracy: 0.9500
INFO:neural_network:Epoch 152, Batch 0: loss=0.231106
INFO:neural_network:Epoch 152, Batch 10: loss=0.252652
INFO:neural_network:Epoch 152, Batch 20: loss=0.156410
INFO:neural_network:Epoch 152, Batch 30: loss=0.237000
INFO:neural_network:Epoch 152, Batch 40: loss=0.291230
INFO:neural_network:Epoch 152, Batch 50: loss=0.310187
INFO:neural_network:Epoch 152, Batch 60: loss=0.222760
INFO:neural_network:Epoch 152, Batch 70: loss=0.206096
INFO:neural_network:Epoch 152, Batch 80: loss=0.199068
INFO:neural_network:Epoch 152, Batch 90: loss=0.255247
INFO:neural_network:Epoch 152, Batch 100: loss=0.255307
INFO:neural_network:Epoch 152, Batch 110: loss=0.257135
INFO:neural_network:Epoch 152, Batch 120: loss=0.252345
INFO:neural_network:Epoch 152, Batch 130: loss=0.196579
INFO:neural_network:Epoch 152, Batch 140: loss=0.267681
INFO:neural_network:Epoch 152, Batch 150: loss=0.284728
INFO:neural_network:Epoch 152, Batch 160: loss=0.245778
INFO:neural_network:Epoch 152, Batch 170: loss=0.317749
INFO:neural_network:Epoch 152, Batch 180: loss=0.293607
INFO:neural_network:Epoch 152, Batch 190: loss=0.210606
INFO:neural_network:Epoch 152, Batch 200: loss=0.274398
INFO:neural_network:Epoch 152, Batch 210: loss=0.337683
INFO:neural_network:Epoch 152, Batch 220: loss=0.296810
INFO:neural_network:Epoch 152, Batch 230: loss=0.259924
INFO:neural_network:Epoch 152, Batch 240: loss=0.240827
INFO:neural_network:Epoch 152, Batch 250: loss=0.209858
INFO:neural_network:Epoch 152, Batch 260: loss=0.229131
INFO:neural_network:Epoch 152, Batch 270: loss=0.282846
INFO:neural_network:Epoch 152, Batch 280: loss=0.237802
INFO:neural_network:Epoch 152, Batch 290: loss=0.273636
INFO:neural_network:Epoch  152/200: train_loss=0.247311 (batch_avg=0.247826), lr=0.001
INFO:neural_network:Accuracy: 0.9600 (96/100 correct)
INFO:neural_network:  -> Validation accuracy: 0.9600
INFO:neural_network:Epoch 153, Batch 0: loss=0.256367
INFO:neural_network:Epoch 153, Batch 10: loss=0.338766
INFO:neural_network:Epoch 153, Batch 20: loss=0.182500
INFO:neural_network:Epoch 153, Batch 30: loss=0.339676
INFO:neural_network:Epoch 153, Batch 40: loss=0.257716
INFO:neural_network:Epoch 153, Batch 50: loss=0.212161
INFO:neural_network:Epoch 153, Batch 60: loss=0.189589
INFO:neural_network:Epoch 153, Batch 70: loss=0.211248
INFO:neural_network:Epoch 153, Batch 80: loss=0.259498
INFO:neural_network:Epoch 153, Batch 90: loss=0.312369
INFO:neural_network:Epoch 153, Batch 100: loss=0.258421
INFO:neural_network:Epoch 153, Batch 110: loss=0.270456
INFO:neural_network:Epoch 153, Batch 120: loss=0.196183
INFO:neural_network:Epoch 153, Batch 130: loss=0.169004
INFO:neural_network:Epoch 153, Batch 140: loss=0.314507
INFO:neural_network:Epoch 153, Batch 150: loss=0.205957
INFO:neural_network:Epoch 153, Batch 160: loss=0.245792
INFO:neural_network:Epoch 153, Batch 170: loss=0.190840
INFO:neural_network:Epoch 153, Batch 180: loss=0.212084
INFO:neural_network:Epoch 153, Batch 190: loss=0.214301
INFO:neural_network:Epoch 153, Batch 200: loss=0.161424
INFO:neural_network:Epoch 153, Batch 210: loss=0.213306
INFO:neural_network:Epoch 153, Batch 220: loss=0.224272
INFO:neural_network:Epoch 153, Batch 230: loss=0.302879
INFO:neural_network:Epoch 153, Batch 240: loss=0.257961
INFO:neural_network:Epoch 153, Batch 250: loss=0.155100
INFO:neural_network:Epoch 153, Batch 260: loss=0.353763
INFO:neural_network:Epoch 153, Batch 270: loss=0.150292
INFO:neural_network:Epoch 153, Batch 280: loss=0.272136
INFO:neural_network:Epoch 153, Batch 290: loss=0.271371
INFO:neural_network:Epoch  153/200: train_loss=0.246668 (batch_avg=0.247210), lr=0.001
INFO:neural_network:Accuracy: 0.9400 (94/100 correct)
INFO:neural_network:  -> Validation accuracy: 0.9400
INFO:neural_network:Epoch 154, Batch 0: loss=0.212293
INFO:neural_network:Epoch 154, Batch 10: loss=0.203315
INFO:neural_network:Epoch 154, Batch 20: loss=0.298340
INFO:neural_network:Epoch 154, Batch 30: loss=0.324705
INFO:neural_network:Epoch 154, Batch 40: loss=0.303707
INFO:neural_network:Epoch 154, Batch 50: loss=0.219523
INFO:neural_network:Epoch 154, Batch 60: loss=0.157246
INFO:neural_network:Epoch 154, Batch 70: loss=0.199781
INFO:neural_network:Epoch 154, Batch 80: loss=0.309422
INFO:neural_network:Epoch 154, Batch 90: loss=0.161407
INFO:neural_network:Epoch 154, Batch 100: loss=0.170339
INFO:neural_network:Epoch 154, Batch 110: loss=0.293850
INFO:neural_network:Epoch 154, Batch 120: loss=0.214657
INFO:neural_network:Epoch 154, Batch 130: loss=0.256539
INFO:neural_network:Epoch 154, Batch 140: loss=0.168505
INFO:neural_network:Epoch 154, Batch 150: loss=0.172798
INFO:neural_network:Epoch 154, Batch 160: loss=0.180651
INFO:neural_network:Epoch 154, Batch 170: loss=0.272350
INFO:neural_network:Epoch 154, Batch 180: loss=0.253786
INFO:neural_network:Epoch 154, Batch 190: loss=0.311643
INFO:neural_network:Epoch 154, Batch 200: loss=0.177747
INFO:neural_network:Epoch 154, Batch 210: loss=0.267989
INFO:neural_network:Epoch 154, Batch 220: loss=0.206896
INFO:neural_network:Epoch 154, Batch 230: loss=0.248121
INFO:neural_network:Epoch 154, Batch 240: loss=0.291657
INFO:neural_network:Epoch 154, Batch 250: loss=0.326852
INFO:neural_network:Epoch 154, Batch 260: loss=0.228912
INFO:neural_network:Epoch 154, Batch 270: loss=0.275089
INFO:neural_network:Epoch 154, Batch 280: loss=0.267903
INFO:neural_network:Epoch 154, Batch 290: loss=0.257014
INFO:neural_network:Epoch  154/200: train_loss=0.246085 (batch_avg=0.246556), lr=0.001
INFO:neural_network:Accuracy: 0.9300 (93/100 correct)
INFO:neural_network:  -> Validation accuracy: 0.9300
INFO:neural_network:Epoch 155, Batch 0: loss=0.210835
INFO:neural_network:Epoch 155, Batch 10: loss=0.357922
INFO:neural_network:Epoch 155, Batch 20: loss=0.246634
INFO:neural_network:Epoch 155, Batch 30: loss=0.271271
INFO:neural_network:Epoch 155, Batch 40: loss=0.241228
INFO:neural_network:Epoch 155, Batch 50: loss=0.335155
INFO:neural_network:Epoch 155, Batch 60: loss=0.265452
INFO:neural_network:Epoch 155, Batch 70: loss=0.234327
INFO:neural_network:Epoch 155, Batch 80: loss=0.300400
INFO:neural_network:Epoch 155, Batch 90: loss=0.356381
INFO:neural_network:Epoch 155, Batch 100: loss=0.225291
INFO:neural_network:Epoch 155, Batch 110: loss=0.308064
INFO:neural_network:Epoch 155, Batch 120: loss=0.167128
INFO:neural_network:Epoch 155, Batch 130: loss=0.184201
INFO:neural_network:Epoch 155, Batch 140: loss=0.326523
INFO:neural_network:Epoch 155, Batch 150: loss=0.291343
INFO:neural_network:Epoch 155, Batch 160: loss=0.164911
INFO:neural_network:Epoch 155, Batch 170: loss=0.296483
INFO:neural_network:Epoch 155, Batch 180: loss=0.229638
INFO:neural_network:Epoch 155, Batch 190: loss=0.288177
INFO:neural_network:Epoch 155, Batch 200: loss=0.274828
INFO:neural_network:Epoch 155, Batch 210: loss=0.311793
INFO:neural_network:Epoch 155, Batch 220: loss=0.220571
INFO:neural_network:Epoch 155, Batch 230: loss=0.230813
INFO:neural_network:Epoch 155, Batch 240: loss=0.199236
INFO:neural_network:Epoch 155, Batch 250: loss=0.224708
INFO:neural_network:Epoch 155, Batch 260: loss=0.254647
INFO:neural_network:Epoch 155, Batch 270: loss=0.275684
INFO:neural_network:Epoch 155, Batch 280: loss=0.210626
INFO:neural_network:Epoch 155, Batch 290: loss=0.222062
INFO:neural_network:Epoch  155/200: train_loss=0.245433 (batch_avg=0.245967), lr=0.001
INFO:neural_network:Accuracy: 0.9800 (98/100 correct)
INFO:neural_network:  -> Validation accuracy: 0.9800
INFO:neural_network:Epoch 156, Batch 0: loss=0.232561
INFO:neural_network:Epoch 156, Batch 10: loss=0.328339
INFO:neural_network:Epoch 156, Batch 20: loss=0.228129
INFO:neural_network:Epoch 156, Batch 30: loss=0.268553
INFO:neural_network:Epoch 156, Batch 40: loss=0.209330
INFO:neural_network:Epoch 156, Batch 50: loss=0.258075
INFO:neural_network:Epoch 156, Batch 60: loss=0.221001
INFO:neural_network:Epoch 156, Batch 70: loss=0.287622
INFO:neural_network:Epoch 156, Batch 80: loss=0.224709
INFO:neural_network:Epoch 156, Batch 90: loss=0.287280
INFO:neural_network:Epoch 156, Batch 100: loss=0.308941
INFO:neural_network:Epoch 156, Batch 110: loss=0.250644
INFO:neural_network:Epoch 156, Batch 120: loss=0.221534
INFO:neural_network:Epoch 156, Batch 130: loss=0.248900
INFO:neural_network:Epoch 156, Batch 140: loss=0.176271
INFO:neural_network:Epoch 156, Batch 150: loss=0.279955
INFO:neural_network:Epoch 156, Batch 160: loss=0.327005
INFO:neural_network:Epoch 156, Batch 170: loss=0.294302
INFO:neural_network:Epoch 156, Batch 180: loss=0.196130
INFO:neural_network:Epoch 156, Batch 190: loss=0.275373
INFO:neural_network:Epoch 156, Batch 200: loss=0.285271
INFO:neural_network:Epoch 156, Batch 210: loss=0.275795
INFO:neural_network:Epoch 156, Batch 220: loss=0.232308
INFO:neural_network:Epoch 156, Batch 230: loss=0.267119
INFO:neural_network:Epoch 156, Batch 240: loss=0.227289
INFO:neural_network:Epoch 156, Batch 250: loss=0.175388
INFO:neural_network:Epoch 156, Batch 260: loss=0.206677
INFO:neural_network:Epoch 156, Batch 270: loss=0.296184
INFO:neural_network:Epoch 156, Batch 280: loss=0.196582
INFO:neural_network:Epoch 156, Batch 290: loss=0.263175
INFO:neural_network:Epoch  156/200: train_loss=0.244828 (batch_avg=0.245355), lr=0.001
INFO:neural_network:Accuracy: 0.9700 (97/100 correct)
INFO:neural_network:  -> Validation accuracy: 0.9700
INFO:neural_network:Epoch 157, Batch 0: loss=0.235824
INFO:neural_network:Epoch 157, Batch 10: loss=0.272810
INFO:neural_network:Epoch 157, Batch 20: loss=0.319925
INFO:neural_network:Epoch 157, Batch 30: loss=0.219465
INFO:neural_network:Epoch 157, Batch 40: loss=0.209139
INFO:neural_network:Epoch 157, Batch 50: loss=0.313721
INFO:neural_network:Epoch 157, Batch 60: loss=0.254419
INFO:neural_network:Epoch 157, Batch 70: loss=0.281760
INFO:neural_network:Epoch 157, Batch 80: loss=0.280272
INFO:neural_network:Epoch 157, Batch 90: loss=0.298283
INFO:neural_network:Epoch 157, Batch 100: loss=0.235220
INFO:neural_network:Epoch 157, Batch 110: loss=0.201574
INFO:neural_network:Epoch 157, Batch 120: loss=0.277146
INFO:neural_network:Epoch 157, Batch 130: loss=0.202663
INFO:neural_network:Epoch 157, Batch 140: loss=0.185114
INFO:neural_network:Epoch 157, Batch 150: loss=0.238869
INFO:neural_network:Epoch 157, Batch 160: loss=0.155041
INFO:neural_network:Epoch 157, Batch 170: loss=0.228045
INFO:neural_network:Epoch 157, Batch 180: loss=0.176161
INFO:neural_network:Epoch 157, Batch 190: loss=0.298107
INFO:neural_network:Epoch 157, Batch 200: loss=0.234665
INFO:neural_network:Epoch 157, Batch 210: loss=0.226184
INFO:neural_network:Epoch 157, Batch 220: loss=0.215186
INFO:neural_network:Epoch 157, Batch 230: loss=0.204359
INFO:neural_network:Epoch 157, Batch 240: loss=0.262136
INFO:neural_network:Epoch 157, Batch 250: loss=0.203335
INFO:neural_network:Epoch 157, Batch 260: loss=0.166605
INFO:neural_network:Epoch 157, Batch 270: loss=0.339970
INFO:neural_network:Epoch 157, Batch 280: loss=0.246655
INFO:neural_network:Epoch 157, Batch 290: loss=0.246592
INFO:neural_network:Epoch  157/200: train_loss=0.244289 (batch_avg=0.244706), lr=0.001
INFO:neural_network:Accuracy: 0.9500 (95/100 correct)
INFO:neural_network:  -> Validation accuracy: 0.9500
INFO:neural_network:Epoch 158, Batch 0: loss=0.173704
INFO:neural_network:Epoch 158, Batch 10: loss=0.168222
INFO:neural_network:Epoch 158, Batch 20: loss=0.216712
INFO:neural_network:Epoch 158, Batch 30: loss=0.279578
INFO:neural_network:Epoch 158, Batch 40: loss=0.234237
INFO:neural_network:Epoch 158, Batch 50: loss=0.195832
INFO:neural_network:Epoch 158, Batch 60: loss=0.355402
INFO:neural_network:Epoch 158, Batch 70: loss=0.196292
INFO:neural_network:Epoch 158, Batch 80: loss=0.267961
INFO:neural_network:Epoch 158, Batch 90: loss=0.304927
INFO:neural_network:Epoch 158, Batch 100: loss=0.179403
INFO:neural_network:Epoch 158, Batch 110: loss=0.267741
INFO:neural_network:Epoch 158, Batch 120: loss=0.299347
INFO:neural_network:Epoch 158, Batch 130: loss=0.245995
INFO:neural_network:Epoch 158, Batch 140: loss=0.260269
INFO:neural_network:Epoch 158, Batch 150: loss=0.370462
INFO:neural_network:Epoch 158, Batch 160: loss=0.215015
INFO:neural_network:Epoch 158, Batch 170: loss=0.316445
INFO:neural_network:Epoch 158, Batch 180: loss=0.161297
INFO:neural_network:Epoch 158, Batch 190: loss=0.272274
INFO:neural_network:Epoch 158, Batch 200: loss=0.227655
INFO:neural_network:Epoch 158, Batch 210: loss=0.330336
INFO:neural_network:Epoch 158, Batch 220: loss=0.285856
INFO:neural_network:Epoch 158, Batch 230: loss=0.229053
INFO:neural_network:Epoch 158, Batch 240: loss=0.293056
INFO:neural_network:Epoch 158, Batch 250: loss=0.240654
INFO:neural_network:Epoch 158, Batch 260: loss=0.213696
INFO:neural_network:Epoch 158, Batch 270: loss=0.282170
INFO:neural_network:Epoch 158, Batch 280: loss=0.207774
INFO:neural_network:Epoch 158, Batch 290: loss=0.276640
INFO:neural_network:Epoch  158/200: train_loss=0.243635 (batch_avg=0.244117), lr=0.001
INFO:neural_network:Accuracy: 0.9400 (94/100 correct)
INFO:neural_network:  -> Validation accuracy: 0.9400
INFO:neural_network:Epoch 159, Batch 0: loss=0.291613
INFO:neural_network:Epoch 159, Batch 10: loss=0.299976
INFO:neural_network:Epoch 159, Batch 20: loss=0.199805
INFO:neural_network:Epoch 159, Batch 30: loss=0.267176
INFO:neural_network:Epoch 159, Batch 40: loss=0.241530
INFO:neural_network:Epoch 159, Batch 50: loss=0.168248
INFO:neural_network:Epoch 159, Batch 60: loss=0.241313
INFO:neural_network:Epoch 159, Batch 70: loss=0.239647
INFO:neural_network:Epoch 159, Batch 80: loss=0.339891
INFO:neural_network:Epoch 159, Batch 90: loss=0.163239
INFO:neural_network:Epoch 159, Batch 100: loss=0.255074
INFO:neural_network:Epoch 159, Batch 110: loss=0.174984
INFO:neural_network:Epoch 159, Batch 120: loss=0.295936
INFO:neural_network:Epoch 159, Batch 130: loss=0.238763
INFO:neural_network:Epoch 159, Batch 140: loss=0.221350
INFO:neural_network:Epoch 159, Batch 150: loss=0.251173
INFO:neural_network:Epoch 159, Batch 160: loss=0.225139
INFO:neural_network:Epoch 159, Batch 170: loss=0.232645
INFO:neural_network:Epoch 159, Batch 180: loss=0.299801
INFO:neural_network:Epoch 159, Batch 190: loss=0.193936
INFO:neural_network:Epoch 159, Batch 200: loss=0.261825
INFO:neural_network:Epoch 159, Batch 210: loss=0.180626
INFO:neural_network:Epoch 159, Batch 220: loss=0.306485
INFO:neural_network:Epoch 159, Batch 230: loss=0.198667
INFO:neural_network:Epoch 159, Batch 240: loss=0.206478
INFO:neural_network:Epoch 159, Batch 250: loss=0.282394
INFO:neural_network:Epoch 159, Batch 260: loss=0.198555
INFO:neural_network:Epoch 159, Batch 270: loss=0.241378
INFO:neural_network:Epoch 159, Batch 280: loss=0.324295
INFO:neural_network:Epoch 159, Batch 290: loss=0.216763
INFO:neural_network:Epoch  159/200: train_loss=0.243031 (batch_avg=0.243532), lr=0.001
INFO:neural_network:Accuracy: 0.9500 (95/100 correct)
INFO:neural_network:  -> Validation accuracy: 0.9500
INFO:neural_network:Epoch 160, Batch 0: loss=0.204466
INFO:neural_network:Epoch 160, Batch 10: loss=0.185266
INFO:neural_network:Epoch 160, Batch 20: loss=0.222559
INFO:neural_network:Epoch 160, Batch 30: loss=0.296466
INFO:neural_network:Epoch 160, Batch 40: loss=0.209259
INFO:neural_network:Epoch 160, Batch 50: loss=0.198638
INFO:neural_network:Epoch 160, Batch 60: loss=0.272603
INFO:neural_network:Epoch 160, Batch 70: loss=0.212201
INFO:neural_network:Epoch 160, Batch 80: loss=0.286177
INFO:neural_network:Epoch 160, Batch 90: loss=0.187887
INFO:neural_network:Epoch 160, Batch 100: loss=0.224873
INFO:neural_network:Epoch 160, Batch 110: loss=0.191690
INFO:neural_network:Epoch 160, Batch 120: loss=0.274969
INFO:neural_network:Epoch 160, Batch 130: loss=0.254510
INFO:neural_network:Epoch 160, Batch 140: loss=0.175667
INFO:neural_network:Epoch 160, Batch 150: loss=0.320288
INFO:neural_network:Epoch 160, Batch 160: loss=0.307679
INFO:neural_network:Epoch 160, Batch 170: loss=0.300902
INFO:neural_network:Epoch 160, Batch 180: loss=0.247295
INFO:neural_network:Epoch 160, Batch 190: loss=0.284110
INFO:neural_network:Epoch 160, Batch 200: loss=0.218054
INFO:neural_network:Epoch 160, Batch 210: loss=0.369436
INFO:neural_network:Epoch 160, Batch 220: loss=0.236763
INFO:neural_network:Epoch 160, Batch 230: loss=0.159751
INFO:neural_network:Epoch 160, Batch 240: loss=0.276355
INFO:neural_network:Epoch 160, Batch 250: loss=0.202205
INFO:neural_network:Epoch 160, Batch 260: loss=0.273319
INFO:neural_network:Epoch 160, Batch 270: loss=0.172121
INFO:neural_network:Epoch 160, Batch 280: loss=0.354692
INFO:neural_network:Epoch 160, Batch 290: loss=0.220116
INFO:neural_network:Epoch  160/200: train_loss=0.242445 (batch_avg=0.242929), lr=0.001
INFO:neural_network:Accuracy: 0.9400 (94/100 correct)
INFO:neural_network:  -> Validation accuracy: 0.9400
INFO:neural_network:Epoch 161, Batch 0: loss=0.183287
INFO:neural_network:Epoch 161, Batch 10: loss=0.296205
INFO:neural_network:Epoch 161, Batch 20: loss=0.189815
INFO:neural_network:Epoch 161, Batch 30: loss=0.324691
INFO:neural_network:Epoch 161, Batch 40: loss=0.244644
INFO:neural_network:Epoch 161, Batch 50: loss=0.206196
INFO:neural_network:Epoch 161, Batch 60: loss=0.275768
INFO:neural_network:Epoch 161, Batch 70: loss=0.266401
INFO:neural_network:Epoch 161, Batch 80: loss=0.294421
INFO:neural_network:Epoch 161, Batch 90: loss=0.233616
INFO:neural_network:Epoch 161, Batch 100: loss=0.221910
INFO:neural_network:Epoch 161, Batch 110: loss=0.296501
INFO:neural_network:Epoch 161, Batch 120: loss=0.253782
INFO:neural_network:Epoch 161, Batch 130: loss=0.247686
INFO:neural_network:Epoch 161, Batch 140: loss=0.370114
INFO:neural_network:Epoch 161, Batch 150: loss=0.190042
INFO:neural_network:Epoch 161, Batch 160: loss=0.327333
INFO:neural_network:Epoch 161, Batch 170: loss=0.319715
INFO:neural_network:Epoch 161, Batch 180: loss=0.150646
INFO:neural_network:Epoch 161, Batch 190: loss=0.226720
INFO:neural_network:Epoch 161, Batch 200: loss=0.173175
INFO:neural_network:Epoch 161, Batch 210: loss=0.189319
INFO:neural_network:Epoch 161, Batch 220: loss=0.296853
INFO:neural_network:Epoch 161, Batch 230: loss=0.189751
INFO:neural_network:Epoch 161, Batch 240: loss=0.186531
INFO:neural_network:Epoch 161, Batch 250: loss=0.237679
INFO:neural_network:Epoch 161, Batch 260: loss=0.234758
INFO:neural_network:Epoch 161, Batch 270: loss=0.227656
INFO:neural_network:Epoch 161, Batch 280: loss=0.311893
INFO:neural_network:Epoch 161, Batch 290: loss=0.276134
INFO:neural_network:Epoch  161/200: train_loss=0.241824 (batch_avg=0.242359), lr=0.001
INFO:neural_network:Accuracy: 0.9100 (91/100 correct)
INFO:neural_network:  -> Validation accuracy: 0.9100
INFO:neural_network:Epoch 162, Batch 0: loss=0.281011
INFO:neural_network:Epoch 162, Batch 10: loss=0.223189
INFO:neural_network:Epoch 162, Batch 20: loss=0.221854
INFO:neural_network:Epoch 162, Batch 30: loss=0.251382
INFO:neural_network:Epoch 162, Batch 40: loss=0.251682
INFO:neural_network:Epoch 162, Batch 50: loss=0.280869
INFO:neural_network:Epoch 162, Batch 60: loss=0.318443
INFO:neural_network:Epoch 162, Batch 70: loss=0.199721
INFO:neural_network:Epoch 162, Batch 80: loss=0.222140
INFO:neural_network:Epoch 162, Batch 90: loss=0.265464
INFO:neural_network:Epoch 162, Batch 100: loss=0.211467
INFO:neural_network:Epoch 162, Batch 110: loss=0.309524
INFO:neural_network:Epoch 162, Batch 120: loss=0.210468
INFO:neural_network:Epoch 162, Batch 130: loss=0.264408
INFO:neural_network:Epoch 162, Batch 140: loss=0.260173
INFO:neural_network:Epoch 162, Batch 150: loss=0.200334
INFO:neural_network:Epoch 162, Batch 160: loss=0.235764
INFO:neural_network:Epoch 162, Batch 170: loss=0.241927
INFO:neural_network:Epoch 162, Batch 180: loss=0.358674
INFO:neural_network:Epoch 162, Batch 190: loss=0.246565
INFO:neural_network:Epoch 162, Batch 200: loss=0.247826
INFO:neural_network:Epoch 162, Batch 210: loss=0.292987
INFO:neural_network:Epoch 162, Batch 220: loss=0.231492
INFO:neural_network:Epoch 162, Batch 230: loss=0.359197
INFO:neural_network:Epoch 162, Batch 240: loss=0.258098
INFO:neural_network:Epoch 162, Batch 250: loss=0.202435
INFO:neural_network:Epoch 162, Batch 260: loss=0.165023
INFO:neural_network:Epoch 162, Batch 270: loss=0.348060
INFO:neural_network:Epoch 162, Batch 280: loss=0.230681
INFO:neural_network:Epoch 162, Batch 290: loss=0.223321
INFO:neural_network:Epoch  162/200: train_loss=0.241283 (batch_avg=0.241735), lr=0.001
INFO:neural_network:Accuracy: 0.9800 (98/100 correct)
INFO:neural_network:  -> Validation accuracy: 0.9800
INFO:neural_network:Epoch 163, Batch 0: loss=0.225964
INFO:neural_network:Epoch 163, Batch 10: loss=0.234458
INFO:neural_network:Epoch 163, Batch 20: loss=0.298990
INFO:neural_network:Epoch 163, Batch 30: loss=0.225572
INFO:neural_network:Epoch 163, Batch 40: loss=0.312332
INFO:neural_network:Epoch 163, Batch 50: loss=0.272375
INFO:neural_network:Epoch 163, Batch 60: loss=0.216676
INFO:neural_network:Epoch 163, Batch 70: loss=0.312492
INFO:neural_network:Epoch 163, Batch 80: loss=0.309580
INFO:neural_network:Epoch 163, Batch 90: loss=0.258258
INFO:neural_network:Epoch 163, Batch 100: loss=0.271929
INFO:neural_network:Epoch 163, Batch 110: loss=0.222559
INFO:neural_network:Epoch 163, Batch 120: loss=0.222107
INFO:neural_network:Epoch 163, Batch 130: loss=0.228757
INFO:neural_network:Epoch 163, Batch 140: loss=0.279383
INFO:neural_network:Epoch 163, Batch 150: loss=0.124284
INFO:neural_network:Epoch 163, Batch 160: loss=0.277373
INFO:neural_network:Epoch 163, Batch 170: loss=0.180738
INFO:neural_network:Epoch 163, Batch 180: loss=0.224479
INFO:neural_network:Epoch 163, Batch 190: loss=0.259431
INFO:neural_network:Epoch 163, Batch 200: loss=0.268987
INFO:neural_network:Epoch 163, Batch 210: loss=0.251863
INFO:neural_network:Epoch 163, Batch 220: loss=0.313104
INFO:neural_network:Epoch 163, Batch 230: loss=0.189800
INFO:neural_network:Epoch 163, Batch 240: loss=0.305724
INFO:neural_network:Epoch 163, Batch 250: loss=0.284636
INFO:neural_network:Epoch 163, Batch 260: loss=0.173487
INFO:neural_network:Epoch 163, Batch 270: loss=0.289191
INFO:neural_network:Epoch 163, Batch 280: loss=0.188815
INFO:neural_network:Epoch 163, Batch 290: loss=0.297267
INFO:neural_network:Epoch  163/200: train_loss=0.240663 (batch_avg=0.241193), lr=0.001
INFO:neural_network:Accuracy: 0.9500 (95/100 correct)
INFO:neural_network:  -> Validation accuracy: 0.9500
INFO:neural_network:Epoch 164, Batch 0: loss=0.238810
INFO:neural_network:Epoch 164, Batch 10: loss=0.313440
INFO:neural_network:Epoch 164, Batch 20: loss=0.248846
INFO:neural_network:Epoch 164, Batch 30: loss=0.229804
INFO:neural_network:Epoch 164, Batch 40: loss=0.227936
INFO:neural_network:Epoch 164, Batch 50: loss=0.284336
INFO:neural_network:Epoch 164, Batch 60: loss=0.235399
INFO:neural_network:Epoch 164, Batch 70: loss=0.228296
INFO:neural_network:Epoch 164, Batch 80: loss=0.244328
INFO:neural_network:Epoch 164, Batch 90: loss=0.278114
INFO:neural_network:Epoch 164, Batch 100: loss=0.277612
INFO:neural_network:Epoch 164, Batch 110: loss=0.177209
INFO:neural_network:Epoch 164, Batch 120: loss=0.317032
INFO:neural_network:Epoch 164, Batch 130: loss=0.198210
INFO:neural_network:Epoch 164, Batch 140: loss=0.275717
INFO:neural_network:Epoch 164, Batch 150: loss=0.269046
INFO:neural_network:Epoch 164, Batch 160: loss=0.257352
INFO:neural_network:Epoch 164, Batch 170: loss=0.315605
INFO:neural_network:Epoch 164, Batch 180: loss=0.253536
INFO:neural_network:Epoch 164, Batch 190: loss=0.283984
INFO:neural_network:Epoch 164, Batch 200: loss=0.272478
INFO:neural_network:Epoch 164, Batch 210: loss=0.203133
INFO:neural_network:Epoch 164, Batch 220: loss=0.173173
INFO:neural_network:Epoch 164, Batch 230: loss=0.242534
INFO:neural_network:Epoch 164, Batch 240: loss=0.242541
INFO:neural_network:Epoch 164, Batch 250: loss=0.205521
INFO:neural_network:Epoch 164, Batch 260: loss=0.270540
INFO:neural_network:Epoch 164, Batch 270: loss=0.310344
INFO:neural_network:Epoch 164, Batch 280: loss=0.226196
INFO:neural_network:Epoch 164, Batch 290: loss=0.212739
INFO:neural_network:Epoch  164/200: train_loss=0.240079 (batch_avg=0.240602), lr=0.001
INFO:neural_network:Accuracy: 0.9400 (94/100 correct)
INFO:neural_network:  -> Validation accuracy: 0.9400
INFO:neural_network:Epoch 165, Batch 0: loss=0.252492
INFO:neural_network:Epoch 165, Batch 10: loss=0.211062
INFO:neural_network:Epoch 165, Batch 20: loss=0.204735
INFO:neural_network:Epoch 165, Batch 30: loss=0.273575
INFO:neural_network:Epoch 165, Batch 40: loss=0.197815
INFO:neural_network:Epoch 165, Batch 50: loss=0.248325
INFO:neural_network:Epoch 165, Batch 60: loss=0.287502
INFO:neural_network:Epoch 165, Batch 70: loss=0.171414
INFO:neural_network:Epoch 165, Batch 80: loss=0.270589
INFO:neural_network:Epoch 165, Batch 90: loss=0.242327
INFO:neural_network:Epoch 165, Batch 100: loss=0.239844
INFO:neural_network:Epoch 165, Batch 110: loss=0.208968
INFO:neural_network:Epoch 165, Batch 120: loss=0.295855
INFO:neural_network:Epoch 165, Batch 130: loss=0.156042
INFO:neural_network:Epoch 165, Batch 140: loss=0.221449
INFO:neural_network:Epoch 165, Batch 150: loss=0.278465
INFO:neural_network:Epoch 165, Batch 160: loss=0.210968
INFO:neural_network:Epoch 165, Batch 170: loss=0.272420
INFO:neural_network:Epoch 165, Batch 180: loss=0.253533
INFO:neural_network:Epoch 165, Batch 190: loss=0.221234
INFO:neural_network:Epoch 165, Batch 200: loss=0.212123
INFO:neural_network:Epoch 165, Batch 210: loss=0.312395
INFO:neural_network:Epoch 165, Batch 220: loss=0.237570
INFO:neural_network:Epoch 165, Batch 230: loss=0.202976
INFO:neural_network:Epoch 165, Batch 240: loss=0.281387
INFO:neural_network:Epoch 165, Batch 250: loss=0.459529
INFO:neural_network:Epoch 165, Batch 260: loss=0.301968
INFO:neural_network:Epoch 165, Batch 270: loss=0.215384
INFO:neural_network:Epoch 165, Batch 280: loss=0.279184
INFO:neural_network:Epoch 165, Batch 290: loss=0.281063
INFO:neural_network:Epoch  165/200: train_loss=0.239512 (batch_avg=0.240011), lr=0.001
INFO:neural_network:Accuracy: 0.9400 (94/100 correct)
INFO:neural_network:  -> Validation accuracy: 0.9400
INFO:neural_network:Epoch 166, Batch 0: loss=0.264183
INFO:neural_network:Epoch 166, Batch 10: loss=0.323596
INFO:neural_network:Epoch 166, Batch 20: loss=0.194175
INFO:neural_network:Epoch 166, Batch 30: loss=0.250406
INFO:neural_network:Epoch 166, Batch 40: loss=0.270128
INFO:neural_network:Epoch 166, Batch 50: loss=0.262174
INFO:neural_network:Epoch 166, Batch 60: loss=0.252826
INFO:neural_network:Epoch 166, Batch 70: loss=0.266760
INFO:neural_network:Epoch 166, Batch 80: loss=0.269959
INFO:neural_network:Epoch 166, Batch 90: loss=0.261789
INFO:neural_network:Epoch 166, Batch 100: loss=0.206444
INFO:neural_network:Epoch 166, Batch 110: loss=0.214340
INFO:neural_network:Epoch 166, Batch 120: loss=0.178841
INFO:neural_network:Epoch 166, Batch 130: loss=0.211191
INFO:neural_network:Epoch 166, Batch 140: loss=0.216095
INFO:neural_network:Epoch 166, Batch 150: loss=0.220883
INFO:neural_network:Epoch 166, Batch 160: loss=0.212575
INFO:neural_network:Epoch 166, Batch 170: loss=0.306462
INFO:neural_network:Epoch 166, Batch 180: loss=0.297915
INFO:neural_network:Epoch 166, Batch 190: loss=0.271291
INFO:neural_network:Epoch 166, Batch 200: loss=0.289119
INFO:neural_network:Epoch 166, Batch 210: loss=0.191743
INFO:neural_network:Epoch 166, Batch 220: loss=0.193244
INFO:neural_network:Epoch 166, Batch 230: loss=0.254144
INFO:neural_network:Epoch 166, Batch 240: loss=0.217991
INFO:neural_network:Epoch 166, Batch 250: loss=0.249916
INFO:neural_network:Epoch 166, Batch 260: loss=0.224353
INFO:neural_network:Epoch 166, Batch 270: loss=0.188617
INFO:neural_network:Epoch 166, Batch 280: loss=0.281286
INFO:neural_network:Epoch 166, Batch 290: loss=0.212023
INFO:neural_network:Epoch  166/200: train_loss=0.238967 (batch_avg=0.239456), lr=0.001
INFO:neural_network:Accuracy: 0.9500 (95/100 correct)
INFO:neural_network:  -> Validation accuracy: 0.9500
INFO:neural_network:Epoch 167, Batch 0: loss=0.305469
INFO:neural_network:Epoch 167, Batch 10: loss=0.205308
INFO:neural_network:Epoch 167, Batch 20: loss=0.223550
INFO:neural_network:Epoch 167, Batch 30: loss=0.284278
INFO:neural_network:Epoch 167, Batch 40: loss=0.267038
INFO:neural_network:Epoch 167, Batch 50: loss=0.243926
INFO:neural_network:Epoch 167, Batch 60: loss=0.170572
INFO:neural_network:Epoch 167, Batch 70: loss=0.240839
INFO:neural_network:Epoch 167, Batch 80: loss=0.214679
INFO:neural_network:Epoch 167, Batch 90: loss=0.226964
INFO:neural_network:Epoch 167, Batch 100: loss=0.291282
INFO:neural_network:Epoch 167, Batch 110: loss=0.287497
INFO:neural_network:Epoch 167, Batch 120: loss=0.250843
INFO:neural_network:Epoch 167, Batch 130: loss=0.201139
INFO:neural_network:Epoch 167, Batch 140: loss=0.257047
INFO:neural_network:Epoch 167, Batch 150: loss=0.233220
INFO:neural_network:Epoch 167, Batch 160: loss=0.146884
INFO:neural_network:Epoch 167, Batch 170: loss=0.275873
INFO:neural_network:Epoch 167, Batch 180: loss=0.184308
INFO:neural_network:Epoch 167, Batch 190: loss=0.206406
INFO:neural_network:Epoch 167, Batch 200: loss=0.296915
INFO:neural_network:Epoch 167, Batch 210: loss=0.216267
INFO:neural_network:Epoch 167, Batch 220: loss=0.232241
INFO:neural_network:Epoch 167, Batch 230: loss=0.249187
INFO:neural_network:Epoch 167, Batch 240: loss=0.277427
INFO:neural_network:Epoch 167, Batch 250: loss=0.216988
INFO:neural_network:Epoch 167, Batch 260: loss=0.174309
INFO:neural_network:Epoch 167, Batch 270: loss=0.251698
INFO:neural_network:Epoch 167, Batch 280: loss=0.210459
INFO:neural_network:Epoch 167, Batch 290: loss=0.187026
INFO:neural_network:Epoch  167/200: train_loss=0.238379 (batch_avg=0.238861), lr=0.001
INFO:neural_network:Accuracy: 0.9300 (93/100 correct)
INFO:neural_network:  -> Validation accuracy: 0.9300
INFO:neural_network:Epoch 168, Batch 0: loss=0.210638
INFO:neural_network:Epoch 168, Batch 10: loss=0.207351
INFO:neural_network:Epoch 168, Batch 20: loss=0.287425
INFO:neural_network:Epoch 168, Batch 30: loss=0.184967
INFO:neural_network:Epoch 168, Batch 40: loss=0.262334
INFO:neural_network:Epoch 168, Batch 50: loss=0.170465
INFO:neural_network:Epoch 168, Batch 60: loss=0.203428
INFO:neural_network:Epoch 168, Batch 70: loss=0.276029
INFO:neural_network:Epoch 168, Batch 80: loss=0.281981
INFO:neural_network:Epoch 168, Batch 90: loss=0.209679
INFO:neural_network:Epoch 168, Batch 100: loss=0.216413
INFO:neural_network:Epoch 168, Batch 110: loss=0.218979
INFO:neural_network:Epoch 168, Batch 120: loss=0.233448
INFO:neural_network:Epoch 168, Batch 130: loss=0.214369
INFO:neural_network:Epoch 168, Batch 140: loss=0.261516
INFO:neural_network:Epoch 168, Batch 150: loss=0.320889
INFO:neural_network:Epoch 168, Batch 160: loss=0.177514
INFO:neural_network:Epoch 168, Batch 170: loss=0.293527
INFO:neural_network:Epoch 168, Batch 180: loss=0.196851
INFO:neural_network:Epoch 168, Batch 190: loss=0.187849
INFO:neural_network:Epoch 168, Batch 200: loss=0.178666
INFO:neural_network:Epoch 168, Batch 210: loss=0.227501
INFO:neural_network:Epoch 168, Batch 220: loss=0.228553
INFO:neural_network:Epoch 168, Batch 230: loss=0.337570
INFO:neural_network:Epoch 168, Batch 240: loss=0.231499
INFO:neural_network:Epoch 168, Batch 250: loss=0.193270
INFO:neural_network:Epoch 168, Batch 260: loss=0.300982
INFO:neural_network:Epoch 168, Batch 270: loss=0.239396
INFO:neural_network:Epoch 168, Batch 280: loss=0.240291
INFO:neural_network:Epoch 168, Batch 290: loss=0.186149
INFO:neural_network:Epoch  168/200: train_loss=0.237840 (batch_avg=0.238294), lr=0.001
INFO:neural_network:Accuracy: 0.9600 (96/100 correct)
INFO:neural_network:  -> Validation accuracy: 0.9600
INFO:neural_network:Epoch 169, Batch 0: loss=0.214955
INFO:neural_network:Epoch 169, Batch 10: loss=0.186484
INFO:neural_network:Epoch 169, Batch 20: loss=0.211759
INFO:neural_network:Epoch 169, Batch 30: loss=0.296361
INFO:neural_network:Epoch 169, Batch 40: loss=0.161183
INFO:neural_network:Epoch 169, Batch 50: loss=0.231287
INFO:neural_network:Epoch 169, Batch 60: loss=0.288281
INFO:neural_network:Epoch 169, Batch 70: loss=0.283893
INFO:neural_network:Epoch 169, Batch 80: loss=0.253384
INFO:neural_network:Epoch 169, Batch 90: loss=0.274938
INFO:neural_network:Epoch 169, Batch 100: loss=0.176746
INFO:neural_network:Epoch 169, Batch 110: loss=0.276248
INFO:neural_network:Epoch 169, Batch 120: loss=0.201401
INFO:neural_network:Epoch 169, Batch 130: loss=0.272392
INFO:neural_network:Epoch 169, Batch 140: loss=0.247161
INFO:neural_network:Epoch 169, Batch 150: loss=0.258533
INFO:neural_network:Epoch 169, Batch 160: loss=0.195088
INFO:neural_network:Epoch 169, Batch 170: loss=0.201810
INFO:neural_network:Epoch 169, Batch 180: loss=0.211037
INFO:neural_network:Epoch 169, Batch 190: loss=0.250970
INFO:neural_network:Epoch 169, Batch 200: loss=0.202396
INFO:neural_network:Epoch 169, Batch 210: loss=0.279985
INFO:neural_network:Epoch 169, Batch 220: loss=0.208909
INFO:neural_network:Epoch 169, Batch 230: loss=0.232132
INFO:neural_network:Epoch 169, Batch 240: loss=0.268976
INFO:neural_network:Epoch 169, Batch 250: loss=0.234428
INFO:neural_network:Epoch 169, Batch 260: loss=0.196888
INFO:neural_network:Epoch 169, Batch 270: loss=0.290185
INFO:neural_network:Epoch 169, Batch 280: loss=0.241879
INFO:neural_network:Epoch 169, Batch 290: loss=0.329461
INFO:neural_network:Epoch  169/200: train_loss=0.237298 (batch_avg=0.237745), lr=0.001
INFO:neural_network:Accuracy: 0.9000 (90/100 correct)
INFO:neural_network:  -> Validation accuracy: 0.9000
INFO:neural_network:Epoch 170, Batch 0: loss=0.308064
INFO:neural_network:Epoch 170, Batch 10: loss=0.302239
INFO:neural_network:Epoch 170, Batch 20: loss=0.222231
INFO:neural_network:Epoch 170, Batch 30: loss=0.189948
INFO:neural_network:Epoch 170, Batch 40: loss=0.213005
INFO:neural_network:Epoch 170, Batch 50: loss=0.206924
INFO:neural_network:Epoch 170, Batch 60: loss=0.231050
INFO:neural_network:Epoch 170, Batch 70: loss=0.277917
INFO:neural_network:Epoch 170, Batch 80: loss=0.248299
INFO:neural_network:Epoch 170, Batch 90: loss=0.192508
INFO:neural_network:Epoch 170, Batch 100: loss=0.273847
INFO:neural_network:Epoch 170, Batch 110: loss=0.183261
INFO:neural_network:Epoch 170, Batch 120: loss=0.181575
INFO:neural_network:Epoch 170, Batch 130: loss=0.279023
INFO:neural_network:Epoch 170, Batch 140: loss=0.192876
INFO:neural_network:Epoch 170, Batch 150: loss=0.257827
INFO:neural_network:Epoch 170, Batch 160: loss=0.281949
INFO:neural_network:Epoch 170, Batch 170: loss=0.232402
INFO:neural_network:Epoch 170, Batch 180: loss=0.252846
INFO:neural_network:Epoch 170, Batch 190: loss=0.211741
INFO:neural_network:Epoch 170, Batch 200: loss=0.266065
INFO:neural_network:Epoch 170, Batch 210: loss=0.176459
INFO:neural_network:Epoch 170, Batch 220: loss=0.312981
INFO:neural_network:Epoch 170, Batch 230: loss=0.289500
INFO:neural_network:Epoch 170, Batch 240: loss=0.266146
INFO:neural_network:Epoch 170, Batch 250: loss=0.253350
INFO:neural_network:Epoch 170, Batch 260: loss=0.242873
INFO:neural_network:Epoch 170, Batch 270: loss=0.269138
INFO:neural_network:Epoch 170, Batch 280: loss=0.191151
INFO:neural_network:Epoch 170, Batch 290: loss=0.246879
INFO:neural_network:Epoch  170/200: train_loss=0.236706 (batch_avg=0.237202), lr=0.001
INFO:neural_network:Accuracy: 0.9800 (98/100 correct)
INFO:neural_network:  -> Validation accuracy: 0.9800
INFO:neural_network:Epoch 171, Batch 0: loss=0.176767
INFO:neural_network:Epoch 171, Batch 10: loss=0.319515
INFO:neural_network:Epoch 171, Batch 20: loss=0.296121
INFO:neural_network:Epoch 171, Batch 30: loss=0.226838
INFO:neural_network:Epoch 171, Batch 40: loss=0.197724
INFO:neural_network:Epoch 171, Batch 50: loss=0.202896
INFO:neural_network:Epoch 171, Batch 60: loss=0.208647
INFO:neural_network:Epoch 171, Batch 70: loss=0.190872
INFO:neural_network:Epoch 171, Batch 80: loss=0.193725
INFO:neural_network:Epoch 171, Batch 90: loss=0.328233
INFO:neural_network:Epoch 171, Batch 100: loss=0.248015
INFO:neural_network:Epoch 171, Batch 110: loss=0.160987
INFO:neural_network:Epoch 171, Batch 120: loss=0.209842
INFO:neural_network:Epoch 171, Batch 130: loss=0.206283
INFO:neural_network:Epoch 171, Batch 140: loss=0.193806
INFO:neural_network:Epoch 171, Batch 150: loss=0.234307
INFO:neural_network:Epoch 171, Batch 160: loss=0.263011
INFO:neural_network:Epoch 171, Batch 170: loss=0.230705
INFO:neural_network:Epoch 171, Batch 180: loss=0.283543
INFO:neural_network:Epoch 171, Batch 190: loss=0.270712
INFO:neural_network:Epoch 171, Batch 200: loss=0.301740
INFO:neural_network:Epoch 171, Batch 210: loss=0.217247
INFO:neural_network:Epoch 171, Batch 220: loss=0.284256
INFO:neural_network:Epoch 171, Batch 230: loss=0.313538
INFO:neural_network:Epoch 171, Batch 240: loss=0.207257
INFO:neural_network:Epoch 171, Batch 250: loss=0.245317
INFO:neural_network:Epoch 171, Batch 260: loss=0.256028
INFO:neural_network:Epoch 171, Batch 270: loss=0.218982
INFO:neural_network:Epoch 171, Batch 280: loss=0.190752
INFO:neural_network:Epoch 171, Batch 290: loss=0.234728
INFO:neural_network:Epoch  171/200: train_loss=0.236150 (batch_avg=0.236641), lr=0.001
INFO:neural_network:Accuracy: 0.9500 (95/100 correct)
INFO:neural_network:  -> Validation accuracy: 0.9500
INFO:neural_network:Epoch 172, Batch 0: loss=0.297163
INFO:neural_network:Epoch 172, Batch 10: loss=0.233135
INFO:neural_network:Epoch 172, Batch 20: loss=0.221166
INFO:neural_network:Epoch 172, Batch 30: loss=0.161406
INFO:neural_network:Epoch 172, Batch 40: loss=0.343344
INFO:neural_network:Epoch 172, Batch 50: loss=0.211978
INFO:neural_network:Epoch 172, Batch 60: loss=0.222764
INFO:neural_network:Epoch 172, Batch 70: loss=0.377319
INFO:neural_network:Epoch 172, Batch 80: loss=0.205686
INFO:neural_network:Epoch 172, Batch 90: loss=0.260908
INFO:neural_network:Epoch 172, Batch 100: loss=0.202569
INFO:neural_network:Epoch 172, Batch 110: loss=0.190473
INFO:neural_network:Epoch 172, Batch 120: loss=0.224931
INFO:neural_network:Epoch 172, Batch 130: loss=0.267135
INFO:neural_network:Epoch 172, Batch 140: loss=0.284660
INFO:neural_network:Epoch 172, Batch 150: loss=0.219329
INFO:neural_network:Epoch 172, Batch 160: loss=0.281528
INFO:neural_network:Epoch 172, Batch 170: loss=0.197011
INFO:neural_network:Epoch 172, Batch 180: loss=0.231425
INFO:neural_network:Epoch 172, Batch 190: loss=0.289425
INFO:neural_network:Epoch 172, Batch 200: loss=0.228813
INFO:neural_network:Epoch 172, Batch 210: loss=0.222555
INFO:neural_network:Epoch 172, Batch 220: loss=0.217662
INFO:neural_network:Epoch 172, Batch 230: loss=0.293597
INFO:neural_network:Epoch 172, Batch 240: loss=0.291334
INFO:neural_network:Epoch 172, Batch 250: loss=0.299309
INFO:neural_network:Epoch 172, Batch 260: loss=0.267807
INFO:neural_network:Epoch 172, Batch 270: loss=0.204784
INFO:neural_network:Epoch 172, Batch 280: loss=0.321534
INFO:neural_network:Epoch 172, Batch 290: loss=0.266509
INFO:neural_network:Epoch  172/200: train_loss=0.235605 (batch_avg=0.236096), lr=0.001
INFO:neural_network:Accuracy: 0.9200 (92/100 correct)
INFO:neural_network:  -> Validation accuracy: 0.9200
INFO:neural_network:Epoch 173, Batch 0: loss=0.322871
INFO:neural_network:Epoch 173, Batch 10: loss=0.220670
INFO:neural_network:Epoch 173, Batch 20: loss=0.177211
INFO:neural_network:Epoch 173, Batch 30: loss=0.188051
INFO:neural_network:Epoch 173, Batch 40: loss=0.242135
INFO:neural_network:Epoch 173, Batch 50: loss=0.255885
INFO:neural_network:Epoch 173, Batch 60: loss=0.168643
INFO:neural_network:Epoch 173, Batch 70: loss=0.248855
INFO:neural_network:Epoch 173, Batch 80: loss=0.181292
INFO:neural_network:Epoch 173, Batch 90: loss=0.167692
INFO:neural_network:Epoch 173, Batch 100: loss=0.285682
INFO:neural_network:Epoch 173, Batch 110: loss=0.290434
INFO:neural_network:Epoch 173, Batch 120: loss=0.329472
INFO:neural_network:Epoch 173, Batch 130: loss=0.214839
INFO:neural_network:Epoch 173, Batch 140: loss=0.253445
INFO:neural_network:Epoch 173, Batch 150: loss=0.213505
INFO:neural_network:Epoch 173, Batch 160: loss=0.257403
INFO:neural_network:Epoch 173, Batch 170: loss=0.177258
INFO:neural_network:Epoch 173, Batch 180: loss=0.204449
INFO:neural_network:Epoch 173, Batch 190: loss=0.222711
INFO:neural_network:Epoch 173, Batch 200: loss=0.258640
INFO:neural_network:Epoch 173, Batch 210: loss=0.305025
INFO:neural_network:Epoch 173, Batch 220: loss=0.221358
INFO:neural_network:Epoch 173, Batch 230: loss=0.240074
INFO:neural_network:Epoch 173, Batch 240: loss=0.244264
INFO:neural_network:Epoch 173, Batch 250: loss=0.183363
INFO:neural_network:Epoch 173, Batch 260: loss=0.201086
INFO:neural_network:Epoch 173, Batch 270: loss=0.265686
INFO:neural_network:Epoch 173, Batch 280: loss=0.221347
INFO:neural_network:Epoch 173, Batch 290: loss=0.314307
INFO:neural_network:Epoch  173/200: train_loss=0.235107 (batch_avg=0.235524), lr=0.001
INFO:neural_network:Accuracy: 0.9200 (92/100 correct)
INFO:neural_network:  -> Validation accuracy: 0.9200
INFO:neural_network:Epoch 174, Batch 0: loss=0.115384
INFO:neural_network:Epoch 174, Batch 10: loss=0.208992
INFO:neural_network:Epoch 174, Batch 20: loss=0.233528
INFO:neural_network:Epoch 174, Batch 30: loss=0.255110
INFO:neural_network:Epoch 174, Batch 40: loss=0.226754
INFO:neural_network:Epoch 174, Batch 50: loss=0.183158
INFO:neural_network:Epoch 174, Batch 60: loss=0.221482
INFO:neural_network:Epoch 174, Batch 70: loss=0.270419
INFO:neural_network:Epoch 174, Batch 80: loss=0.211903
INFO:neural_network:Epoch 174, Batch 90: loss=0.197719
INFO:neural_network:Epoch 174, Batch 100: loss=0.182950
INFO:neural_network:Epoch 174, Batch 110: loss=0.258326
INFO:neural_network:Epoch 174, Batch 120: loss=0.185485
INFO:neural_network:Epoch 174, Batch 130: loss=0.213719
INFO:neural_network:Epoch 174, Batch 140: loss=0.205114
INFO:neural_network:Epoch 174, Batch 150: loss=0.217083
INFO:neural_network:Epoch 174, Batch 160: loss=0.236709
INFO:neural_network:Epoch 174, Batch 170: loss=0.301011
INFO:neural_network:Epoch 174, Batch 180: loss=0.227135
INFO:neural_network:Epoch 174, Batch 190: loss=0.190496
INFO:neural_network:Epoch 174, Batch 200: loss=0.208762
INFO:neural_network:Epoch 174, Batch 210: loss=0.399291
INFO:neural_network:Epoch 174, Batch 220: loss=0.216139
INFO:neural_network:Epoch 174, Batch 230: loss=0.273565
INFO:neural_network:Epoch 174, Batch 240: loss=0.158478
INFO:neural_network:Epoch 174, Batch 250: loss=0.222629
INFO:neural_network:Epoch 174, Batch 260: loss=0.238337
INFO:neural_network:Epoch 174, Batch 270: loss=0.198086
INFO:neural_network:Epoch 174, Batch 280: loss=0.192160
INFO:neural_network:Epoch 174, Batch 290: loss=0.174609
INFO:neural_network:Epoch  174/200: train_loss=0.234539 (batch_avg=0.234977), lr=0.001
INFO:neural_network:Accuracy: 0.9200 (92/100 correct)
INFO:neural_network:  -> Validation accuracy: 0.9200
INFO:neural_network:Epoch 175, Batch 0: loss=0.191556
INFO:neural_network:Epoch 175, Batch 10: loss=0.180085
INFO:neural_network:Epoch 175, Batch 20: loss=0.256953
INFO:neural_network:Epoch 175, Batch 30: loss=0.243329
INFO:neural_network:Epoch 175, Batch 40: loss=0.241871
INFO:neural_network:Epoch 175, Batch 50: loss=0.254550
INFO:neural_network:Epoch 175, Batch 60: loss=0.310730
INFO:neural_network:Epoch 175, Batch 70: loss=0.276615
INFO:neural_network:Epoch 175, Batch 80: loss=0.268816
INFO:neural_network:Epoch 175, Batch 90: loss=0.223093
INFO:neural_network:Epoch 175, Batch 100: loss=0.250749
INFO:neural_network:Epoch 175, Batch 110: loss=0.179991
INFO:neural_network:Epoch 175, Batch 120: loss=0.249609
INFO:neural_network:Epoch 175, Batch 130: loss=0.270619
INFO:neural_network:Epoch 175, Batch 140: loss=0.215132
INFO:neural_network:Epoch 175, Batch 150: loss=0.235414
INFO:neural_network:Epoch 175, Batch 160: loss=0.259324
INFO:neural_network:Epoch 175, Batch 170: loss=0.198904
INFO:neural_network:Epoch 175, Batch 180: loss=0.189308
INFO:neural_network:Epoch 175, Batch 190: loss=0.198889
INFO:neural_network:Epoch 175, Batch 200: loss=0.219901
INFO:neural_network:Epoch 175, Batch 210: loss=0.247503
INFO:neural_network:Epoch 175, Batch 220: loss=0.204462
INFO:neural_network:Epoch 175, Batch 230: loss=0.214892
INFO:neural_network:Epoch 175, Batch 240: loss=0.180302
INFO:neural_network:Epoch 175, Batch 250: loss=0.238806
INFO:neural_network:Epoch 175, Batch 260: loss=0.200180
INFO:neural_network:Epoch 175, Batch 270: loss=0.296974
INFO:neural_network:Epoch 175, Batch 280: loss=0.212499
INFO:neural_network:Epoch 175, Batch 290: loss=0.135049
INFO:neural_network:Epoch  175/200: train_loss=0.233989 (batch_avg=0.234463), lr=0.001
INFO:neural_network:Accuracy: 0.9600 (96/100 correct)
INFO:neural_network:  -> Validation accuracy: 0.9600
INFO:neural_network:Epoch 176, Batch 0: loss=0.258032
INFO:neural_network:Epoch 176, Batch 10: loss=0.245446
INFO:neural_network:Epoch 176, Batch 20: loss=0.247550
INFO:neural_network:Epoch 176, Batch 30: loss=0.218744
INFO:neural_network:Epoch 176, Batch 40: loss=0.176829
INFO:neural_network:Epoch 176, Batch 50: loss=0.197026
INFO:neural_network:Epoch 176, Batch 60: loss=0.157013
INFO:neural_network:Epoch 176, Batch 70: loss=0.326915
INFO:neural_network:Epoch 176, Batch 80: loss=0.267323
INFO:neural_network:Epoch 176, Batch 90: loss=0.213803
INFO:neural_network:Epoch 176, Batch 100: loss=0.288295
INFO:neural_network:Epoch 176, Batch 110: loss=0.187407
INFO:neural_network:Epoch 176, Batch 120: loss=0.246075
INFO:neural_network:Epoch 176, Batch 130: loss=0.237585
INFO:neural_network:Epoch 176, Batch 140: loss=0.251043
INFO:neural_network:Epoch 176, Batch 150: loss=0.220835
INFO:neural_network:Epoch 176, Batch 160: loss=0.226585
INFO:neural_network:Epoch 176, Batch 170: loss=0.313756
INFO:neural_network:Epoch 176, Batch 180: loss=0.215046
INFO:neural_network:Epoch 176, Batch 190: loss=0.303222
INFO:neural_network:Epoch 176, Batch 200: loss=0.226403
INFO:neural_network:Epoch 176, Batch 210: loss=0.238305
INFO:neural_network:Epoch 176, Batch 220: loss=0.211529
INFO:neural_network:Epoch 176, Batch 230: loss=0.165084
INFO:neural_network:Epoch 176, Batch 240: loss=0.314235
INFO:neural_network:Epoch 176, Batch 250: loss=0.205420
INFO:neural_network:Epoch 176, Batch 260: loss=0.227681
INFO:neural_network:Epoch 176, Batch 270: loss=0.173808
INFO:neural_network:Epoch 176, Batch 280: loss=0.318204
INFO:neural_network:Epoch 176, Batch 290: loss=0.169701
INFO:neural_network:Epoch  176/200: train_loss=0.233451 (batch_avg=0.233930), lr=0.001
INFO:neural_network:Accuracy: 0.9300 (93/100 correct)
INFO:neural_network:  -> Validation accuracy: 0.9300
INFO:neural_network:Epoch 177, Batch 0: loss=0.173650
INFO:neural_network:Epoch 177, Batch 10: loss=0.237187
INFO:neural_network:Epoch 177, Batch 20: loss=0.172478
INFO:neural_network:Epoch 177, Batch 30: loss=0.160046
INFO:neural_network:Epoch 177, Batch 40: loss=0.200300
INFO:neural_network:Epoch 177, Batch 50: loss=0.286804
INFO:neural_network:Epoch 177, Batch 60: loss=0.194855
INFO:neural_network:Epoch 177, Batch 70: loss=0.303617
INFO:neural_network:Epoch 177, Batch 80: loss=0.209778
INFO:neural_network:Epoch 177, Batch 90: loss=0.254391
INFO:neural_network:Epoch 177, Batch 100: loss=0.195797
INFO:neural_network:Epoch 177, Batch 110: loss=0.118020
INFO:neural_network:Epoch 177, Batch 120: loss=0.182726
INFO:neural_network:Epoch 177, Batch 130: loss=0.236774
INFO:neural_network:Epoch 177, Batch 140: loss=0.228164
INFO:neural_network:Epoch 177, Batch 150: loss=0.271916
INFO:neural_network:Epoch 177, Batch 160: loss=0.198501
INFO:neural_network:Epoch 177, Batch 170: loss=0.264957
INFO:neural_network:Epoch 177, Batch 180: loss=0.232146
INFO:neural_network:Epoch 177, Batch 190: loss=0.229493
INFO:neural_network:Epoch 177, Batch 200: loss=0.280611
INFO:neural_network:Epoch 177, Batch 210: loss=0.282817
INFO:neural_network:Epoch 177, Batch 220: loss=0.225277
INFO:neural_network:Epoch 177, Batch 230: loss=0.180775
INFO:neural_network:Epoch 177, Batch 240: loss=0.186290
INFO:neural_network:Epoch 177, Batch 250: loss=0.234136
INFO:neural_network:Epoch 177, Batch 260: loss=0.354185
INFO:neural_network:Epoch 177, Batch 270: loss=0.245861
INFO:neural_network:Epoch 177, Batch 280: loss=0.202109
INFO:neural_network:Epoch 177, Batch 290: loss=0.152066
INFO:neural_network:Epoch  177/200: train_loss=0.232926 (batch_avg=0.233399), lr=0.001
INFO:neural_network:Accuracy: 0.9400 (94/100 correct)
INFO:neural_network:  -> Validation accuracy: 0.9400
INFO:neural_network:Epoch 178, Batch 0: loss=0.231859
INFO:neural_network:Epoch 178, Batch 10: loss=0.262786
INFO:neural_network:Epoch 178, Batch 20: loss=0.253485
INFO:neural_network:Epoch 178, Batch 30: loss=0.177341
INFO:neural_network:Epoch 178, Batch 40: loss=0.178426
INFO:neural_network:Epoch 178, Batch 50: loss=0.246884
INFO:neural_network:Epoch 178, Batch 60: loss=0.289984
INFO:neural_network:Epoch 178, Batch 70: loss=0.188596
INFO:neural_network:Epoch 178, Batch 80: loss=0.260529
INFO:neural_network:Epoch 178, Batch 90: loss=0.252313
INFO:neural_network:Epoch 178, Batch 100: loss=0.206632
INFO:neural_network:Epoch 178, Batch 110: loss=0.311523
INFO:neural_network:Epoch 178, Batch 120: loss=0.260291
INFO:neural_network:Epoch 178, Batch 130: loss=0.199382
INFO:neural_network:Epoch 178, Batch 140: loss=0.272352
INFO:neural_network:Epoch 178, Batch 150: loss=0.280642
INFO:neural_network:Epoch 178, Batch 160: loss=0.275966
INFO:neural_network:Epoch 178, Batch 170: loss=0.281996
INFO:neural_network:Epoch 178, Batch 180: loss=0.253560
INFO:neural_network:Epoch 178, Batch 190: loss=0.206542
INFO:neural_network:Epoch 178, Batch 200: loss=0.145267
INFO:neural_network:Epoch 178, Batch 210: loss=0.297870
INFO:neural_network:Epoch 178, Batch 220: loss=0.212598
INFO:neural_network:Epoch 178, Batch 230: loss=0.201751
INFO:neural_network:Epoch 178, Batch 240: loss=0.183248
INFO:neural_network:Epoch 178, Batch 250: loss=0.226224
INFO:neural_network:Epoch 178, Batch 260: loss=0.181639
INFO:neural_network:Epoch 178, Batch 270: loss=0.234667
INFO:neural_network:Epoch 178, Batch 280: loss=0.212704
INFO:neural_network:Epoch 178, Batch 290: loss=0.186532
INFO:neural_network:Epoch  178/200: train_loss=0.232413 (batch_avg=0.232868), lr=0.001
INFO:neural_network:Accuracy: 0.9600 (96/100 correct)
INFO:neural_network:  -> Validation accuracy: 0.9600
INFO:neural_network:Epoch 179, Batch 0: loss=0.187982
INFO:neural_network:Epoch 179, Batch 10: loss=0.197167
INFO:neural_network:Epoch 179, Batch 20: loss=0.218619
INFO:neural_network:Epoch 179, Batch 30: loss=0.182303
INFO:neural_network:Epoch 179, Batch 40: loss=0.211135
INFO:neural_network:Epoch 179, Batch 50: loss=0.274568
INFO:neural_network:Epoch 179, Batch 60: loss=0.254791
INFO:neural_network:Epoch 179, Batch 70: loss=0.225381
INFO:neural_network:Epoch 179, Batch 80: loss=0.308350
INFO:neural_network:Epoch 179, Batch 90: loss=0.275692
INFO:neural_network:Epoch 179, Batch 100: loss=0.266626
INFO:neural_network:Epoch 179, Batch 110: loss=0.263487
INFO:neural_network:Epoch 179, Batch 120: loss=0.253083
INFO:neural_network:Epoch 179, Batch 130: loss=0.209725
INFO:neural_network:Epoch 179, Batch 140: loss=0.191945
INFO:neural_network:Epoch 179, Batch 150: loss=0.269589
INFO:neural_network:Epoch 179, Batch 160: loss=0.258306
INFO:neural_network:Epoch 179, Batch 170: loss=0.263731
INFO:neural_network:Epoch 179, Batch 180: loss=0.233013
INFO:neural_network:Epoch 179, Batch 190: loss=0.311031
INFO:neural_network:Epoch 179, Batch 200: loss=0.176380
INFO:neural_network:Epoch 179, Batch 210: loss=0.316223
INFO:neural_network:Epoch 179, Batch 220: loss=0.186927
INFO:neural_network:Epoch 179, Batch 230: loss=0.268111
INFO:neural_network:Epoch 179, Batch 240: loss=0.307152
INFO:neural_network:Epoch 179, Batch 250: loss=0.207785
INFO:neural_network:Epoch 179, Batch 260: loss=0.262480
INFO:neural_network:Epoch 179, Batch 270: loss=0.250906
INFO:neural_network:Epoch 179, Batch 280: loss=0.224644
INFO:neural_network:Epoch 179, Batch 290: loss=0.261046
INFO:neural_network:Epoch  179/200: train_loss=0.231890 (batch_avg=0.232350), lr=0.001
INFO:neural_network:Accuracy: 0.9700 (97/100 correct)
INFO:neural_network:  -> Validation accuracy: 0.9700
INFO:neural_network:Epoch 180, Batch 0: loss=0.255499
INFO:neural_network:Epoch 180, Batch 10: loss=0.213663
INFO:neural_network:Epoch 180, Batch 20: loss=0.262564
INFO:neural_network:Epoch 180, Batch 30: loss=0.173631
INFO:neural_network:Epoch 180, Batch 40: loss=0.196884
INFO:neural_network:Epoch 180, Batch 50: loss=0.259341
INFO:neural_network:Epoch 180, Batch 60: loss=0.257542
INFO:neural_network:Epoch 180, Batch 70: loss=0.240608
INFO:neural_network:Epoch 180, Batch 80: loss=0.226463
INFO:neural_network:Epoch 180, Batch 90: loss=0.232842
INFO:neural_network:Epoch 180, Batch 100: loss=0.244405
INFO:neural_network:Epoch 180, Batch 110: loss=0.265930
INFO:neural_network:Epoch 180, Batch 120: loss=0.179888
INFO:neural_network:Epoch 180, Batch 130: loss=0.151143
INFO:neural_network:Epoch 180, Batch 140: loss=0.289010
INFO:neural_network:Epoch 180, Batch 150: loss=0.282308
INFO:neural_network:Epoch 180, Batch 160: loss=0.220680
INFO:neural_network:Epoch 180, Batch 170: loss=0.170514
INFO:neural_network:Epoch 180, Batch 180: loss=0.275518
INFO:neural_network:Epoch 180, Batch 190: loss=0.225855
INFO:neural_network:Epoch 180, Batch 200: loss=0.203885
INFO:neural_network:Epoch 180, Batch 210: loss=0.163504
INFO:neural_network:Epoch 180, Batch 220: loss=0.208658
INFO:neural_network:Epoch 180, Batch 230: loss=0.199046
INFO:neural_network:Epoch 180, Batch 240: loss=0.202471
INFO:neural_network:Epoch 180, Batch 250: loss=0.207864
INFO:neural_network:Epoch 180, Batch 260: loss=0.218948
INFO:neural_network:Epoch 180, Batch 270: loss=0.180250
INFO:neural_network:Epoch 180, Batch 280: loss=0.218551
INFO:neural_network:Epoch 180, Batch 290: loss=0.245208
INFO:neural_network:Epoch  180/200: train_loss=0.231380 (batch_avg=0.231822), lr=0.001
INFO:neural_network:Accuracy: 0.9400 (94/100 correct)
INFO:neural_network:  -> Validation accuracy: 0.9400
INFO:neural_network:Epoch 181, Batch 0: loss=0.178501
INFO:neural_network:Epoch 181, Batch 10: loss=0.189096
INFO:neural_network:Epoch 181, Batch 20: loss=0.200683
INFO:neural_network:Epoch 181, Batch 30: loss=0.177734
INFO:neural_network:Epoch 181, Batch 40: loss=0.221412
INFO:neural_network:Epoch 181, Batch 50: loss=0.144971
INFO:neural_network:Epoch 181, Batch 60: loss=0.228431
INFO:neural_network:Epoch 181, Batch 70: loss=0.153898
INFO:neural_network:Epoch 181, Batch 80: loss=0.216855
INFO:neural_network:Epoch 181, Batch 90: loss=0.271454
INFO:neural_network:Epoch 181, Batch 100: loss=0.279795
INFO:neural_network:Epoch 181, Batch 110: loss=0.224038
INFO:neural_network:Epoch 181, Batch 120: loss=0.237996
INFO:neural_network:Epoch 181, Batch 130: loss=0.213343
INFO:neural_network:Epoch 181, Batch 140: loss=0.270658
INFO:neural_network:Epoch 181, Batch 150: loss=0.254700
INFO:neural_network:Epoch 181, Batch 160: loss=0.251218
INFO:neural_network:Epoch 181, Batch 170: loss=0.242588
INFO:neural_network:Epoch 181, Batch 180: loss=0.232246
INFO:neural_network:Epoch 181, Batch 190: loss=0.199068
INFO:neural_network:Epoch 181, Batch 200: loss=0.209377
INFO:neural_network:Epoch 181, Batch 210: loss=0.250985
INFO:neural_network:Epoch 181, Batch 220: loss=0.121325
INFO:neural_network:Epoch 181, Batch 230: loss=0.275082
INFO:neural_network:Epoch 181, Batch 240: loss=0.236612
INFO:neural_network:Epoch 181, Batch 250: loss=0.246185
INFO:neural_network:Epoch 181, Batch 260: loss=0.212459
INFO:neural_network:Epoch 181, Batch 270: loss=0.257105
INFO:neural_network:Epoch 181, Batch 280: loss=0.206436
INFO:neural_network:Epoch 181, Batch 290: loss=0.233004
INFO:neural_network:Epoch  181/200: train_loss=0.230843 (batch_avg=0.231322), lr=0.001
INFO:neural_network:Accuracy: 0.9300 (93/100 correct)
INFO:neural_network:  -> Validation accuracy: 0.9300
INFO:neural_network:Epoch 182, Batch 0: loss=0.208466
INFO:neural_network:Epoch 182, Batch 10: loss=0.260487
INFO:neural_network:Epoch 182, Batch 20: loss=0.278069
INFO:neural_network:Epoch 182, Batch 30: loss=0.213700
INFO:neural_network:Epoch 182, Batch 40: loss=0.306054
INFO:neural_network:Epoch 182, Batch 50: loss=0.322930
INFO:neural_network:Epoch 182, Batch 60: loss=0.228008
INFO:neural_network:Epoch 182, Batch 70: loss=0.175885
INFO:neural_network:Epoch 182, Batch 80: loss=0.184256
INFO:neural_network:Epoch 182, Batch 90: loss=0.208365
INFO:neural_network:Epoch 182, Batch 100: loss=0.242636
INFO:neural_network:Epoch 182, Batch 110: loss=0.234235
INFO:neural_network:Epoch 182, Batch 120: loss=0.213090
INFO:neural_network:Epoch 182, Batch 130: loss=0.234009
INFO:neural_network:Epoch 182, Batch 140: loss=0.216158
INFO:neural_network:Epoch 182, Batch 150: loss=0.220126
INFO:neural_network:Epoch 182, Batch 160: loss=0.184675
INFO:neural_network:Epoch 182, Batch 170: loss=0.219650
INFO:neural_network:Epoch 182, Batch 180: loss=0.240714
INFO:neural_network:Epoch 182, Batch 190: loss=0.213892
INFO:neural_network:Epoch 182, Batch 200: loss=0.229419
INFO:neural_network:Epoch 182, Batch 210: loss=0.307350
INFO:neural_network:Epoch 182, Batch 220: loss=0.165855
INFO:neural_network:Epoch 182, Batch 230: loss=0.257197
INFO:neural_network:Epoch 182, Batch 240: loss=0.172442
INFO:neural_network:Epoch 182, Batch 250: loss=0.278320
INFO:neural_network:Epoch 182, Batch 260: loss=0.264934
INFO:neural_network:Epoch 182, Batch 270: loss=0.254680
INFO:neural_network:Epoch 182, Batch 280: loss=0.253079
INFO:neural_network:Epoch 182, Batch 290: loss=0.264577
INFO:neural_network:Epoch  182/200: train_loss=0.230342 (batch_avg=0.230790), lr=0.001
INFO:neural_network:Accuracy: 0.9200 (92/100 correct)
INFO:neural_network:  -> Validation accuracy: 0.9200
INFO:neural_network:Epoch 183, Batch 0: loss=0.239493
INFO:neural_network:Epoch 183, Batch 10: loss=0.181569
INFO:neural_network:Epoch 183, Batch 20: loss=0.163453
INFO:neural_network:Epoch 183, Batch 30: loss=0.184244
INFO:neural_network:Epoch 183, Batch 40: loss=0.179282
INFO:neural_network:Epoch 183, Batch 50: loss=0.221112
INFO:neural_network:Epoch 183, Batch 60: loss=0.283428
INFO:neural_network:Epoch 183, Batch 70: loss=0.204298
INFO:neural_network:Epoch 183, Batch 80: loss=0.228719
INFO:neural_network:Epoch 183, Batch 90: loss=0.191513
INFO:neural_network:Epoch 183, Batch 100: loss=0.295926
INFO:neural_network:Epoch 183, Batch 110: loss=0.169654
INFO:neural_network:Epoch 183, Batch 120: loss=0.218856
INFO:neural_network:Epoch 183, Batch 130: loss=0.228934
INFO:neural_network:Epoch 183, Batch 140: loss=0.234203
INFO:neural_network:Epoch 183, Batch 150: loss=0.192199
INFO:neural_network:Epoch 183, Batch 160: loss=0.226879
INFO:neural_network:Epoch 183, Batch 170: loss=0.269407
INFO:neural_network:Epoch 183, Batch 180: loss=0.222403
INFO:neural_network:Epoch 183, Batch 190: loss=0.201788
INFO:neural_network:Epoch 183, Batch 200: loss=0.132476
INFO:neural_network:Epoch 183, Batch 210: loss=0.302135
INFO:neural_network:Epoch 183, Batch 220: loss=0.233275
INFO:neural_network:Epoch 183, Batch 230: loss=0.193910
INFO:neural_network:Epoch 183, Batch 240: loss=0.171102
INFO:neural_network:Epoch 183, Batch 250: loss=0.248028
INFO:neural_network:Epoch 183, Batch 260: loss=0.199006
INFO:neural_network:Epoch 183, Batch 270: loss=0.246806
INFO:neural_network:Epoch 183, Batch 280: loss=0.191876
INFO:neural_network:Epoch 183, Batch 290: loss=0.261040
INFO:neural_network:Epoch  183/200: train_loss=0.229827 (batch_avg=0.230302), lr=0.001
INFO:neural_network:Accuracy: 0.9400 (94/100 correct)
INFO:neural_network:  -> Validation accuracy: 0.9400
INFO:neural_network:Epoch 184, Batch 0: loss=0.262464
INFO:neural_network:Epoch 184, Batch 10: loss=0.199793
INFO:neural_network:Epoch 184, Batch 20: loss=0.254260
INFO:neural_network:Epoch 184, Batch 30: loss=0.219168
INFO:neural_network:Epoch 184, Batch 40: loss=0.278954
INFO:neural_network:Epoch 184, Batch 50: loss=0.221046
INFO:neural_network:Epoch 184, Batch 60: loss=0.179154
INFO:neural_network:Epoch 184, Batch 70: loss=0.218356
INFO:neural_network:Epoch 184, Batch 80: loss=0.167082
INFO:neural_network:Epoch 184, Batch 90: loss=0.159000
INFO:neural_network:Epoch 184, Batch 100: loss=0.197890
INFO:neural_network:Epoch 184, Batch 110: loss=0.211576
INFO:neural_network:Epoch 184, Batch 120: loss=0.279561
INFO:neural_network:Epoch 184, Batch 130: loss=0.180430
INFO:neural_network:Epoch 184, Batch 140: loss=0.298983
INFO:neural_network:Epoch 184, Batch 150: loss=0.212490
INFO:neural_network:Epoch 184, Batch 160: loss=0.241269
INFO:neural_network:Epoch 184, Batch 170: loss=0.314185
INFO:neural_network:Epoch 184, Batch 180: loss=0.208253
INFO:neural_network:Epoch 184, Batch 190: loss=0.269910
INFO:neural_network:Epoch 184, Batch 200: loss=0.220074
INFO:neural_network:Epoch 184, Batch 210: loss=0.123256
INFO:neural_network:Epoch 184, Batch 220: loss=0.191618
INFO:neural_network:Epoch 184, Batch 230: loss=0.272257
INFO:neural_network:Epoch 184, Batch 240: loss=0.223956
INFO:neural_network:Epoch 184, Batch 250: loss=0.201259
INFO:neural_network:Epoch 184, Batch 260: loss=0.165302
INFO:neural_network:Epoch 184, Batch 270: loss=0.215307
INFO:neural_network:Epoch 184, Batch 280: loss=0.190528
INFO:neural_network:Epoch 184, Batch 290: loss=0.302927
INFO:neural_network:Epoch  184/200: train_loss=0.229308 (batch_avg=0.229796), lr=0.001
INFO:neural_network:Accuracy: 0.9500 (95/100 correct)
INFO:neural_network:  -> Validation accuracy: 0.9500
INFO:neural_network:Epoch 185, Batch 0: loss=0.143290
INFO:neural_network:Epoch 185, Batch 10: loss=0.137615
INFO:neural_network:Epoch 185, Batch 20: loss=0.216449
INFO:neural_network:Epoch 185, Batch 30: loss=0.224278
INFO:neural_network:Epoch 185, Batch 40: loss=0.212303
INFO:neural_network:Epoch 185, Batch 50: loss=0.226664
INFO:neural_network:Epoch 185, Batch 60: loss=0.239408
INFO:neural_network:Epoch 185, Batch 70: loss=0.213573
INFO:neural_network:Epoch 185, Batch 80: loss=0.194884
INFO:neural_network:Epoch 185, Batch 90: loss=0.242207
INFO:neural_network:Epoch 185, Batch 100: loss=0.215183
INFO:neural_network:Epoch 185, Batch 110: loss=0.238604
INFO:neural_network:Epoch 185, Batch 120: loss=0.226916
INFO:neural_network:Epoch 185, Batch 130: loss=0.221819
INFO:neural_network:Epoch 185, Batch 140: loss=0.203058
INFO:neural_network:Epoch 185, Batch 150: loss=0.247947
INFO:neural_network:Epoch 185, Batch 160: loss=0.254083
INFO:neural_network:Epoch 185, Batch 170: loss=0.185644
INFO:neural_network:Epoch 185, Batch 180: loss=0.173552
INFO:neural_network:Epoch 185, Batch 190: loss=0.219337
INFO:neural_network:Epoch 185, Batch 200: loss=0.278733
INFO:neural_network:Epoch 185, Batch 210: loss=0.271759
INFO:neural_network:Epoch 185, Batch 220: loss=0.255886
INFO:neural_network:Epoch 185, Batch 230: loss=0.294734
INFO:neural_network:Epoch 185, Batch 240: loss=0.168075
INFO:neural_network:Epoch 185, Batch 250: loss=0.225190
INFO:neural_network:Epoch 185, Batch 260: loss=0.252997
INFO:neural_network:Epoch 185, Batch 270: loss=0.270400
INFO:neural_network:Epoch 185, Batch 280: loss=0.263638
INFO:neural_network:Epoch 185, Batch 290: loss=0.358534
INFO:neural_network:Epoch  185/200: train_loss=0.228830 (batch_avg=0.229288), lr=0.001
INFO:neural_network:Accuracy: 0.9300 (93/100 correct)
INFO:neural_network:  -> Validation accuracy: 0.9300
INFO:neural_network:Epoch 186, Batch 0: loss=0.229210
INFO:neural_network:Epoch 186, Batch 10: loss=0.224564
INFO:neural_network:Epoch 186, Batch 20: loss=0.204068
INFO:neural_network:Epoch 186, Batch 30: loss=0.171001
INFO:neural_network:Epoch 186, Batch 40: loss=0.251993
INFO:neural_network:Epoch 186, Batch 50: loss=0.201336
INFO:neural_network:Epoch 186, Batch 60: loss=0.277860
INFO:neural_network:Epoch 186, Batch 70: loss=0.314497
INFO:neural_network:Epoch 186, Batch 80: loss=0.293153
INFO:neural_network:Epoch 186, Batch 90: loss=0.180731
INFO:neural_network:Epoch 186, Batch 100: loss=0.212644
INFO:neural_network:Epoch 186, Batch 110: loss=0.254552
INFO:neural_network:Epoch 186, Batch 120: loss=0.177388
INFO:neural_network:Epoch 186, Batch 130: loss=0.155577
INFO:neural_network:Epoch 186, Batch 140: loss=0.227752
INFO:neural_network:Epoch 186, Batch 150: loss=0.285812
INFO:neural_network:Epoch 186, Batch 160: loss=0.275556
INFO:neural_network:Epoch 186, Batch 170: loss=0.165095
INFO:neural_network:Epoch 186, Batch 180: loss=0.203374
INFO:neural_network:Epoch 186, Batch 190: loss=0.218206
INFO:neural_network:Epoch 186, Batch 200: loss=0.214864
INFO:neural_network:Epoch 186, Batch 210: loss=0.214419
INFO:neural_network:Epoch 186, Batch 220: loss=0.203810
INFO:neural_network:Epoch 186, Batch 230: loss=0.193307
INFO:neural_network:Epoch 186, Batch 240: loss=0.287781
INFO:neural_network:Epoch 186, Batch 250: loss=0.152464
INFO:neural_network:Epoch 186, Batch 260: loss=0.201055
INFO:neural_network:Epoch 186, Batch 270: loss=0.240394
INFO:neural_network:Epoch 186, Batch 280: loss=0.201536
INFO:neural_network:Epoch 186, Batch 290: loss=0.187131
INFO:neural_network:Epoch  186/200: train_loss=0.228330 (batch_avg=0.228765), lr=0.001
INFO:neural_network:Accuracy: 0.9500 (95/100 correct)
INFO:neural_network:  -> Validation accuracy: 0.9500
INFO:neural_network:Epoch 187, Batch 0: loss=0.166757
INFO:neural_network:Epoch 187, Batch 10: loss=0.230474
INFO:neural_network:Epoch 187, Batch 20: loss=0.184769
INFO:neural_network:Epoch 187, Batch 30: loss=0.299709
INFO:neural_network:Epoch 187, Batch 40: loss=0.225066
INFO:neural_network:Epoch 187, Batch 50: loss=0.212690
INFO:neural_network:Epoch 187, Batch 60: loss=0.196132
INFO:neural_network:Epoch 187, Batch 70: loss=0.231771
INFO:neural_network:Epoch 187, Batch 80: loss=0.190667
INFO:neural_network:Epoch 187, Batch 90: loss=0.166980
INFO:neural_network:Epoch 187, Batch 100: loss=0.234341
INFO:neural_network:Epoch 187, Batch 110: loss=0.249903
INFO:neural_network:Epoch 187, Batch 120: loss=0.282562
INFO:neural_network:Epoch 187, Batch 130: loss=0.231652
INFO:neural_network:Epoch 187, Batch 140: loss=0.193635
INFO:neural_network:Epoch 187, Batch 150: loss=0.301594
INFO:neural_network:Epoch 187, Batch 160: loss=0.222279
INFO:neural_network:Epoch 187, Batch 170: loss=0.209145
INFO:neural_network:Epoch 187, Batch 180: loss=0.231161
INFO:neural_network:Epoch 187, Batch 190: loss=0.218218
INFO:neural_network:Epoch 187, Batch 200: loss=0.355310
INFO:neural_network:Epoch 187, Batch 210: loss=0.208551
INFO:neural_network:Epoch 187, Batch 220: loss=0.243112
INFO:neural_network:Epoch 187, Batch 230: loss=0.176930
INFO:neural_network:Epoch 187, Batch 240: loss=0.158531
INFO:neural_network:Epoch 187, Batch 250: loss=0.194758
INFO:neural_network:Epoch 187, Batch 260: loss=0.190283
INFO:neural_network:Epoch 187, Batch 270: loss=0.280140
INFO:neural_network:Epoch 187, Batch 280: loss=0.287277
INFO:neural_network:Epoch 187, Batch 290: loss=0.184698
INFO:neural_network:Epoch  187/200: train_loss=0.227825 (batch_avg=0.228280), lr=0.001
INFO:neural_network:Accuracy: 0.9300 (93/100 correct)
INFO:neural_network:  -> Validation accuracy: 0.9300
INFO:neural_network:Epoch 188, Batch 0: loss=0.139189
INFO:neural_network:Epoch 188, Batch 10: loss=0.216842
INFO:neural_network:Epoch 188, Batch 20: loss=0.215831
INFO:neural_network:Epoch 188, Batch 30: loss=0.237028
INFO:neural_network:Epoch 188, Batch 40: loss=0.253614
INFO:neural_network:Epoch 188, Batch 50: loss=0.173552
INFO:neural_network:Epoch 188, Batch 60: loss=0.261921
INFO:neural_network:Epoch 188, Batch 70: loss=0.145920
INFO:neural_network:Epoch 188, Batch 80: loss=0.209442
INFO:neural_network:Epoch 188, Batch 90: loss=0.259664
INFO:neural_network:Epoch 188, Batch 100: loss=0.229570
INFO:neural_network:Epoch 188, Batch 110: loss=0.248507
INFO:neural_network:Epoch 188, Batch 120: loss=0.199210
INFO:neural_network:Epoch 188, Batch 130: loss=0.228580
INFO:neural_network:Epoch 188, Batch 140: loss=0.274528
INFO:neural_network:Epoch 188, Batch 150: loss=0.110397
INFO:neural_network:Epoch 188, Batch 160: loss=0.183982
INFO:neural_network:Epoch 188, Batch 170: loss=0.248013
INFO:neural_network:Epoch 188, Batch 180: loss=0.261187
INFO:neural_network:Epoch 188, Batch 190: loss=0.222336
INFO:neural_network:Epoch 188, Batch 200: loss=0.196775
INFO:neural_network:Epoch 188, Batch 210: loss=0.235680
INFO:neural_network:Epoch 188, Batch 220: loss=0.187044
INFO:neural_network:Epoch 188, Batch 230: loss=0.353745
INFO:neural_network:Epoch 188, Batch 240: loss=0.247229
INFO:neural_network:Epoch 188, Batch 250: loss=0.250578
INFO:neural_network:Epoch 188, Batch 260: loss=0.294872
INFO:neural_network:Epoch 188, Batch 270: loss=0.235400
INFO:neural_network:Epoch 188, Batch 280: loss=0.289162
INFO:neural_network:Epoch 188, Batch 290: loss=0.299703
INFO:neural_network:Epoch  188/200: train_loss=0.227340 (batch_avg=0.227792), lr=0.001
INFO:neural_network:Accuracy: 0.9600 (96/100 correct)
INFO:neural_network:  -> Validation accuracy: 0.9600
INFO:neural_network:Epoch 189, Batch 0: loss=0.203181
INFO:neural_network:Epoch 189, Batch 10: loss=0.248163
INFO:neural_network:Epoch 189, Batch 20: loss=0.196225
INFO:neural_network:Epoch 189, Batch 30: loss=0.305881
INFO:neural_network:Epoch 189, Batch 40: loss=0.203683
INFO:neural_network:Epoch 189, Batch 50: loss=0.283598
INFO:neural_network:Epoch 189, Batch 60: loss=0.208411
INFO:neural_network:Epoch 189, Batch 70: loss=0.243774
INFO:neural_network:Epoch 189, Batch 80: loss=0.189376
INFO:neural_network:Epoch 189, Batch 90: loss=0.162253
INFO:neural_network:Epoch 189, Batch 100: loss=0.198055
INFO:neural_network:Epoch 189, Batch 110: loss=0.190068
INFO:neural_network:Epoch 189, Batch 120: loss=0.235111
INFO:neural_network:Epoch 189, Batch 130: loss=0.225850
INFO:neural_network:Epoch 189, Batch 140: loss=0.128802
INFO:neural_network:Epoch 189, Batch 150: loss=0.207192
INFO:neural_network:Epoch 189, Batch 160: loss=0.180084
INFO:neural_network:Epoch 189, Batch 170: loss=0.248422
INFO:neural_network:Epoch 189, Batch 180: loss=0.160221
INFO:neural_network:Epoch 189, Batch 190: loss=0.199268
INFO:neural_network:Epoch 189, Batch 200: loss=0.239999
INFO:neural_network:Epoch 189, Batch 210: loss=0.172015
INFO:neural_network:Epoch 189, Batch 220: loss=0.207216
INFO:neural_network:Epoch 189, Batch 230: loss=0.160259
INFO:neural_network:Epoch 189, Batch 240: loss=0.232864
INFO:neural_network:Epoch 189, Batch 250: loss=0.211849
INFO:neural_network:Epoch 189, Batch 260: loss=0.205144
INFO:neural_network:Epoch 189, Batch 270: loss=0.221285
INFO:neural_network:Epoch 189, Batch 280: loss=0.188941
INFO:neural_network:Epoch 189, Batch 290: loss=0.291414
INFO:neural_network:Epoch  189/200: train_loss=0.226848 (batch_avg=0.227293), lr=0.001
INFO:neural_network:Accuracy: 0.8800 (88/100 correct)
INFO:neural_network:  -> Validation accuracy: 0.8800
INFO:neural_network:Epoch 190, Batch 0: loss=0.185618
INFO:neural_network:Epoch 190, Batch 10: loss=0.229943
INFO:neural_network:Epoch 190, Batch 20: loss=0.193503
INFO:neural_network:Epoch 190, Batch 30: loss=0.184578
INFO:neural_network:Epoch 190, Batch 40: loss=0.192056
INFO:neural_network:Epoch 190, Batch 50: loss=0.198543
INFO:neural_network:Epoch 190, Batch 60: loss=0.199795
INFO:neural_network:Epoch 190, Batch 70: loss=0.205738
INFO:neural_network:Epoch 190, Batch 80: loss=0.216249
INFO:neural_network:Epoch 190, Batch 90: loss=0.181399
INFO:neural_network:Epoch 190, Batch 100: loss=0.218325
INFO:neural_network:Epoch 190, Batch 110: loss=0.228395
INFO:neural_network:Epoch 190, Batch 120: loss=0.248048
INFO:neural_network:Epoch 190, Batch 130: loss=0.207753
INFO:neural_network:Epoch 190, Batch 140: loss=0.317383
INFO:neural_network:Epoch 190, Batch 150: loss=0.206016
INFO:neural_network:Epoch 190, Batch 160: loss=0.223419
INFO:neural_network:Epoch 190, Batch 170: loss=0.254295
INFO:neural_network:Epoch 190, Batch 180: loss=0.214899
INFO:neural_network:Epoch 190, Batch 190: loss=0.217451
INFO:neural_network:Epoch 190, Batch 200: loss=0.251562
INFO:neural_network:Epoch 190, Batch 210: loss=0.316236
INFO:neural_network:Epoch 190, Batch 220: loss=0.177774
INFO:neural_network:Epoch 190, Batch 230: loss=0.152231
INFO:neural_network:Epoch 190, Batch 240: loss=0.170345
INFO:neural_network:Epoch 190, Batch 250: loss=0.233260
INFO:neural_network:Epoch 190, Batch 260: loss=0.245116
INFO:neural_network:Epoch 190, Batch 270: loss=0.152495
INFO:neural_network:Epoch 190, Batch 280: loss=0.210991
INFO:neural_network:Epoch 190, Batch 290: loss=0.213243
INFO:neural_network:Epoch  190/200: train_loss=0.226346 (batch_avg=0.226813), lr=0.001
INFO:neural_network:Accuracy: 0.9700 (97/100 correct)
INFO:neural_network:  -> Validation accuracy: 0.9700
INFO:neural_network:Epoch 191, Batch 0: loss=0.324073
INFO:neural_network:Epoch 191, Batch 10: loss=0.207802
INFO:neural_network:Epoch 191, Batch 20: loss=0.224973
INFO:neural_network:Epoch 191, Batch 30: loss=0.276441
INFO:neural_network:Epoch 191, Batch 40: loss=0.242185
INFO:neural_network:Epoch 191, Batch 50: loss=0.198243
INFO:neural_network:Epoch 191, Batch 60: loss=0.198791
INFO:neural_network:Epoch 191, Batch 70: loss=0.242632
INFO:neural_network:Epoch 191, Batch 80: loss=0.180029
INFO:neural_network:Epoch 191, Batch 90: loss=0.270866
INFO:neural_network:Epoch 191, Batch 100: loss=0.310705
INFO:neural_network:Epoch 191, Batch 110: loss=0.136861
INFO:neural_network:Epoch 191, Batch 120: loss=0.188116
INFO:neural_network:Epoch 191, Batch 130: loss=0.247973
INFO:neural_network:Epoch 191, Batch 140: loss=0.273867
INFO:neural_network:Epoch 191, Batch 150: loss=0.195065
INFO:neural_network:Epoch 191, Batch 160: loss=0.193623
INFO:neural_network:Epoch 191, Batch 170: loss=0.211537
INFO:neural_network:Epoch 191, Batch 180: loss=0.284523
INFO:neural_network:Epoch 191, Batch 190: loss=0.243191
INFO:neural_network:Epoch 191, Batch 200: loss=0.309536
INFO:neural_network:Epoch 191, Batch 210: loss=0.223351
INFO:neural_network:Epoch 191, Batch 220: loss=0.243247
INFO:neural_network:Epoch 191, Batch 230: loss=0.170063
INFO:neural_network:Epoch 191, Batch 240: loss=0.247261
INFO:neural_network:Epoch 191, Batch 250: loss=0.152045
INFO:neural_network:Epoch 191, Batch 260: loss=0.175141
INFO:neural_network:Epoch 191, Batch 270: loss=0.165979
INFO:neural_network:Epoch 191, Batch 280: loss=0.305054
INFO:neural_network:Epoch 191, Batch 290: loss=0.292660
INFO:neural_network:Epoch  191/200: train_loss=0.225881 (batch_avg=0.226308), lr=0.001
INFO:neural_network:Accuracy: 0.9400 (94/100 correct)
INFO:neural_network:  -> Validation accuracy: 0.9400
INFO:neural_network:Epoch 192, Batch 0: loss=0.170388
INFO:neural_network:Epoch 192, Batch 10: loss=0.193928
INFO:neural_network:Epoch 192, Batch 20: loss=0.246982
INFO:neural_network:Epoch 192, Batch 30: loss=0.227613
INFO:neural_network:Epoch 192, Batch 40: loss=0.184137
INFO:neural_network:Epoch 192, Batch 50: loss=0.234640
INFO:neural_network:Epoch 192, Batch 60: loss=0.258603
INFO:neural_network:Epoch 192, Batch 70: loss=0.253498
INFO:neural_network:Epoch 192, Batch 80: loss=0.211520
INFO:neural_network:Epoch 192, Batch 90: loss=0.285816
INFO:neural_network:Epoch 192, Batch 100: loss=0.155218
INFO:neural_network:Epoch 192, Batch 110: loss=0.266997
INFO:neural_network:Epoch 192, Batch 120: loss=0.172626
INFO:neural_network:Epoch 192, Batch 130: loss=0.254715
INFO:neural_network:Epoch 192, Batch 140: loss=0.237147
INFO:neural_network:Epoch 192, Batch 150: loss=0.235823
INFO:neural_network:Epoch 192, Batch 160: loss=0.290303
INFO:neural_network:Epoch 192, Batch 170: loss=0.204723
INFO:neural_network:Epoch 192, Batch 180: loss=0.270511
INFO:neural_network:Epoch 192, Batch 190: loss=0.328269
INFO:neural_network:Epoch 192, Batch 200: loss=0.144415
INFO:neural_network:Epoch 192, Batch 210: loss=0.212038
INFO:neural_network:Epoch 192, Batch 220: loss=0.200522
INFO:neural_network:Epoch 192, Batch 230: loss=0.244647
INFO:neural_network:Epoch 192, Batch 240: loss=0.251449
INFO:neural_network:Epoch 192, Batch 250: loss=0.168467
INFO:neural_network:Epoch 192, Batch 260: loss=0.267897
INFO:neural_network:Epoch 192, Batch 270: loss=0.252668
INFO:neural_network:Epoch 192, Batch 280: loss=0.247247
INFO:neural_network:Epoch 192, Batch 290: loss=0.260350
INFO:neural_network:Epoch  192/200: train_loss=0.225390 (batch_avg=0.225834), lr=0.001
INFO:neural_network:Accuracy: 0.9300 (93/100 correct)
INFO:neural_network:  -> Validation accuracy: 0.9300
INFO:neural_network:Epoch 193, Batch 0: loss=0.235843
INFO:neural_network:Epoch 193, Batch 10: loss=0.253823
INFO:neural_network:Epoch 193, Batch 20: loss=0.236314
INFO:neural_network:Epoch 193, Batch 30: loss=0.204020
INFO:neural_network:Epoch 193, Batch 40: loss=0.181505
INFO:neural_network:Epoch 193, Batch 50: loss=0.246121
INFO:neural_network:Epoch 193, Batch 60: loss=0.220981
INFO:neural_network:Epoch 193, Batch 70: loss=0.200430
INFO:neural_network:Epoch 193, Batch 80: loss=0.205866
INFO:neural_network:Epoch 193, Batch 90: loss=0.216335
INFO:neural_network:Epoch 193, Batch 100: loss=0.208441
INFO:neural_network:Epoch 193, Batch 110: loss=0.186549
INFO:neural_network:Epoch 193, Batch 120: loss=0.225611
INFO:neural_network:Epoch 193, Batch 130: loss=0.182316
INFO:neural_network:Epoch 193, Batch 140: loss=0.227332
INFO:neural_network:Epoch 193, Batch 150: loss=0.260670
INFO:neural_network:Epoch 193, Batch 160: loss=0.241815
INFO:neural_network:Epoch 193, Batch 170: loss=0.239409
INFO:neural_network:Epoch 193, Batch 180: loss=0.247727
INFO:neural_network:Epoch 193, Batch 190: loss=0.254105
INFO:neural_network:Epoch 193, Batch 200: loss=0.238885
INFO:neural_network:Epoch 193, Batch 210: loss=0.206919
INFO:neural_network:Epoch 193, Batch 220: loss=0.211198
INFO:neural_network:Epoch 193, Batch 230: loss=0.245363
INFO:neural_network:Epoch 193, Batch 240: loss=0.227434
INFO:neural_network:Epoch 193, Batch 250: loss=0.289780
INFO:neural_network:Epoch 193, Batch 260: loss=0.252389
INFO:neural_network:Epoch 193, Batch 270: loss=0.195438
INFO:neural_network:Epoch 193, Batch 280: loss=0.230357
INFO:neural_network:Epoch 193, Batch 290: loss=0.214319
INFO:neural_network:Epoch  193/200: train_loss=0.224913 (batch_avg=0.225344), lr=0.001
INFO:neural_network:Accuracy: 0.9500 (95/100 correct)
INFO:neural_network:  -> Validation accuracy: 0.9500
INFO:neural_network:Epoch 194, Batch 0: loss=0.207456
INFO:neural_network:Epoch 194, Batch 10: loss=0.183167
INFO:neural_network:Epoch 194, Batch 20: loss=0.259509
INFO:neural_network:Epoch 194, Batch 30: loss=0.204828
INFO:neural_network:Epoch 194, Batch 40: loss=0.151854
INFO:neural_network:Epoch 194, Batch 50: loss=0.174949
INFO:neural_network:Epoch 194, Batch 60: loss=0.213265
INFO:neural_network:Epoch 194, Batch 70: loss=0.195183
INFO:neural_network:Epoch 194, Batch 80: loss=0.257978
INFO:neural_network:Epoch 194, Batch 90: loss=0.217327
INFO:neural_network:Epoch 194, Batch 100: loss=0.148657
INFO:neural_network:Epoch 194, Batch 110: loss=0.233167
INFO:neural_network:Epoch 194, Batch 120: loss=0.250624
INFO:neural_network:Epoch 194, Batch 130: loss=0.225834
INFO:neural_network:Epoch 194, Batch 140: loss=0.235471
INFO:neural_network:Epoch 194, Batch 150: loss=0.203261
INFO:neural_network:Epoch 194, Batch 160: loss=0.214989
INFO:neural_network:Epoch 194, Batch 170: loss=0.276798
INFO:neural_network:Epoch 194, Batch 180: loss=0.273164
INFO:neural_network:Epoch 194, Batch 190: loss=0.204019
INFO:neural_network:Epoch 194, Batch 200: loss=0.167996
INFO:neural_network:Epoch 194, Batch 210: loss=0.235299
INFO:neural_network:Epoch 194, Batch 220: loss=0.243779
INFO:neural_network:Epoch 194, Batch 230: loss=0.289414
INFO:neural_network:Epoch 194, Batch 240: loss=0.212941
INFO:neural_network:Epoch 194, Batch 250: loss=0.279912
INFO:neural_network:Epoch 194, Batch 260: loss=0.189266
INFO:neural_network:Epoch 194, Batch 270: loss=0.246291
INFO:neural_network:Epoch 194, Batch 280: loss=0.195561
INFO:neural_network:Epoch 194, Batch 290: loss=0.224844
INFO:neural_network:Epoch  194/200: train_loss=0.224444 (batch_avg=0.224872), lr=0.001
INFO:neural_network:Accuracy: 0.9300 (93/100 correct)
INFO:neural_network:  -> Validation accuracy: 0.9300
INFO:neural_network:Epoch 195, Batch 0: loss=0.211657
INFO:neural_network:Epoch 195, Batch 10: loss=0.243222
INFO:neural_network:Epoch 195, Batch 20: loss=0.272537
INFO:neural_network:Epoch 195, Batch 30: loss=0.204502
INFO:neural_network:Epoch 195, Batch 40: loss=0.255656
INFO:neural_network:Epoch 195, Batch 50: loss=0.233500
INFO:neural_network:Epoch 195, Batch 60: loss=0.218446
INFO:neural_network:Epoch 195, Batch 70: loss=0.282656
INFO:neural_network:Epoch 195, Batch 80: loss=0.295563
INFO:neural_network:Epoch 195, Batch 90: loss=0.228704
INFO:neural_network:Epoch 195, Batch 100: loss=0.236044
INFO:neural_network:Epoch 195, Batch 110: loss=0.156142
INFO:neural_network:Epoch 195, Batch 120: loss=0.272639
INFO:neural_network:Epoch 195, Batch 130: loss=0.297831
INFO:neural_network:Epoch 195, Batch 140: loss=0.187726
INFO:neural_network:Epoch 195, Batch 150: loss=0.205812
INFO:neural_network:Epoch 195, Batch 160: loss=0.179877
INFO:neural_network:Epoch 195, Batch 170: loss=0.218423
INFO:neural_network:Epoch 195, Batch 180: loss=0.235829
INFO:neural_network:Epoch 195, Batch 190: loss=0.277361
INFO:neural_network:Epoch 195, Batch 200: loss=0.172250
INFO:neural_network:Epoch 195, Batch 210: loss=0.280946
INFO:neural_network:Epoch 195, Batch 220: loss=0.220014
INFO:neural_network:Epoch 195, Batch 230: loss=0.318331
INFO:neural_network:Epoch 195, Batch 240: loss=0.135888
INFO:neural_network:Epoch 195, Batch 250: loss=0.218603
INFO:neural_network:Epoch 195, Batch 260: loss=0.191295
INFO:neural_network:Epoch 195, Batch 270: loss=0.227360
INFO:neural_network:Epoch 195, Batch 280: loss=0.167325
INFO:neural_network:Epoch 195, Batch 290: loss=0.267023
INFO:neural_network:Epoch  195/200: train_loss=0.223988 (batch_avg=0.224403), lr=0.001
INFO:neural_network:Accuracy: 0.8800 (88/100 correct)
INFO:neural_network:  -> Validation accuracy: 0.8800
INFO:neural_network:Epoch 196, Batch 0: loss=0.184321
INFO:neural_network:Epoch 196, Batch 10: loss=0.230824
INFO:neural_network:Epoch 196, Batch 20: loss=0.286542
INFO:neural_network:Epoch 196, Batch 30: loss=0.265265
INFO:neural_network:Epoch 196, Batch 40: loss=0.207941
INFO:neural_network:Epoch 196, Batch 50: loss=0.216259
INFO:neural_network:Epoch 196, Batch 60: loss=0.231837
INFO:neural_network:Epoch 196, Batch 70: loss=0.208706
INFO:neural_network:Epoch 196, Batch 80: loss=0.281651
INFO:neural_network:Epoch 196, Batch 90: loss=0.265356
INFO:neural_network:Epoch 196, Batch 100: loss=0.268937
INFO:neural_network:Epoch 196, Batch 110: loss=0.202407
INFO:neural_network:Epoch 196, Batch 120: loss=0.201842
INFO:neural_network:Epoch 196, Batch 130: loss=0.210317
INFO:neural_network:Epoch 196, Batch 140: loss=0.257926
INFO:neural_network:Epoch 196, Batch 150: loss=0.239848
INFO:neural_network:Epoch 196, Batch 160: loss=0.181216
INFO:neural_network:Epoch 196, Batch 170: loss=0.219128
INFO:neural_network:Epoch 196, Batch 180: loss=0.253193
INFO:neural_network:Epoch 196, Batch 190: loss=0.243168
INFO:neural_network:Epoch 196, Batch 200: loss=0.242313
INFO:neural_network:Epoch 196, Batch 210: loss=0.220415
INFO:neural_network:Epoch 196, Batch 220: loss=0.269513
INFO:neural_network:Epoch 196, Batch 230: loss=0.224044
INFO:neural_network:Epoch 196, Batch 240: loss=0.274500
INFO:neural_network:Epoch 196, Batch 250: loss=0.189867
INFO:neural_network:Epoch 196, Batch 260: loss=0.212266
INFO:neural_network:Epoch 196, Batch 270: loss=0.237776
INFO:neural_network:Epoch 196, Batch 280: loss=0.196647
INFO:neural_network:Epoch 196, Batch 290: loss=0.163007
INFO:neural_network:Epoch  196/200: train_loss=0.223482 (batch_avg=0.223931), lr=0.001
INFO:neural_network:Accuracy: 0.9800 (98/100 correct)
INFO:neural_network:  -> Validation accuracy: 0.9800
INFO:neural_network:Epoch 197, Batch 0: loss=0.249491
INFO:neural_network:Epoch 197, Batch 10: loss=0.224654
INFO:neural_network:Epoch 197, Batch 20: loss=0.226436
INFO:neural_network:Epoch 197, Batch 30: loss=0.229543
INFO:neural_network:Epoch 197, Batch 40: loss=0.360076
INFO:neural_network:Epoch 197, Batch 50: loss=0.120729
INFO:neural_network:Epoch 197, Batch 60: loss=0.189810
INFO:neural_network:Epoch 197, Batch 70: loss=0.218745
INFO:neural_network:Epoch 197, Batch 80: loss=0.283860
INFO:neural_network:Epoch 197, Batch 90: loss=0.276077
INFO:neural_network:Epoch 197, Batch 100: loss=0.161790
INFO:neural_network:Epoch 197, Batch 110: loss=0.300985
INFO:neural_network:Epoch 197, Batch 120: loss=0.211423
INFO:neural_network:Epoch 197, Batch 130: loss=0.233111
INFO:neural_network:Epoch 197, Batch 140: loss=0.239627
INFO:neural_network:Epoch 197, Batch 150: loss=0.199920
INFO:neural_network:Epoch 197, Batch 160: loss=0.222283
INFO:neural_network:Epoch 197, Batch 170: loss=0.300786
INFO:neural_network:Epoch 197, Batch 180: loss=0.191116
INFO:neural_network:Epoch 197, Batch 190: loss=0.217612
INFO:neural_network:Epoch 197, Batch 200: loss=0.139411
INFO:neural_network:Epoch 197, Batch 210: loss=0.225952
INFO:neural_network:Epoch 197, Batch 220: loss=0.179463
INFO:neural_network:Epoch 197, Batch 230: loss=0.186613
INFO:neural_network:Epoch 197, Batch 240: loss=0.186604
INFO:neural_network:Epoch 197, Batch 250: loss=0.258639
INFO:neural_network:Epoch 197, Batch 260: loss=0.234287
INFO:neural_network:Epoch 197, Batch 270: loss=0.196502
INFO:neural_network:Epoch 197, Batch 280: loss=0.196799
INFO:neural_network:Epoch 197, Batch 290: loss=0.218275
INFO:neural_network:Epoch  197/200: train_loss=0.223030 (batch_avg=0.223447), lr=0.001
INFO:neural_network:Accuracy: 0.9500 (95/100 correct)
INFO:neural_network:  -> Validation accuracy: 0.9500
INFO:neural_network:Epoch 198, Batch 0: loss=0.211942
INFO:neural_network:Epoch 198, Batch 10: loss=0.202971
INFO:neural_network:Epoch 198, Batch 20: loss=0.158280
INFO:neural_network:Epoch 198, Batch 30: loss=0.126902
INFO:neural_network:Epoch 198, Batch 40: loss=0.222530
INFO:neural_network:Epoch 198, Batch 50: loss=0.253910
INFO:neural_network:Epoch 198, Batch 60: loss=0.270626
INFO:neural_network:Epoch 198, Batch 70: loss=0.303556
INFO:neural_network:Epoch 198, Batch 80: loss=0.170573
INFO:neural_network:Epoch 198, Batch 90: loss=0.219562
INFO:neural_network:Epoch 198, Batch 100: loss=0.204029
INFO:neural_network:Epoch 198, Batch 110: loss=0.216811
INFO:neural_network:Epoch 198, Batch 120: loss=0.235337
INFO:neural_network:Epoch 198, Batch 130: loss=0.292173
INFO:neural_network:Epoch 198, Batch 140: loss=0.169675
INFO:neural_network:Epoch 198, Batch 150: loss=0.224889
INFO:neural_network:Epoch 198, Batch 160: loss=0.248754
INFO:neural_network:Epoch 198, Batch 170: loss=0.207972
INFO:neural_network:Epoch 198, Batch 180: loss=0.252501
INFO:neural_network:Epoch 198, Batch 190: loss=0.157277
INFO:neural_network:Epoch 198, Batch 200: loss=0.235941
INFO:neural_network:Epoch 198, Batch 210: loss=0.137842
INFO:neural_network:Epoch 198, Batch 220: loss=0.281504
INFO:neural_network:Epoch 198, Batch 230: loss=0.283222
INFO:neural_network:Epoch 198, Batch 240: loss=0.267925
INFO:neural_network:Epoch 198, Batch 250: loss=0.328286
INFO:neural_network:Epoch 198, Batch 260: loss=0.257982
INFO:neural_network:Epoch 198, Batch 270: loss=0.163254
INFO:neural_network:Epoch 198, Batch 280: loss=0.210508
INFO:neural_network:Epoch 198, Batch 290: loss=0.200615
INFO:neural_network:Epoch  198/200: train_loss=0.222576 (batch_avg=0.222979), lr=0.001
INFO:neural_network:Accuracy: 0.9600 (96/100 correct)
INFO:neural_network:  -> Validation accuracy: 0.9600
INFO:neural_network:Epoch 199, Batch 0: loss=0.188016
INFO:neural_network:Epoch 199, Batch 10: loss=0.292883
INFO:neural_network:Epoch 199, Batch 20: loss=0.185600
INFO:neural_network:Epoch 199, Batch 30: loss=0.242376
INFO:neural_network:Epoch 199, Batch 40: loss=0.204483
INFO:neural_network:Epoch 199, Batch 50: loss=0.173599
INFO:neural_network:Epoch 199, Batch 60: loss=0.309715
INFO:neural_network:Epoch 199, Batch 70: loss=0.249350
INFO:neural_network:Epoch 199, Batch 80: loss=0.129389
INFO:neural_network:Epoch 199, Batch 90: loss=0.229466
INFO:neural_network:Epoch 199, Batch 100: loss=0.204477
INFO:neural_network:Epoch 199, Batch 110: loss=0.185669
INFO:neural_network:Epoch 199, Batch 120: loss=0.205037
INFO:neural_network:Epoch 199, Batch 130: loss=0.207602
INFO:neural_network:Epoch 199, Batch 140: loss=0.221514
INFO:neural_network:Epoch 199, Batch 150: loss=0.268839
INFO:neural_network:Epoch 199, Batch 160: loss=0.289493
INFO:neural_network:Epoch 199, Batch 170: loss=0.270407
INFO:neural_network:Epoch 199, Batch 180: loss=0.189484
INFO:neural_network:Epoch 199, Batch 190: loss=0.178165
INFO:neural_network:Epoch 199, Batch 200: loss=0.255733
INFO:neural_network:Epoch 199, Batch 210: loss=0.206920
INFO:neural_network:Epoch 199, Batch 220: loss=0.201905
INFO:neural_network:Epoch 199, Batch 230: loss=0.258039
INFO:neural_network:Epoch 199, Batch 240: loss=0.244485
INFO:neural_network:Epoch 199, Batch 250: loss=0.308281
INFO:neural_network:Epoch 199, Batch 260: loss=0.200070
INFO:neural_network:Epoch 199, Batch 270: loss=0.200817
INFO:neural_network:Epoch 199, Batch 280: loss=0.223303
INFO:neural_network:Epoch 199, Batch 290: loss=0.135907
INFO:neural_network:Epoch  199/200: train_loss=0.222096 (batch_avg=0.222523), lr=0.001
INFO:neural_network:Accuracy: 0.9700 (97/100 correct)
INFO:neural_network:  -> Validation accuracy: 0.9700
INFO:neural_network:Epoch 200, Batch 0: loss=0.146122
INFO:neural_network:Epoch 200, Batch 10: loss=0.251070
INFO:neural_network:Epoch 200, Batch 20: loss=0.209723
INFO:neural_network:Epoch 200, Batch 30: loss=0.176083
INFO:neural_network:Epoch 200, Batch 40: loss=0.290735
INFO:neural_network:Epoch 200, Batch 50: loss=0.177773
INFO:neural_network:Epoch 200, Batch 60: loss=0.167698
INFO:neural_network:Epoch 200, Batch 70: loss=0.236901
INFO:neural_network:Epoch 200, Batch 80: loss=0.286974
INFO:neural_network:Epoch 200, Batch 90: loss=0.159234
INFO:neural_network:Epoch 200, Batch 100: loss=0.324607
INFO:neural_network:Epoch 200, Batch 110: loss=0.197281
INFO:neural_network:Epoch 200, Batch 120: loss=0.171774
INFO:neural_network:Epoch 200, Batch 130: loss=0.221617
INFO:neural_network:Epoch 200, Batch 140: loss=0.200083
INFO:neural_network:Epoch 200, Batch 150: loss=0.256062
INFO:neural_network:Epoch 200, Batch 160: loss=0.300620
INFO:neural_network:Epoch 200, Batch 170: loss=0.187004
INFO:neural_network:Epoch 200, Batch 180: loss=0.224623
INFO:neural_network:Epoch 200, Batch 190: loss=0.137821
INFO:neural_network:Epoch 200, Batch 200: loss=0.288396
INFO:neural_network:Epoch 200, Batch 210: loss=0.231992
INFO:neural_network:Epoch 200, Batch 220: loss=0.158177
INFO:neural_network:Epoch 200, Batch 230: loss=0.218018
INFO:neural_network:Epoch 200, Batch 240: loss=0.189162
INFO:neural_network:Epoch 200, Batch 250: loss=0.236415
INFO:neural_network:Epoch 200, Batch 260: loss=0.133396
INFO:neural_network:Epoch 200, Batch 270: loss=0.170686
INFO:neural_network:Epoch 200, Batch 280: loss=0.196850
INFO:neural_network:Epoch 200, Batch 290: loss=0.255489
INFO:neural_network:Epoch  200/200: train_loss=0.221625 (batch_avg=0.222077), lr=0.001
INFO:neural_network:Accuracy: 0.9500 (95/100 correct)
INFO:neural_network:  -> Validation accuracy: 0.9500
INFO:neural_network:Training completed: 200/200 epochs, final loss=0.221625
INFO:neural_network:Best validation accuracy: 1.0000 at epoch 138
