INFO:neural_network:Initializing NeuralNetwork with layer_sizes=(784, 16, 10)
DEBUG:neural_network:Parameters: activation=relu, alpha=0.0001, batch_size=auto, lr=0.001, max_iter=20
DEBUG:neural_network:Selected activation: relu
DEBUG:neural_network:Layer 0->1: 784 x 16, He init, scale=0.0505, weight std=0.0503
DEBUG:neural_network:Layer 1->2: 16 x 10, He init, scale=0.3536, weight std=0.2961
DEBUG:neural_network:Initialized 2 bias vectors to zeros
DEBUG:neural_network:Initialized 2 weight matrices with He initialization
INFO:neural_network:L2 regularization enabled with alpha=0.0001
DEBUG:neural_network:Training config: batch_size=auto, lr=0.001
INFO:neural_network:NeuralNetwork initialized successfully with 12,730 parameters
DEBUG:__main__:Initialized logging
INFO:neural_network:Starting training: 60000 samples, 784 features, 10 classes
INFO:neural_network:Training configuration: batch_size=200, max_epochs=20, early_stopping_patience=25
INFO:neural_network:Validation data provided: 10000 samples
DEBUG:neural_network:Random state initialized with seed=1608637542
DEBUG:neural_network:Created 300 mini-batches of size ~200 from 60000 samples
DEBUG:neural_network:Forward pass input shape: (200, 784)
DEBUG:neural_network:Hidden layer 1: activation=relu, output range=[0.0000, 1.9412]
DEBUG:neural_network:Output layer: applied softmax, shape=(200, 10)
DEBUG:neural_network:Forward pass complete: 3 activations computed
DEBUG:neural_network:Backward pass: n_samples=200
DEBUG:neural_network:Output delta: shape=(200, 10), mean=0.000000, std=0.302049
DEBUG:neural_network:Layer 1: added L2 gradient (alpha=0.0001)
DEBUG:neural_network:Layer 1 gradients: W shape=(16, 10), ||W||=0.1740, ||b||=0.1274
DEBUG:neural_network:Propagated delta to layer 0: shape=(200, 16)
DEBUG:neural_network:Layer 0: added L2 gradient (alpha=0.0001)
DEBUG:neural_network:Layer 0 gradients: W shape=(784, 16), ||W||=1.0690, ||b||=0.1257
DEBUG:neural_network:Backward pass complete
DEBUG:neural_network:Updating weights with learning_rate=0.001
DEBUG:neural_network:Layer 0: weight norm 5.6362→5.6362, bias norm 0.0000→0.0001
DEBUG:neural_network:Layer 1: weight norm 3.7616→3.7616, bias norm 0.0000→0.0001
DEBUG:neural_network:Cross-entropy loss (unregularized): 2.347895
DEBUG:neural_network:L2 regularization term: 0.002296
DEBUG:neural_network:Total loss: 2.350191
INFO:neural_network:Epoch 1, Batch 0: loss=2.350191
DEBUG:neural_network:Forward pass input shape: (200, 784)
DEBUG:neural_network:Hidden layer 1: activation=relu, output range=[0.0000, 2.0247]
DEBUG:neural_network:Output layer: applied softmax, shape=(200, 10)
DEBUG:neural_network:Forward pass complete: 3 activations computed
DEBUG:neural_network:Backward pass: n_samples=200
DEBUG:neural_network:Output delta: shape=(200, 10), mean=0.000000, std=0.302908
DEBUG:neural_network:Layer 1: added L2 gradient (alpha=0.0001)
DEBUG:neural_network:Layer 1 gradients: W shape=(16, 10), ||W||=0.1859, ||b||=0.1375
DEBUG:neural_network:Propagated delta to layer 0: shape=(200, 16)
DEBUG:neural_network:Layer 0: added L2 gradient (alpha=0.0001)
DEBUG:neural_network:Layer 0 gradients: W shape=(784, 16), ||W||=1.1520, ||b||=0.1410
DEBUG:neural_network:Backward pass complete
DEBUG:neural_network:Updating weights with learning_rate=0.001
DEBUG:neural_network:Layer 0: weight norm 5.6362→5.6362, bias norm 0.0001→0.0003
DEBUG:neural_network:Layer 1: weight norm 3.7616→3.7616, bias norm 0.0001→0.0002
DEBUG:neural_network:Cross-entropy loss (unregularized): 2.363381
DEBUG:neural_network:L2 regularization term: 0.002296
DEBUG:neural_network:Total loss: 2.365677
DEBUG:neural_network:Forward pass input shape: (200, 784)
DEBUG:neural_network:Hidden layer 1: activation=relu, output range=[0.0000, 2.2022]
DEBUG:neural_network:Output layer: applied softmax, shape=(200, 10)
DEBUG:neural_network:Forward pass complete: 3 activations computed
DEBUG:neural_network:Backward pass: n_samples=200
DEBUG:neural_network:Output delta: shape=(200, 10), mean=-0.000000, std=0.300295
DEBUG:neural_network:Layer 1: added L2 gradient (alpha=0.0001)
DEBUG:neural_network:Layer 1 gradients: W shape=(16, 10), ||W||=0.1536, ||b||=0.1000
DEBUG:neural_network:Propagated delta to layer 0: shape=(200, 16)
DEBUG:neural_network:Layer 0: added L2 gradient (alpha=0.0001)
DEBUG:neural_network:Layer 0 gradients: W shape=(784, 16), ||W||=0.8374, ||b||=0.0818
DEBUG:neural_network:Backward pass complete
DEBUG:neural_network:Updating weights with learning_rate=0.001
DEBUG:neural_network:Layer 0: weight norm 5.6362→5.6362, bias norm 0.0003→0.0003
DEBUG:neural_network:Layer 1: weight norm 3.7616→3.7615, bias norm 0.0002→0.0003
DEBUG:neural_network:Cross-entropy loss (unregularized): 2.300557
DEBUG:neural_network:L2 regularization term: 0.002296
DEBUG:neural_network:Total loss: 2.302852
DEBUG:neural_network:Forward pass input shape: (200, 784)
DEBUG:neural_network:Hidden layer 1: activation=relu, output range=[0.0000, 1.9899]
DEBUG:neural_network:Output layer: applied softmax, shape=(200, 10)
DEBUG:neural_network:Forward pass complete: 3 activations computed
DEBUG:neural_network:Backward pass: n_samples=200
DEBUG:neural_network:Output delta: shape=(200, 10), mean=-0.000000, std=0.301965
DEBUG:neural_network:Layer 1: added L2 gradient (alpha=0.0001)
DEBUG:neural_network:Layer 1 gradients: W shape=(16, 10), ||W||=0.1991, ||b||=0.1350
DEBUG:neural_network:Propagated delta to layer 0: shape=(200, 16)
DEBUG:neural_network:Layer 0: added L2 gradient (alpha=0.0001)
DEBUG:neural_network:Layer 0 gradients: W shape=(784, 16), ||W||=1.2287, ||b||=0.1593
DEBUG:neural_network:Backward pass complete
DEBUG:neural_network:Updating weights with learning_rate=0.001
DEBUG:neural_network:Layer 0: weight norm 5.6362→5.6362, bias norm 0.0003→0.0005
DEBUG:neural_network:Layer 1: weight norm 3.7615→3.7615, bias norm 0.0003→0.0004
DEBUG:neural_network:Cross-entropy loss (unregularized): 2.332568
DEBUG:neural_network:L2 regularization term: 0.002296
DEBUG:neural_network:Total loss: 2.334864
DEBUG:neural_network:Forward pass input shape: (200, 784)
DEBUG:neural_network:Hidden layer 1: activation=relu, output range=[0.0000, 1.9309]
DEBUG:neural_network:Output layer: applied softmax, shape=(200, 10)
DEBUG:neural_network:Forward pass complete: 3 activations computed
DEBUG:neural_network:Backward pass: n_samples=200
DEBUG:neural_network:Output delta: shape=(200, 10), mean=-0.000000, std=0.301566
DEBUG:neural_network:Layer 1: added L2 gradient (alpha=0.0001)
DEBUG:neural_network:Layer 1 gradients: W shape=(16, 10), ||W||=0.2000, ||b||=0.1154
DEBUG:neural_network:Propagated delta to layer 0: shape=(200, 16)
DEBUG:neural_network:Layer 0: added L2 gradient (alpha=0.0001)
DEBUG:neural_network:Layer 0 gradients: W shape=(784, 16), ||W||=0.9922, ||b||=0.0991
DEBUG:neural_network:Backward pass complete
DEBUG:neural_network:Updating weights with learning_rate=0.001
DEBUG:neural_network:Layer 0: weight norm 5.6362→5.6361, bias norm 0.0005→0.0005
DEBUG:neural_network:Layer 1: weight norm 3.7615→3.7615, bias norm 0.0004→0.0005
DEBUG:neural_network:Cross-entropy loss (unregularized): 2.332544
DEBUG:neural_network:L2 regularization term: 0.002296
DEBUG:neural_network:Total loss: 2.334840
DEBUG:neural_network:Forward pass input shape: (200, 784)
DEBUG:neural_network:Hidden layer 1: activation=relu, output range=[0.0000, 1.6744]
DEBUG:neural_network:Output layer: applied softmax, shape=(200, 10)
DEBUG:neural_network:Forward pass complete: 3 activations computed
DEBUG:neural_network:Backward pass: n_samples=200
DEBUG:neural_network:Output delta: shape=(200, 10), mean=0.000000, std=0.302249
DEBUG:neural_network:Layer 1: added L2 gradient (alpha=0.0001)
DEBUG:neural_network:Layer 1 gradients: W shape=(16, 10), ||W||=0.1782, ||b||=0.0997
DEBUG:neural_network:Propagated delta to layer 0: shape=(200, 16)
DEBUG:neural_network:Layer 0: added L2 gradient (alpha=0.0001)
DEBUG:neural_network:Layer 0 gradients: W shape=(784, 16), ||W||=1.1349, ||b||=0.1353
DEBUG:neural_network:Backward pass complete
DEBUG:neural_network:Updating weights with learning_rate=0.001
DEBUG:neural_network:Layer 0: weight norm 5.6361→5.6361, bias norm 0.0005→0.0007
DEBUG:neural_network:Layer 1: weight norm 3.7615→3.7615, bias norm 0.0005→0.0006
DEBUG:neural_network:Cross-entropy loss (unregularized): 2.339062
DEBUG:neural_network:L2 regularization term: 0.002296
DEBUG:neural_network:Total loss: 2.341358
DEBUG:neural_network:Forward pass input shape: (200, 784)
DEBUG:neural_network:Hidden layer 1: activation=relu, output range=[0.0000, 2.6589]
DEBUG:neural_network:Output layer: applied softmax, shape=(200, 10)
DEBUG:neural_network:Forward pass complete: 3 activations computed
DEBUG:neural_network:Backward pass: n_samples=200
DEBUG:neural_network:Output delta: shape=(200, 10), mean=-0.000000, std=0.303035
DEBUG:neural_network:Layer 1: added L2 gradient (alpha=0.0001)
DEBUG:neural_network:Layer 1 gradients: W shape=(16, 10), ||W||=0.1765, ||b||=0.1023
DEBUG:neural_network:Propagated delta to layer 0: shape=(200, 16)
DEBUG:neural_network:Layer 0: added L2 gradient (alpha=0.0001)
DEBUG:neural_network:Layer 0 gradients: W shape=(784, 16), ||W||=1.0374, ||b||=0.0998
DEBUG:neural_network:Backward pass complete
DEBUG:neural_network:Updating weights with learning_rate=0.001
DEBUG:neural_network:Layer 0: weight norm 5.6361→5.6361, bias norm 0.0007→0.0008
DEBUG:neural_network:Layer 1: weight norm 3.7615→3.7614, bias norm 0.0006→0.0007
DEBUG:neural_network:Cross-entropy loss (unregularized): 2.382011
DEBUG:neural_network:L2 regularization term: 0.002296
DEBUG:neural_network:Total loss: 2.384306
DEBUG:neural_network:Forward pass input shape: (200, 784)
DEBUG:neural_network:Hidden layer 1: activation=relu, output range=[0.0000, 1.9734]
DEBUG:neural_network:Output layer: applied softmax, shape=(200, 10)
DEBUG:neural_network:Forward pass complete: 3 activations computed
DEBUG:neural_network:Backward pass: n_samples=200
DEBUG:neural_network:Output delta: shape=(200, 10), mean=0.000000, std=0.300352
DEBUG:neural_network:Layer 1: added L2 gradient (alpha=0.0001)
DEBUG:neural_network:Layer 1 gradients: W shape=(16, 10), ||W||=0.1754, ||b||=0.1018
DEBUG:neural_network:Propagated delta to layer 0: shape=(200, 16)
DEBUG:neural_network:Layer 0: added L2 gradient (alpha=0.0001)
DEBUG:neural_network:Layer 0 gradients: W shape=(784, 16), ||W||=1.0759, ||b||=0.1107
DEBUG:neural_network:Backward pass complete
DEBUG:neural_network:Updating weights with learning_rate=0.001
DEBUG:neural_network:Layer 0: weight norm 5.6361→5.6361, bias norm 0.0008→0.0009
DEBUG:neural_network:Layer 1: weight norm 3.7614→3.7614, bias norm 0.0007→0.0007
DEBUG:neural_network:Cross-entropy loss (unregularized): 2.306448
DEBUG:neural_network:L2 regularization term: 0.002296
DEBUG:neural_network:Total loss: 2.308744
DEBUG:neural_network:Forward pass input shape: (200, 784)
DEBUG:neural_network:Hidden layer 1: activation=relu, output range=[0.0000, 1.9675]
DEBUG:neural_network:Output layer: applied softmax, shape=(200, 10)
DEBUG:neural_network:Forward pass complete: 3 activations computed
DEBUG:neural_network:Backward pass: n_samples=200
DEBUG:neural_network:Output delta: shape=(200, 10), mean=0.000000, std=0.303155
DEBUG:neural_network:Layer 1: added L2 gradient (alpha=0.0001)
DEBUG:neural_network:Layer 1 gradients: W shape=(16, 10), ||W||=0.2049, ||b||=0.1255
DEBUG:neural_network:Propagated delta to layer 0: shape=(200, 16)
DEBUG:neural_network:Layer 0: added L2 gradient (alpha=0.0001)
DEBUG:neural_network:Layer 0 gradients: W shape=(784, 16), ||W||=1.0470, ||b||=0.1206
DEBUG:neural_network:Backward pass complete
DEBUG:neural_network:Updating weights with learning_rate=0.001
DEBUG:neural_network:Layer 0: weight norm 5.6361→5.6360, bias norm 0.0009→0.0009
DEBUG:neural_network:Layer 1: weight norm 3.7614→3.7614, bias norm 0.0007→0.0008
DEBUG:neural_network:Cross-entropy loss (unregularized): 2.369989
DEBUG:neural_network:L2 regularization term: 0.002296
DEBUG:neural_network:Total loss: 2.372284
DEBUG:neural_network:Forward pass input shape: (200, 784)
DEBUG:neural_network:Hidden layer 1: activation=relu, output range=[0.0000, 1.8970]
DEBUG:neural_network:Output layer: applied softmax, shape=(200, 10)
DEBUG:neural_network:Forward pass complete: 3 activations computed
DEBUG:neural_network:Backward pass: n_samples=200
DEBUG:neural_network:Output delta: shape=(200, 10), mean=-0.000000, std=0.303608
DEBUG:neural_network:Layer 1: added L2 gradient (alpha=0.0001)
DEBUG:neural_network:Layer 1 gradients: W shape=(16, 10), ||W||=0.1807, ||b||=0.1004
DEBUG:neural_network:Propagated delta to layer 0: shape=(200, 16)
DEBUG:neural_network:Layer 0: added L2 gradient (alpha=0.0001)
DEBUG:neural_network:Layer 0 gradients: W shape=(784, 16), ||W||=1.1500, ||b||=0.1312
DEBUG:neural_network:Backward pass complete
DEBUG:neural_network:Updating weights with learning_rate=0.001
DEBUG:neural_network:Layer 0: weight norm 5.6360→5.6360, bias norm 0.0009→0.0011
DEBUG:neural_network:Layer 1: weight norm 3.7614→3.7613, bias norm 0.0008→0.0009
DEBUG:neural_network:Cross-entropy loss (unregularized): 2.388458
DEBUG:neural_network:L2 regularization term: 0.002296
DEBUG:neural_network:Total loss: 2.390753
DEBUG:neural_network:Forward pass input shape: (200, 784)
DEBUG:neural_network:Hidden layer 1: activation=relu, output range=[0.0000, 1.7516]
DEBUG:neural_network:Output layer: applied softmax, shape=(200, 10)
DEBUG:neural_network:Forward pass complete: 3 activations computed
DEBUG:neural_network:Backward pass: n_samples=200
DEBUG:neural_network:Output delta: shape=(200, 10), mean=0.000000, std=0.303835
DEBUG:neural_network:Layer 1: added L2 gradient (alpha=0.0001)
DEBUG:neural_network:Layer 1 gradients: W shape=(16, 10), ||W||=0.2210, ||b||=0.1395
DEBUG:neural_network:Propagated delta to layer 0: shape=(200, 16)
DEBUG:neural_network:Layer 0: added L2 gradient (alpha=0.0001)
DEBUG:neural_network:Layer 0 gradients: W shape=(784, 16), ||W||=1.1022, ||b||=0.1224
DEBUG:neural_network:Backward pass complete
DEBUG:neural_network:Updating weights with learning_rate=0.001
DEBUG:neural_network:Layer 0: weight norm 5.6360→5.6360, bias norm 0.0011→0.0012
DEBUG:neural_network:Layer 1: weight norm 3.7613→3.7613, bias norm 0.0009→0.0010
DEBUG:neural_network:Cross-entropy loss (unregularized): 2.387259
DEBUG:neural_network:L2 regularization term: 0.002296
DEBUG:neural_network:Total loss: 2.389555
INFO:neural_network:Epoch 1, Batch 10: loss=2.389555
DEBUG:neural_network:Forward pass input shape: (200, 784)
DEBUG:neural_network:Hidden layer 1: activation=relu, output range=[0.0000, 2.0346]
DEBUG:neural_network:Output layer: applied softmax, shape=(200, 10)
DEBUG:neural_network:Forward pass complete: 3 activations computed
DEBUG:neural_network:Backward pass: n_samples=200
DEBUG:neural_network:Output delta: shape=(200, 10), mean=-0.000000, std=0.301907
DEBUG:neural_network:Layer 1: added L2 gradient (alpha=0.0001)
DEBUG:neural_network:Layer 1 gradients: W shape=(16, 10), ||W||=0.1758, ||b||=0.1307
DEBUG:neural_network:Propagated delta to layer 0: shape=(200, 16)
DEBUG:neural_network:Layer 0: added L2 gradient (alpha=0.0001)
DEBUG:neural_network:Layer 0 gradients: W shape=(784, 16), ||W||=1.1522, ||b||=0.1323
DEBUG:neural_network:Backward pass complete
DEBUG:neural_network:Updating weights with learning_rate=0.001
DEBUG:neural_network:Layer 0: weight norm 5.6360→5.6360, bias norm 0.0012→0.0013
DEBUG:neural_network:Layer 1: weight norm 3.7613→3.7612, bias norm 0.0010→0.0011
DEBUG:neural_network:Cross-entropy loss (unregularized): 2.337521
DEBUG:neural_network:L2 regularization term: 0.002296
DEBUG:neural_network:Total loss: 2.339817
DEBUG:neural_network:Forward pass input shape: (200, 784)
DEBUG:neural_network:Hidden layer 1: activation=relu, output range=[0.0000, 1.9656]
DEBUG:neural_network:Output layer: applied softmax, shape=(200, 10)
DEBUG:neural_network:Forward pass complete: 3 activations computed
DEBUG:neural_network:Backward pass: n_samples=200
DEBUG:neural_network:Output delta: shape=(200, 10), mean=0.000000, std=0.303497
DEBUG:neural_network:Layer 1: added L2 gradient (alpha=0.0001)
DEBUG:neural_network:Layer 1 gradients: W shape=(16, 10), ||W||=0.2042, ||b||=0.1199
DEBUG:neural_network:Propagated delta to layer 0: shape=(200, 16)
DEBUG:neural_network:Layer 0: added L2 gradient (alpha=0.0001)
DEBUG:neural_network:Layer 0 gradients: W shape=(784, 16), ||W||=1.1370, ||b||=0.1351
DEBUG:neural_network:Backward pass complete
DEBUG:neural_network:Updating weights with learning_rate=0.001
DEBUG:neural_network:Layer 0: weight norm 5.6360→5.6359, bias norm 0.0013→0.0014
DEBUG:neural_network:Layer 1: weight norm 3.7612→3.7612, bias norm 0.0011→0.0012
DEBUG:neural_network:Cross-entropy loss (unregularized): 2.392918
DEBUG:neural_network:L2 regularization term: 0.002296
DEBUG:neural_network:Total loss: 2.395214
DEBUG:neural_network:Forward pass input shape: (200, 784)
DEBUG:neural_network:Hidden layer 1: activation=relu, output range=[0.0000, 2.1613]
DEBUG:neural_network:Output layer: applied softmax, shape=(200, 10)
DEBUG:neural_network:Forward pass complete: 3 activations computed
DEBUG:neural_network:Backward pass: n_samples=200
DEBUG:neural_network:Output delta: shape=(200, 10), mean=0.000000, std=0.302317
DEBUG:neural_network:Layer 1: added L2 gradient (alpha=0.0001)
DEBUG:neural_network:Layer 1 gradients: W shape=(16, 10), ||W||=0.1926, ||b||=0.1247
DEBUG:neural_network:Propagated delta to layer 0: shape=(200, 16)
DEBUG:neural_network:Layer 0: added L2 gradient (alpha=0.0001)
DEBUG:neural_network:Layer 0 gradients: W shape=(784, 16), ||W||=1.0770, ||b||=0.1250
DEBUG:neural_network:Backward pass complete
DEBUG:neural_network:Updating weights with learning_rate=0.001
DEBUG:neural_network:Layer 0: weight norm 5.6359→5.6359, bias norm 0.0014→0.0015
DEBUG:neural_network:Layer 1: weight norm 3.7612→3.7612, bias norm 0.0012→0.0014
DEBUG:neural_network:Cross-entropy loss (unregularized): 2.346971
DEBUG:neural_network:L2 regularization term: 0.002296
DEBUG:neural_network:Total loss: 2.349266
DEBUG:neural_network:Forward pass input shape: (200, 784)
DEBUG:neural_network:Hidden layer 1: activation=relu, output range=[0.0000, 1.9822]
DEBUG:neural_network:Output layer: applied softmax, shape=(200, 10)
DEBUG:neural_network:Forward pass complete: 3 activations computed
DEBUG:neural_network:Backward pass: n_samples=200
DEBUG:neural_network:Output delta: shape=(200, 10), mean=-0.000000, std=0.302557
DEBUG:neural_network:Layer 1: added L2 gradient (alpha=0.0001)
DEBUG:neural_network:Layer 1 gradients: W shape=(16, 10), ||W||=0.2237, ||b||=0.1430
DEBUG:neural_network:Propagated delta to layer 0: shape=(200, 16)
DEBUG:neural_network:Layer 0: added L2 gradient (alpha=0.0001)
DEBUG:neural_network:Layer 0 gradients: W shape=(784, 16), ||W||=1.2213, ||b||=0.1494
DEBUG:neural_network:Backward pass complete
DEBUG:neural_network:Updating weights with learning_rate=0.001
DEBUG:neural_network:Layer 0: weight norm 5.6359→5.6359, bias norm 0.0015→0.0017
DEBUG:neural_network:Layer 1: weight norm 3.7612→3.7611, bias norm 0.0014→0.0015
DEBUG:neural_network:Cross-entropy loss (unregularized): 2.347333
DEBUG:neural_network:L2 regularization term: 0.002295
DEBUG:neural_network:Total loss: 2.349629
DEBUG:neural_network:Forward pass input shape: (200, 784)
DEBUG:neural_network:Hidden layer 1: activation=relu, output range=[0.0000, 2.1183]
DEBUG:neural_network:Output layer: applied softmax, shape=(200, 10)
DEBUG:neural_network:Forward pass complete: 3 activations computed
DEBUG:neural_network:Backward pass: n_samples=200
DEBUG:neural_network:Output delta: shape=(200, 10), mean=0.000000, std=0.303462
DEBUG:neural_network:Layer 1: added L2 gradient (alpha=0.0001)
DEBUG:neural_network:Layer 1 gradients: W shape=(16, 10), ||W||=0.1876, ||b||=0.1207
DEBUG:neural_network:Propagated delta to layer 0: shape=(200, 16)
DEBUG:neural_network:Layer 0: added L2 gradient (alpha=0.0001)
DEBUG:neural_network:Layer 0 gradients: W shape=(784, 16), ||W||=1.1164, ||b||=0.1414
DEBUG:neural_network:Backward pass complete
DEBUG:neural_network:Updating weights with learning_rate=0.001
DEBUG:neural_network:Layer 0: weight norm 5.6359→5.6359, bias norm 0.0017→0.0018
DEBUG:neural_network:Layer 1: weight norm 3.7611→3.7611, bias norm 0.0015→0.0016
DEBUG:neural_network:Cross-entropy loss (unregularized): 2.385747
DEBUG:neural_network:L2 regularization term: 0.002295
DEBUG:neural_network:Total loss: 2.388042
DEBUG:neural_network:Forward pass input shape: (200, 784)
DEBUG:neural_network:Hidden layer 1: activation=relu, output range=[0.0000, 1.9515]
DEBUG:neural_network:Output layer: applied softmax, shape=(200, 10)
DEBUG:neural_network:Forward pass complete: 3 activations computed
DEBUG:neural_network:Backward pass: n_samples=200
DEBUG:neural_network:Output delta: shape=(200, 10), mean=0.000000, std=0.302340
DEBUG:neural_network:Layer 1: added L2 gradient (alpha=0.0001)
DEBUG:neural_network:Layer 1 gradients: W shape=(16, 10), ||W||=0.2022, ||b||=0.1298
DEBUG:neural_network:Propagated delta to layer 0: shape=(200, 16)
DEBUG:neural_network:Layer 0: added L2 gradient (alpha=0.0001)
DEBUG:neural_network:Layer 0 gradients: W shape=(784, 16), ||W||=0.9509, ||b||=0.1040
DEBUG:neural_network:Backward pass complete
DEBUG:neural_network:Updating weights with learning_rate=0.001
DEBUG:neural_network:Layer 0: weight norm 5.6359→5.6359, bias norm 0.0018→0.0019
DEBUG:neural_network:Layer 1: weight norm 3.7611→3.7611, bias norm 0.0016→0.0017
DEBUG:neural_network:Cross-entropy loss (unregularized): 2.348439
DEBUG:neural_network:L2 regularization term: 0.002295
DEBUG:neural_network:Total loss: 2.350735
DEBUG:neural_network:Forward pass input shape: (200, 784)
DEBUG:neural_network:Hidden layer 1: activation=relu, output range=[0.0000, 1.9723]
DEBUG:neural_network:Output layer: applied softmax, shape=(200, 10)
DEBUG:neural_network:Forward pass complete: 3 activations computed
DEBUG:neural_network:Backward pass: n_samples=200
DEBUG:neural_network:Output delta: shape=(200, 10), mean=-0.000000, std=0.300621
DEBUG:neural_network:Layer 1: added L2 gradient (alpha=0.0001)
DEBUG:neural_network:Layer 1 gradients: W shape=(16, 10), ||W||=0.1673, ||b||=0.0956
DEBUG:neural_network:Propagated delta to layer 0: shape=(200, 16)
DEBUG:neural_network:Layer 0: added L2 gradient (alpha=0.0001)
DEBUG:neural_network:Layer 0 gradients: W shape=(784, 16), ||W||=0.9502, ||b||=0.0928
DEBUG:neural_network:Backward pass complete
DEBUG:neural_network:Updating weights with learning_rate=0.001
DEBUG:neural_network:Layer 0: weight norm 5.6359→5.6358, bias norm 0.0019→0.0020
DEBUG:neural_network:Layer 1: weight norm 3.7611→3.7610, bias norm 0.0017→0.0018
DEBUG:neural_network:Cross-entropy loss (unregularized): 2.305498
DEBUG:neural_network:L2 regularization term: 0.002295
DEBUG:neural_network:Total loss: 2.307794
DEBUG:neural_network:Forward pass input shape: (200, 784)
DEBUG:neural_network:Hidden layer 1: activation=relu, output range=[0.0000, 2.1056]
DEBUG:neural_network:Output layer: applied softmax, shape=(200, 10)
DEBUG:neural_network:Forward pass complete: 3 activations computed
DEBUG:neural_network:Backward pass: n_samples=200
DEBUG:neural_network:Output delta: shape=(200, 10), mean=0.000000, std=0.299997
DEBUG:neural_network:Layer 1: added L2 gradient (alpha=0.0001)
DEBUG:neural_network:Layer 1 gradients: W shape=(16, 10), ||W||=0.1595, ||b||=0.0622
DEBUG:neural_network:Propagated delta to layer 0: shape=(200, 16)
DEBUG:neural_network:Layer 0: added L2 gradient (alpha=0.0001)
DEBUG:neural_network:Layer 0 gradients: W shape=(784, 16), ||W||=0.9536, ||b||=0.0813
DEBUG:neural_network:Backward pass complete
DEBUG:neural_network:Updating weights with learning_rate=0.001
DEBUG:neural_network:Layer 0: weight norm 5.6358→5.6358, bias norm 0.0020→0.0021
DEBUG:neural_network:Layer 1: weight norm 3.7610→3.7610, bias norm 0.0018→0.0018
DEBUG:neural_network:Cross-entropy loss (unregularized): 2.277893
DEBUG:neural_network:L2 regularization term: 0.002295
DEBUG:neural_network:Total loss: 2.280188
DEBUG:neural_network:Forward pass input shape: (200, 784)
DEBUG:neural_network:Hidden layer 1: activation=relu, output range=[0.0000, 1.7771]
DEBUG:neural_network:Output layer: applied softmax, shape=(200, 10)
DEBUG:neural_network:Forward pass complete: 3 activations computed
DEBUG:neural_network:Backward pass: n_samples=200
DEBUG:neural_network:Output delta: shape=(200, 10), mean=-0.000000, std=0.300772
DEBUG:neural_network:Layer 1: added L2 gradient (alpha=0.0001)
DEBUG:neural_network:Layer 1 gradients: W shape=(16, 10), ||W||=0.1820, ||b||=0.1287
DEBUG:neural_network:Propagated delta to layer 0: shape=(200, 16)
DEBUG:neural_network:Layer 0: added L2 gradient (alpha=0.0001)
DEBUG:neural_network:Layer 0 gradients: W shape=(784, 16), ||W||=1.0084, ||b||=0.1004
DEBUG:neural_network:Backward pass complete
DEBUG:neural_network:Updating weights with learning_rate=0.001
DEBUG:neural_network:Layer 0: weight norm 5.6358→5.6358, bias norm 0.0021→0.0022
DEBUG:neural_network:Layer 1: weight norm 3.7610→3.7610, bias norm 0.0018→0.0019
DEBUG:neural_network:Cross-entropy loss (unregularized): 2.306981
DEBUG:neural_network:L2 regularization term: 0.002295
DEBUG:neural_network:Total loss: 2.309276
DEBUG:neural_network:Forward pass input shape: (200, 784)
DEBUG:neural_network:Hidden layer 1: activation=relu, output range=[0.0000, 1.7389]
DEBUG:neural_network:Output layer: applied softmax, shape=(200, 10)
DEBUG:neural_network:Forward pass complete: 3 activations computed
DEBUG:neural_network:Backward pass: n_samples=200
DEBUG:neural_network:Output delta: shape=(200, 10), mean=-0.000000, std=0.301350
DEBUG:neural_network:Layer 1: added L2 gradient (alpha=0.0001)
DEBUG:neural_network:Layer 1 gradients: W shape=(16, 10), ||W||=0.1839, ||b||=0.1420
DEBUG:neural_network:Propagated delta to layer 0: shape=(200, 16)
DEBUG:neural_network:Layer 0: added L2 gradient (alpha=0.0001)
DEBUG:neural_network:Layer 0 gradients: W shape=(784, 16), ||W||=1.2018, ||b||=0.1574
DEBUG:neural_network:Backward pass complete
DEBUG:neural_network:Updating weights with learning_rate=0.001
DEBUG:neural_network:Layer 0: weight norm 5.6358→5.6358, bias norm 0.0022→0.0023
DEBUG:neural_network:Layer 1: weight norm 3.7610→3.7610, bias norm 0.0019→0.0020
DEBUG:neural_network:Cross-entropy loss (unregularized): 2.323651
DEBUG:neural_network:L2 regularization term: 0.002295
DEBUG:neural_network:Total loss: 2.325947
INFO:neural_network:Epoch 1, Batch 20: loss=2.325947
DEBUG:neural_network:Forward pass input shape: (200, 784)
DEBUG:neural_network:Hidden layer 1: activation=relu, output range=[0.0000, 1.9644]
DEBUG:neural_network:Output layer: applied softmax, shape=(200, 10)
DEBUG:neural_network:Forward pass complete: 3 activations computed
DEBUG:neural_network:Backward pass: n_samples=200
DEBUG:neural_network:Output delta: shape=(200, 10), mean=0.000000, std=0.302471
DEBUG:neural_network:Layer 1: added L2 gradient (alpha=0.0001)
DEBUG:neural_network:Layer 1 gradients: W shape=(16, 10), ||W||=0.1904, ||b||=0.1125
DEBUG:neural_network:Propagated delta to layer 0: shape=(200, 16)
DEBUG:neural_network:Layer 0: added L2 gradient (alpha=0.0001)
DEBUG:neural_network:Layer 0 gradients: W shape=(784, 16), ||W||=1.1045, ||b||=0.1276
DEBUG:neural_network:Backward pass complete
DEBUG:neural_network:Updating weights with learning_rate=0.001
DEBUG:neural_network:Layer 0: weight norm 5.6358→5.6358, bias norm 0.0023→0.0024
DEBUG:neural_network:Layer 1: weight norm 3.7610→3.7610, bias norm 0.0020→0.0021
DEBUG:neural_network:Cross-entropy loss (unregularized): 2.350237
DEBUG:neural_network:L2 regularization term: 0.002295
DEBUG:neural_network:Total loss: 2.352533
DEBUG:neural_network:Forward pass input shape: (200, 784)
DEBUG:neural_network:Hidden layer 1: activation=relu, output range=[0.0000, 2.2174]
DEBUG:neural_network:Output layer: applied softmax, shape=(200, 10)
DEBUG:neural_network:Forward pass complete: 3 activations computed
DEBUG:neural_network:Backward pass: n_samples=200
DEBUG:neural_network:Output delta: shape=(200, 10), mean=-0.000000, std=0.301906
DEBUG:neural_network:Layer 1: added L2 gradient (alpha=0.0001)
DEBUG:neural_network:Layer 1 gradients: W shape=(16, 10), ||W||=0.1936, ||b||=0.1164
DEBUG:neural_network:Propagated delta to layer 0: shape=(200, 16)
DEBUG:neural_network:Layer 0: added L2 gradient (alpha=0.0001)
DEBUG:neural_network:Layer 0 gradients: W shape=(784, 16), ||W||=1.1200, ||b||=0.1140
DEBUG:neural_network:Backward pass complete
DEBUG:neural_network:Updating weights with learning_rate=0.001
DEBUG:neural_network:Layer 0: weight norm 5.6358→5.6358, bias norm 0.0024→0.0025
DEBUG:neural_network:Layer 1: weight norm 3.7610→3.7609, bias norm 0.0021→0.0022
DEBUG:neural_network:Cross-entropy loss (unregularized): 2.340381
DEBUG:neural_network:L2 regularization term: 0.002295
DEBUG:neural_network:Total loss: 2.342676
DEBUG:neural_network:Forward pass input shape: (200, 784)
DEBUG:neural_network:Hidden layer 1: activation=relu, output range=[0.0000, 2.4564]
DEBUG:neural_network:Output layer: applied softmax, shape=(200, 10)
DEBUG:neural_network:Forward pass complete: 3 activations computed
DEBUG:neural_network:Backward pass: n_samples=200
DEBUG:neural_network:Output delta: shape=(200, 10), mean=-0.000000, std=0.302438
DEBUG:neural_network:Layer 1: added L2 gradient (alpha=0.0001)
DEBUG:neural_network:Layer 1 gradients: W shape=(16, 10), ||W||=0.1911, ||b||=0.1258
DEBUG:neural_network:Propagated delta to layer 0: shape=(200, 16)
DEBUG:neural_network:Layer 0: added L2 gradient (alpha=0.0001)
DEBUG:neural_network:Layer 0 gradients: W shape=(784, 16), ||W||=1.1401, ||b||=0.1388
DEBUG:neural_network:Backward pass complete
DEBUG:neural_network:Updating weights with learning_rate=0.001
DEBUG:neural_network:Layer 0: weight norm 5.6358→5.6357, bias norm 0.0025→0.0027
DEBUG:neural_network:Layer 1: weight norm 3.7609→3.7609, bias norm 0.0022→0.0023
DEBUG:neural_network:Cross-entropy loss (unregularized): 2.354593
DEBUG:neural_network:L2 regularization term: 0.002295
DEBUG:neural_network:Total loss: 2.356888
DEBUG:neural_network:Forward pass input shape: (200, 784)
DEBUG:neural_network:Hidden layer 1: activation=relu, output range=[0.0000, 2.0211]
DEBUG:neural_network:Output layer: applied softmax, shape=(200, 10)
DEBUG:neural_network:Forward pass complete: 3 activations computed
DEBUG:neural_network:Backward pass: n_samples=200
DEBUG:neural_network:Output delta: shape=(200, 10), mean=-0.000000, std=0.301903
DEBUG:neural_network:Layer 1: added L2 gradient (alpha=0.0001)
DEBUG:neural_network:Layer 1 gradients: W shape=(16, 10), ||W||=0.1877, ||b||=0.1291
DEBUG:neural_network:Propagated delta to layer 0: shape=(200, 16)
DEBUG:neural_network:Layer 0: added L2 gradient (alpha=0.0001)
DEBUG:neural_network:Layer 0 gradients: W shape=(784, 16), ||W||=1.0347, ||b||=0.1251
DEBUG:neural_network:Backward pass complete
DEBUG:neural_network:Updating weights with learning_rate=0.001
DEBUG:neural_network:Layer 0: weight norm 5.6357→5.6357, bias norm 0.0027→0.0028
DEBUG:neural_network:Layer 1: weight norm 3.7609→3.7609, bias norm 0.0023→0.0024
DEBUG:neural_network:Cross-entropy loss (unregularized): 2.336249
DEBUG:neural_network:L2 regularization term: 0.002295
DEBUG:neural_network:Total loss: 2.338545
DEBUG:neural_network:Forward pass input shape: (200, 784)
DEBUG:neural_network:Hidden layer 1: activation=relu, output range=[0.0000, 1.8554]
DEBUG:neural_network:Output layer: applied softmax, shape=(200, 10)
DEBUG:neural_network:Forward pass complete: 3 activations computed
DEBUG:neural_network:Backward pass: n_samples=200
DEBUG:neural_network:Output delta: shape=(200, 10), mean=0.000000, std=0.301557
DEBUG:neural_network:Layer 1: added L2 gradient (alpha=0.0001)
DEBUG:neural_network:Layer 1 gradients: W shape=(16, 10), ||W||=0.1514, ||b||=0.0647
DEBUG:neural_network:Propagated delta to layer 0: shape=(200, 16)
DEBUG:neural_network:Layer 0: added L2 gradient (alpha=0.0001)
DEBUG:neural_network:Layer 0 gradients: W shape=(784, 16), ||W||=1.0050, ||b||=0.0988
DEBUG:neural_network:Backward pass complete
DEBUG:neural_network:Updating weights with learning_rate=0.001
DEBUG:neural_network:Layer 0: weight norm 5.6357→5.6357, bias norm 0.0028→0.0029
DEBUG:neural_network:Layer 1: weight norm 3.7609→3.7608, bias norm 0.0024→0.0025
DEBUG:neural_network:Cross-entropy loss (unregularized): 2.334227
DEBUG:neural_network:L2 regularization term: 0.002295
DEBUG:neural_network:Total loss: 2.336522
DEBUG:neural_network:Forward pass input shape: (200, 784)
DEBUG:neural_network:Hidden layer 1: activation=relu, output range=[0.0000, 2.2565]
DEBUG:neural_network:Output layer: applied softmax, shape=(200, 10)
DEBUG:neural_network:Forward pass complete: 3 activations computed
DEBUG:neural_network:Backward pass: n_samples=200
DEBUG:neural_network:Output delta: shape=(200, 10), mean=0.000000, std=0.302090
DEBUG:neural_network:Layer 1: added L2 gradient (alpha=0.0001)
DEBUG:neural_network:Layer 1 gradients: W shape=(16, 10), ||W||=0.1764, ||b||=0.0963
DEBUG:neural_network:Propagated delta to layer 0: shape=(200, 16)
DEBUG:neural_network:Layer 0: added L2 gradient (alpha=0.0001)
DEBUG:neural_network:Layer 0 gradients: W shape=(784, 16), ||W||=1.0237, ||b||=0.0917
DEBUG:neural_network:Backward pass complete
DEBUG:neural_network:Updating weights with learning_rate=0.001
DEBUG:neural_network:Layer 0: weight norm 5.6357→5.6357, bias norm 0.0029→0.0030
DEBUG:neural_network:Layer 1: weight norm 3.7608→3.7608, bias norm 0.0025→0.0026
DEBUG:neural_network:Cross-entropy loss (unregularized): 2.353377
DEBUG:neural_network:L2 regularization term: 0.002295
DEBUG:neural_network:Total loss: 2.355672
DEBUG:neural_network:Forward pass input shape: (200, 784)
DEBUG:neural_network:Hidden layer 1: activation=relu, output range=[0.0000, 1.9268]
DEBUG:neural_network:Output layer: applied softmax, shape=(200, 10)
DEBUG:neural_network:Forward pass complete: 3 activations computed
DEBUG:neural_network:Backward pass: n_samples=200
DEBUG:neural_network:Output delta: shape=(200, 10), mean=0.000000, std=0.299395
DEBUG:neural_network:Layer 1: added L2 gradient (alpha=0.0001)
DEBUG:neural_network:Layer 1 gradients: W shape=(16, 10), ||W||=0.1560, ||b||=0.0503
DEBUG:neural_network:Propagated delta to layer 0: shape=(200, 16)
DEBUG:neural_network:Layer 0: added L2 gradient (alpha=0.0001)
DEBUG:neural_network:Layer 0 gradients: W shape=(784, 16), ||W||=0.9206, ||b||=0.0672
DEBUG:neural_network:Backward pass complete
DEBUG:neural_network:Updating weights with learning_rate=0.001
DEBUG:neural_network:Layer 0: weight norm 5.6357→5.6357, bias norm 0.0030→0.0030
DEBUG:neural_network:Layer 1: weight norm 3.7608→3.7608, bias norm 0.0026→0.0026
DEBUG:neural_network:Cross-entropy loss (unregularized): 2.273465
DEBUG:neural_network:L2 regularization term: 0.002295
DEBUG:neural_network:Total loss: 2.275760
DEBUG:neural_network:Forward pass input shape: (200, 784)
DEBUG:neural_network:Hidden layer 1: activation=relu, output range=[0.0000, 2.4316]
DEBUG:neural_network:Output layer: applied softmax, shape=(200, 10)
DEBUG:neural_network:Forward pass complete: 3 activations computed
DEBUG:neural_network:Backward pass: n_samples=200
DEBUG:neural_network:Output delta: shape=(200, 10), mean=-0.000000, std=0.301428
DEBUG:neural_network:Layer 1: added L2 gradient (alpha=0.0001)
DEBUG:neural_network:Layer 1 gradients: W shape=(16, 10), ||W||=0.1788, ||b||=0.0946
DEBUG:neural_network:Propagated delta to layer 0: shape=(200, 16)
DEBUG:neural_network:Layer 0: added L2 gradient (alpha=0.0001)
DEBUG:neural_network:Layer 0 gradients: W shape=(784, 16), ||W||=1.0942, ||b||=0.1019
DEBUG:neural_network:Backward pass complete
DEBUG:neural_network:Updating weights with learning_rate=0.001
DEBUG:neural_network:Layer 0: weight norm 5.6357→5.6357, bias norm 0.0030→0.0031
DEBUG:neural_network:Layer 1: weight norm 3.7608→3.7608, bias norm 0.0026→0.0026
DEBUG:neural_network:Cross-entropy loss (unregularized): 2.327460
DEBUG:neural_network:L2 regularization term: 0.002295
DEBUG:neural_network:Total loss: 2.329755
DEBUG:neural_network:Forward pass input shape: (200, 784)
DEBUG:neural_network:Hidden layer 1: activation=relu, output range=[0.0000, 1.7932]
DEBUG:neural_network:Output layer: applied softmax, shape=(200, 10)
DEBUG:neural_network:Forward pass complete: 3 activations computed
DEBUG:neural_network:Backward pass: n_samples=200
DEBUG:neural_network:Output delta: shape=(200, 10), mean=0.000000, std=0.301660
DEBUG:neural_network:Layer 1: added L2 gradient (alpha=0.0001)
DEBUG:neural_network:Layer 1 gradients: W shape=(16, 10), ||W||=0.1712, ||b||=0.0998
DEBUG:neural_network:Propagated delta to layer 0: shape=(200, 16)
DEBUG:neural_network:Layer 0: added L2 gradient (alpha=0.0001)
DEBUG:neural_network:Layer 0 gradients: W shape=(784, 16), ||W||=0.9022, ||b||=0.0866
DEBUG:neural_network:Backward pass complete
DEBUG:neural_network:Updating weights with learning_rate=0.001
DEBUG:neural_network:Layer 0: weight norm 5.6357→5.6356, bias norm 0.0031→0.0031
DEBUG:neural_network:Layer 1: weight norm 3.7608→3.7608, bias norm 0.0026→0.0027
DEBUG:neural_network:Cross-entropy loss (unregularized): 2.337514
DEBUG:neural_network:L2 regularization term: 0.002295
DEBUG:neural_network:Total loss: 2.339809
DEBUG:neural_network:Forward pass input shape: (200, 784)
DEBUG:neural_network:Hidden layer 1: activation=relu, output range=[0.0000, 2.0421]
DEBUG:neural_network:Output layer: applied softmax, shape=(200, 10)
DEBUG:neural_network:Forward pass complete: 3 activations computed
DEBUG:neural_network:Backward pass: n_samples=200
DEBUG:neural_network:Output delta: shape=(200, 10), mean=-0.000000, std=0.301563
DEBUG:neural_network:Layer 1: added L2 gradient (alpha=0.0001)
DEBUG:neural_network:Layer 1 gradients: W shape=(16, 10), ||W||=0.1730, ||b||=0.1001
DEBUG:neural_network:Propagated delta to layer 0: shape=(200, 16)
DEBUG:neural_network:Layer 0: added L2 gradient (alpha=0.0001)
DEBUG:neural_network:Layer 0 gradients: W shape=(784, 16), ||W||=1.0361, ||b||=0.0996
DEBUG:neural_network:Backward pass complete
DEBUG:neural_network:Updating weights with learning_rate=0.001
DEBUG:neural_network:Layer 0: weight norm 5.6356→5.6356, bias norm 0.0031→0.0032
DEBUG:neural_network:Layer 1: weight norm 3.7608→3.7607, bias norm 0.0027→0.0028
DEBUG:neural_network:Cross-entropy loss (unregularized): 2.331886
DEBUG:neural_network:L2 regularization term: 0.002295
DEBUG:neural_network:Total loss: 2.334181
INFO:neural_network:Epoch 1, Batch 30: loss=2.334181
DEBUG:neural_network:Forward pass input shape: (200, 784)
DEBUG:neural_network:Hidden layer 1: activation=relu, output range=[0.0000, 1.8524]
DEBUG:neural_network:Output layer: applied softmax, shape=(200, 10)
DEBUG:neural_network:Forward pass complete: 3 activations computed
DEBUG:neural_network:Backward pass: n_samples=200
DEBUG:neural_network:Output delta: shape=(200, 10), mean=0.000000, std=0.302245
DEBUG:neural_network:Layer 1: added L2 gradient (alpha=0.0001)
DEBUG:neural_network:Layer 1 gradients: W shape=(16, 10), ||W||=0.1890, ||b||=0.1294
DEBUG:neural_network:Propagated delta to layer 0: shape=(200, 16)
DEBUG:neural_network:Layer 0: added L2 gradient (alpha=0.0001)
DEBUG:neural_network:Layer 0 gradients: W shape=(784, 16), ||W||=1.0282, ||b||=0.1173
DEBUG:neural_network:Backward pass complete
DEBUG:neural_network:Updating weights with learning_rate=0.001
DEBUG:neural_network:Layer 0: weight norm 5.6356→5.6356, bias norm 0.0032→0.0033
DEBUG:neural_network:Layer 1: weight norm 3.7607→3.7607, bias norm 0.0028→0.0029
DEBUG:neural_network:Cross-entropy loss (unregularized): 2.351412
DEBUG:neural_network:L2 regularization term: 0.002295
DEBUG:neural_network:Total loss: 2.353707
DEBUG:neural_network:Forward pass input shape: (200, 784)
DEBUG:neural_network:Hidden layer 1: activation=relu, output range=[0.0000, 1.8162]
DEBUG:neural_network:Output layer: applied softmax, shape=(200, 10)
DEBUG:neural_network:Forward pass complete: 3 activations computed
DEBUG:neural_network:Backward pass: n_samples=200
DEBUG:neural_network:Output delta: shape=(200, 10), mean=0.000000, std=0.301370
DEBUG:neural_network:Layer 1: added L2 gradient (alpha=0.0001)
DEBUG:neural_network:Layer 1 gradients: W shape=(16, 10), ||W||=0.1540, ||b||=0.1027
DEBUG:neural_network:Propagated delta to layer 0: shape=(200, 16)
DEBUG:neural_network:Layer 0: added L2 gradient (alpha=0.0001)
DEBUG:neural_network:Layer 0 gradients: W shape=(784, 16), ||W||=1.0274, ||b||=0.1037
DEBUG:neural_network:Backward pass complete
DEBUG:neural_network:Updating weights with learning_rate=0.001
DEBUG:neural_network:Layer 0: weight norm 5.6356→5.6356, bias norm 0.0033→0.0034
DEBUG:neural_network:Layer 1: weight norm 3.7607→3.7607, bias norm 0.0029→0.0030
DEBUG:neural_network:Cross-entropy loss (unregularized): 2.329579
DEBUG:neural_network:L2 regularization term: 0.002295
DEBUG:neural_network:Total loss: 2.331874
DEBUG:neural_network:Forward pass input shape: (200, 784)
DEBUG:neural_network:Hidden layer 1: activation=relu, output range=[0.0000, 1.6180]
DEBUG:neural_network:Output layer: applied softmax, shape=(200, 10)
DEBUG:neural_network:Forward pass complete: 3 activations computed
DEBUG:neural_network:Backward pass: n_samples=200
DEBUG:neural_network:Output delta: shape=(200, 10), mean=0.000000, std=0.302888
DEBUG:neural_network:Layer 1: added L2 gradient (alpha=0.0001)
DEBUG:neural_network:Layer 1 gradients: W shape=(16, 10), ||W||=0.1633, ||b||=0.1094
DEBUG:neural_network:Propagated delta to layer 0: shape=(200, 16)
DEBUG:neural_network:Layer 0: added L2 gradient (alpha=0.0001)
DEBUG:neural_network:Layer 0 gradients: W shape=(784, 16), ||W||=1.1216, ||b||=0.1335
DEBUG:neural_network:Backward pass complete
DEBUG:neural_network:Updating weights with learning_rate=0.001
DEBUG:neural_network:Layer 0: weight norm 5.6356→5.6356, bias norm 0.0034→0.0036
DEBUG:neural_network:Layer 1: weight norm 3.7607→3.7606, bias norm 0.0030→0.0031
DEBUG:neural_network:Cross-entropy loss (unregularized): 2.373585
DEBUG:neural_network:L2 regularization term: 0.002295
DEBUG:neural_network:Total loss: 2.375880
DEBUG:neural_network:Forward pass input shape: (200, 784)
DEBUG:neural_network:Hidden layer 1: activation=relu, output range=[0.0000, 2.1354]
DEBUG:neural_network:Output layer: applied softmax, shape=(200, 10)
DEBUG:neural_network:Forward pass complete: 3 activations computed
DEBUG:neural_network:Backward pass: n_samples=200
DEBUG:neural_network:Output delta: shape=(200, 10), mean=0.000000, std=0.301026
DEBUG:neural_network:Layer 1: added L2 gradient (alpha=0.0001)
DEBUG:neural_network:Layer 1 gradients: W shape=(16, 10), ||W||=0.1648, ||b||=0.1034
DEBUG:neural_network:Propagated delta to layer 0: shape=(200, 16)
DEBUG:neural_network:Layer 0: added L2 gradient (alpha=0.0001)
DEBUG:neural_network:Layer 0 gradients: W shape=(784, 16), ||W||=0.9730, ||b||=0.0936
DEBUG:neural_network:Backward pass complete
DEBUG:neural_network:Updating weights with learning_rate=0.001
DEBUG:neural_network:Layer 0: weight norm 5.6356→5.6356, bias norm 0.0036→0.0036
DEBUG:neural_network:Layer 1: weight norm 3.7606→3.7606, bias norm 0.0031→0.0032
DEBUG:neural_network:Cross-entropy loss (unregularized): 2.321330
DEBUG:neural_network:L2 regularization term: 0.002295
DEBUG:neural_network:Total loss: 2.323625
DEBUG:neural_network:Forward pass input shape: (200, 784)
DEBUG:neural_network:Hidden layer 1: activation=relu, output range=[0.0000, 2.3799]
DEBUG:neural_network:Output layer: applied softmax, shape=(200, 10)
DEBUG:neural_network:Forward pass complete: 3 activations computed
DEBUG:neural_network:Backward pass: n_samples=200
DEBUG:neural_network:Output delta: shape=(200, 10), mean=0.000000, std=0.300308
DEBUG:neural_network:Layer 1: added L2 gradient (alpha=0.0001)
DEBUG:neural_network:Layer 1 gradients: W shape=(16, 10), ||W||=0.1526, ||b||=0.0991
DEBUG:neural_network:Propagated delta to layer 0: shape=(200, 16)
DEBUG:neural_network:Layer 0: added L2 gradient (alpha=0.0001)
DEBUG:neural_network:Layer 0 gradients: W shape=(784, 16), ||W||=0.9855, ||b||=0.0964
DEBUG:neural_network:Backward pass complete
DEBUG:neural_network:Updating weights with learning_rate=0.001
DEBUG:neural_network:Layer 0: weight norm 5.6356→5.6355, bias norm 0.0036→0.0037
DEBUG:neural_network:Layer 1: weight norm 3.7606→3.7606, bias norm 0.0032→0.0032
DEBUG:neural_network:Cross-entropy loss (unregularized): 2.304950
DEBUG:neural_network:L2 regularization term: 0.002295
DEBUG:neural_network:Total loss: 2.307245
DEBUG:neural_network:Forward pass input shape: (200, 784)
DEBUG:neural_network:Hidden layer 1: activation=relu, output range=[0.0000, 2.1002]
DEBUG:neural_network:Output layer: applied softmax, shape=(200, 10)
DEBUG:neural_network:Forward pass complete: 3 activations computed
DEBUG:neural_network:Backward pass: n_samples=200
DEBUG:neural_network:Output delta: shape=(200, 10), mean=0.000000, std=0.300781
DEBUG:neural_network:Layer 1: added L2 gradient (alpha=0.0001)
DEBUG:neural_network:Layer 1 gradients: W shape=(16, 10), ||W||=0.1479, ||b||=0.0969
DEBUG:neural_network:Propagated delta to layer 0: shape=(200, 16)
DEBUG:neural_network:Layer 0: added L2 gradient (alpha=0.0001)
DEBUG:neural_network:Layer 0 gradients: W shape=(784, 16), ||W||=1.0703, ||b||=0.1271
DEBUG:neural_network:Backward pass complete
DEBUG:neural_network:Updating weights with learning_rate=0.001
DEBUG:neural_network:Layer 0: weight norm 5.6355→5.6355, bias norm 0.0037→0.0038
DEBUG:neural_network:Layer 1: weight norm 3.7606→3.7606, bias norm 0.0032→0.0033
DEBUG:neural_network:Cross-entropy loss (unregularized): 2.317203
DEBUG:neural_network:L2 regularization term: 0.002295
DEBUG:neural_network:Total loss: 2.319498
DEBUG:neural_network:Forward pass input shape: (200, 784)
DEBUG:neural_network:Hidden layer 1: activation=relu, output range=[0.0000, 2.8639]
DEBUG:neural_network:Output layer: applied softmax, shape=(200, 10)
DEBUG:neural_network:Forward pass complete: 3 activations computed
DEBUG:neural_network:Backward pass: n_samples=200
DEBUG:neural_network:Output delta: shape=(200, 10), mean=0.000000, std=0.300639
DEBUG:neural_network:Layer 1: added L2 gradient (alpha=0.0001)
DEBUG:neural_network:Layer 1 gradients: W shape=(16, 10), ||W||=0.1668, ||b||=0.0905
DEBUG:neural_network:Propagated delta to layer 0: shape=(200, 16)
DEBUG:neural_network:Layer 0: added L2 gradient (alpha=0.0001)
DEBUG:neural_network:Layer 0 gradients: W shape=(784, 16), ||W||=1.0166, ||b||=0.1045
DEBUG:neural_network:Backward pass complete
DEBUG:neural_network:Updating weights with learning_rate=0.001
DEBUG:neural_network:Layer 0: weight norm 5.6355→5.6355, bias norm 0.0038→0.0039
DEBUG:neural_network:Layer 1: weight norm 3.7606→3.7606, bias norm 0.0033→0.0034
DEBUG:neural_network:Cross-entropy loss (unregularized): 2.312973
DEBUG:neural_network:L2 regularization term: 0.002295
DEBUG:neural_network:Total loss: 2.315268
DEBUG:neural_network:Forward pass input shape: (200, 784)
DEBUG:neural_network:Hidden layer 1: activation=relu, output range=[0.0000, 1.6668]
DEBUG:neural_network:Output layer: applied softmax, shape=(200, 10)
DEBUG:neural_network:Forward pass complete: 3 activations computed
DEBUG:neural_network:Backward pass: n_samples=200
DEBUG:neural_network:Output delta: shape=(200, 10), mean=-0.000000, std=0.301978
DEBUG:neural_network:Layer 1: added L2 gradient (alpha=0.0001)
DEBUG:neural_network:Layer 1 gradients: W shape=(16, 10), ||W||=0.1862, ||b||=0.1489
DEBUG:neural_network:Propagated delta to layer 0: shape=(200, 16)
DEBUG:neural_network:Layer 0: added L2 gradient (alpha=0.0001)
DEBUG:neural_network:Layer 0 gradients: W shape=(784, 16), ||W||=1.1468, ||b||=0.1486
DEBUG:neural_network:Backward pass complete
DEBUG:neural_network:Updating weights with learning_rate=0.001
DEBUG:neural_network:Layer 0: weight norm 5.6355→5.6355, bias norm 0.0039→0.0041
DEBUG:neural_network:Layer 1: weight norm 3.7606→3.7605, bias norm 0.0034→0.0035
DEBUG:neural_network:Cross-entropy loss (unregularized): 2.339703
DEBUG:neural_network:L2 regularization term: 0.002295
DEBUG:neural_network:Total loss: 2.341998
DEBUG:neural_network:Forward pass input shape: (200, 784)
DEBUG:neural_network:Hidden layer 1: activation=relu, output range=[0.0000, 2.4458]
DEBUG:neural_network:Output layer: applied softmax, shape=(200, 10)
DEBUG:neural_network:Forward pass complete: 3 activations computed
DEBUG:neural_network:Backward pass: n_samples=200
DEBUG:neural_network:Output delta: shape=(200, 10), mean=0.000000, std=0.301403
DEBUG:neural_network:Layer 1: added L2 gradient (alpha=0.0001)
DEBUG:neural_network:Layer 1 gradients: W shape=(16, 10), ||W||=0.1908, ||b||=0.1093
DEBUG:neural_network:Propagated delta to layer 0: shape=(200, 16)
DEBUG:neural_network:Layer 0: added L2 gradient (alpha=0.0001)
DEBUG:neural_network:Layer 0 gradients: W shape=(784, 16), ||W||=0.9245, ||b||=0.0997
DEBUG:neural_network:Backward pass complete
DEBUG:neural_network:Updating weights with learning_rate=0.001
DEBUG:neural_network:Layer 0: weight norm 5.6355→5.6355, bias norm 0.0041→0.0041
DEBUG:neural_network:Layer 1: weight norm 3.7605→3.7605, bias norm 0.0035→0.0036
DEBUG:neural_network:Cross-entropy loss (unregularized): 2.333795
DEBUG:neural_network:L2 regularization term: 0.002295
DEBUG:neural_network:Total loss: 2.336090
DEBUG:neural_network:Forward pass input shape: (200, 784)
DEBUG:neural_network:Hidden layer 1: activation=relu, output range=[0.0000, 1.7617]
DEBUG:neural_network:Output layer: applied softmax, shape=(200, 10)
DEBUG:neural_network:Forward pass complete: 3 activations computed
DEBUG:neural_network:Backward pass: n_samples=200
DEBUG:neural_network:Output delta: shape=(200, 10), mean=0.000000, std=0.300827
DEBUG:neural_network:Layer 1: added L2 gradient (alpha=0.0001)
DEBUG:neural_network:Layer 1 gradients: W shape=(16, 10), ||W||=0.1674, ||b||=0.0850
DEBUG:neural_network:Propagated delta to layer 0: shape=(200, 16)
DEBUG:neural_network:Layer 0: added L2 gradient (alpha=0.0001)
DEBUG:neural_network:Layer 0 gradients: W shape=(784, 16), ||W||=0.8842, ||b||=0.0678
DEBUG:neural_network:Backward pass complete
DEBUG:neural_network:Updating weights with learning_rate=0.001
DEBUG:neural_network:Layer 0: weight norm 5.6355→5.6355, bias norm 0.0041→0.0042
DEBUG:neural_network:Layer 1: weight norm 3.7605→3.7605, bias norm 0.0036→0.0037
DEBUG:neural_network:Cross-entropy loss (unregularized): 2.311640
DEBUG:neural_network:L2 regularization term: 0.002295
DEBUG:neural_network:Total loss: 2.313935
INFO:neural_network:Epoch 1, Batch 40: loss=2.313935
DEBUG:neural_network:Forward pass input shape: (200, 784)
DEBUG:neural_network:Hidden layer 1: activation=relu, output range=[0.0000, 2.0880]
DEBUG:neural_network:Output layer: applied softmax, shape=(200, 10)
DEBUG:neural_network:Forward pass complete: 3 activations computed
DEBUG:neural_network:Backward pass: n_samples=200
DEBUG:neural_network:Output delta: shape=(200, 10), mean=-0.000000, std=0.300358
DEBUG:neural_network:Layer 1: added L2 gradient (alpha=0.0001)
DEBUG:neural_network:Layer 1 gradients: W shape=(16, 10), ||W||=0.1637, ||b||=0.0898
DEBUG:neural_network:Propagated delta to layer 0: shape=(200, 16)
DEBUG:neural_network:Layer 0: added L2 gradient (alpha=0.0001)
DEBUG:neural_network:Layer 0 gradients: W shape=(784, 16), ||W||=0.8663, ||b||=0.0802
DEBUG:neural_network:Backward pass complete
DEBUG:neural_network:Updating weights with learning_rate=0.001
DEBUG:neural_network:Layer 0: weight norm 5.6355→5.6355, bias norm 0.0042→0.0042
DEBUG:neural_network:Layer 1: weight norm 3.7605→3.7605, bias norm 0.0037→0.0037
DEBUG:neural_network:Cross-entropy loss (unregularized): 2.294296
DEBUG:neural_network:L2 regularization term: 0.002295
DEBUG:neural_network:Total loss: 2.296591
DEBUG:neural_network:Forward pass input shape: (200, 784)
DEBUG:neural_network:Hidden layer 1: activation=relu, output range=[0.0000, 1.8350]
DEBUG:neural_network:Output layer: applied softmax, shape=(200, 10)
DEBUG:neural_network:Forward pass complete: 3 activations computed
DEBUG:neural_network:Backward pass: n_samples=200
DEBUG:neural_network:Output delta: shape=(200, 10), mean=-0.000000, std=0.299708
DEBUG:neural_network:Layer 1: added L2 gradient (alpha=0.0001)
DEBUG:neural_network:Layer 1 gradients: W shape=(16, 10), ||W||=0.1914, ||b||=0.1046
DEBUG:neural_network:Propagated delta to layer 0: shape=(200, 16)
DEBUG:neural_network:Layer 0: added L2 gradient (alpha=0.0001)
DEBUG:neural_network:Layer 0 gradients: W shape=(784, 16), ||W||=0.9754, ||b||=0.0827
DEBUG:neural_network:Backward pass complete
DEBUG:neural_network:Updating weights with learning_rate=0.001
DEBUG:neural_network:Layer 0: weight norm 5.6355→5.6354, bias norm 0.0042→0.0043
DEBUG:neural_network:Layer 1: weight norm 3.7605→3.7605, bias norm 0.0037→0.0038
DEBUG:neural_network:Cross-entropy loss (unregularized): 2.282177
DEBUG:neural_network:L2 regularization term: 0.002295
DEBUG:neural_network:Total loss: 2.284472
DEBUG:neural_network:Forward pass input shape: (200, 784)
DEBUG:neural_network:Hidden layer 1: activation=relu, output range=[0.0000, 1.8093]
DEBUG:neural_network:Output layer: applied softmax, shape=(200, 10)
DEBUG:neural_network:Forward pass complete: 3 activations computed
DEBUG:neural_network:Backward pass: n_samples=200
DEBUG:neural_network:Output delta: shape=(200, 10), mean=-0.000000, std=0.299381
DEBUG:neural_network:Layer 1: added L2 gradient (alpha=0.0001)
DEBUG:neural_network:Layer 1 gradients: W shape=(16, 10), ||W||=0.1660, ||b||=0.0949
DEBUG:neural_network:Propagated delta to layer 0: shape=(200, 16)
DEBUG:neural_network:Layer 0: added L2 gradient (alpha=0.0001)
DEBUG:neural_network:Layer 0 gradients: W shape=(784, 16), ||W||=0.8919, ||b||=0.0890
DEBUG:neural_network:Backward pass complete
DEBUG:neural_network:Updating weights with learning_rate=0.001
DEBUG:neural_network:Layer 0: weight norm 5.6354→5.6354, bias norm 0.0043→0.0044
DEBUG:neural_network:Layer 1: weight norm 3.7605→3.7605, bias norm 0.0038→0.0039
DEBUG:neural_network:Cross-entropy loss (unregularized): 2.273531
DEBUG:neural_network:L2 regularization term: 0.002295
DEBUG:neural_network:Total loss: 2.275826
DEBUG:neural_network:Forward pass input shape: (200, 784)
DEBUG:neural_network:Hidden layer 1: activation=relu, output range=[0.0000, 2.1869]
DEBUG:neural_network:Output layer: applied softmax, shape=(200, 10)
DEBUG:neural_network:Forward pass complete: 3 activations computed
DEBUG:neural_network:Backward pass: n_samples=200
DEBUG:neural_network:Output delta: shape=(200, 10), mean=0.000000, std=0.301315
DEBUG:neural_network:Layer 1: added L2 gradient (alpha=0.0001)
DEBUG:neural_network:Layer 1 gradients: W shape=(16, 10), ||W||=0.1797, ||b||=0.0899
DEBUG:neural_network:Propagated delta to layer 0: shape=(200, 16)
DEBUG:neural_network:Layer 0: added L2 gradient (alpha=0.0001)
DEBUG:neural_network:Layer 0 gradients: W shape=(784, 16), ||W||=1.0166, ||b||=0.1002
DEBUG:neural_network:Backward pass complete
DEBUG:neural_network:Updating weights with learning_rate=0.001
DEBUG:neural_network:Layer 0: weight norm 5.6354→5.6354, bias norm 0.0044→0.0045
DEBUG:neural_network:Layer 1: weight norm 3.7605→3.7604, bias norm 0.0039→0.0040
DEBUG:neural_network:Cross-entropy loss (unregularized): 2.321074
DEBUG:neural_network:L2 regularization term: 0.002295
DEBUG:neural_network:Total loss: 2.323369
DEBUG:neural_network:Forward pass input shape: (200, 784)
DEBUG:neural_network:Hidden layer 1: activation=relu, output range=[0.0000, 2.1794]
DEBUG:neural_network:Output layer: applied softmax, shape=(200, 10)
DEBUG:neural_network:Forward pass complete: 3 activations computed
DEBUG:neural_network:Backward pass: n_samples=200
DEBUG:neural_network:Output delta: shape=(200, 10), mean=-0.000000, std=0.299606
DEBUG:neural_network:Layer 1: added L2 gradient (alpha=0.0001)
DEBUG:neural_network:Layer 1 gradients: W shape=(16, 10), ||W||=0.1731, ||b||=0.1065
DEBUG:neural_network:Propagated delta to layer 0: shape=(200, 16)
DEBUG:neural_network:Layer 0: added L2 gradient (alpha=0.0001)
DEBUG:neural_network:Layer 0 gradients: W shape=(784, 16), ||W||=0.9031, ||b||=0.0965
DEBUG:neural_network:Backward pass complete
DEBUG:neural_network:Updating weights with learning_rate=0.001
DEBUG:neural_network:Layer 0: weight norm 5.6354→5.6354, bias norm 0.0045→0.0045
DEBUG:neural_network:Layer 1: weight norm 3.7604→3.7604, bias norm 0.0040→0.0040
DEBUG:neural_network:Cross-entropy loss (unregularized): 2.276489
DEBUG:neural_network:L2 regularization term: 0.002295
DEBUG:neural_network:Total loss: 2.278784
DEBUG:neural_network:Forward pass input shape: (200, 784)
DEBUG:neural_network:Hidden layer 1: activation=relu, output range=[0.0000, 2.0059]
DEBUG:neural_network:Output layer: applied softmax, shape=(200, 10)
DEBUG:neural_network:Forward pass complete: 3 activations computed
DEBUG:neural_network:Backward pass: n_samples=200
DEBUG:neural_network:Output delta: shape=(200, 10), mean=-0.000000, std=0.302419
DEBUG:neural_network:Layer 1: added L2 gradient (alpha=0.0001)
DEBUG:neural_network:Layer 1 gradients: W shape=(16, 10), ||W||=0.1761, ||b||=0.1154
DEBUG:neural_network:Propagated delta to layer 0: shape=(200, 16)
DEBUG:neural_network:Layer 0: added L2 gradient (alpha=0.0001)
DEBUG:neural_network:Layer 0 gradients: W shape=(784, 16), ||W||=0.9542, ||b||=0.0987
DEBUG:neural_network:Backward pass complete
DEBUG:neural_network:Updating weights with learning_rate=0.001
DEBUG:neural_network:Layer 0: weight norm 5.6354→5.6354, bias norm 0.0045→0.0046
DEBUG:neural_network:Layer 1: weight norm 3.7604→3.7604, bias norm 0.0040→0.0042
DEBUG:neural_network:Cross-entropy loss (unregularized): 2.355657
DEBUG:neural_network:L2 regularization term: 0.002295
DEBUG:neural_network:Total loss: 2.357952
DEBUG:neural_network:Forward pass input shape: (200, 784)
DEBUG:neural_network:Hidden layer 1: activation=relu, output range=[0.0000, 1.8043]
DEBUG:neural_network:Output layer: applied softmax, shape=(200, 10)
DEBUG:neural_network:Forward pass complete: 3 activations computed
DEBUG:neural_network:Backward pass: n_samples=200
DEBUG:neural_network:Output delta: shape=(200, 10), mean=0.000000, std=0.300898
DEBUG:neural_network:Layer 1: added L2 gradient (alpha=0.0001)
DEBUG:neural_network:Layer 1 gradients: W shape=(16, 10), ||W||=0.1707, ||b||=0.1249
DEBUG:neural_network:Propagated delta to layer 0: shape=(200, 16)
DEBUG:neural_network:Layer 0: added L2 gradient (alpha=0.0001)
DEBUG:neural_network:Layer 0 gradients: W shape=(784, 16), ||W||=0.9347, ||b||=0.0923
DEBUG:neural_network:Backward pass complete
DEBUG:neural_network:Updating weights with learning_rate=0.001
DEBUG:neural_network:Layer 0: weight norm 5.6354→5.6354, bias norm 0.0046→0.0047
DEBUG:neural_network:Layer 1: weight norm 3.7604→3.7604, bias norm 0.0042→0.0043
DEBUG:neural_network:Cross-entropy loss (unregularized): 2.312826
DEBUG:neural_network:L2 regularization term: 0.002295
DEBUG:neural_network:Total loss: 2.315121
DEBUG:neural_network:Forward pass input shape: (200, 784)
DEBUG:neural_network:Hidden layer 1: activation=relu, output range=[0.0000, 1.5398]
DEBUG:neural_network:Output layer: applied softmax, shape=(200, 10)
DEBUG:neural_network:Forward pass complete: 3 activations computed
DEBUG:neural_network:Backward pass: n_samples=200
DEBUG:neural_network:Output delta: shape=(200, 10), mean=-0.000000, std=0.302097
DEBUG:neural_network:Layer 1: added L2 gradient (alpha=0.0001)
DEBUG:neural_network:Layer 1 gradients: W shape=(16, 10), ||W||=0.1631, ||b||=0.1047
DEBUG:neural_network:Propagated delta to layer 0: shape=(200, 16)
DEBUG:neural_network:Layer 0: added L2 gradient (alpha=0.0001)
DEBUG:neural_network:Layer 0 gradients: W shape=(784, 16), ||W||=0.9527, ||b||=0.0953
DEBUG:neural_network:Backward pass complete
DEBUG:neural_network:Updating weights with learning_rate=0.001
DEBUG:neural_network:Layer 0: weight norm 5.6354→5.6354, bias norm 0.0047→0.0048
DEBUG:neural_network:Layer 1: weight norm 3.7604→3.7603, bias norm 0.0043→0.0044
DEBUG:neural_network:Cross-entropy loss (unregularized): 2.347183
DEBUG:neural_network:L2 regularization term: 0.002295
DEBUG:neural_network:Total loss: 2.349478
DEBUG:neural_network:Forward pass input shape: (200, 784)
DEBUG:neural_network:Hidden layer 1: activation=relu, output range=[0.0000, 1.9254]
DEBUG:neural_network:Output layer: applied softmax, shape=(200, 10)
DEBUG:neural_network:Forward pass complete: 3 activations computed
DEBUG:neural_network:Backward pass: n_samples=200
DEBUG:neural_network:Output delta: shape=(200, 10), mean=-0.000000, std=0.300654
DEBUG:neural_network:Layer 1: added L2 gradient (alpha=0.0001)
DEBUG:neural_network:Layer 1 gradients: W shape=(16, 10), ||W||=0.1890, ||b||=0.1115
DEBUG:neural_network:Propagated delta to layer 0: shape=(200, 16)
DEBUG:neural_network:Layer 0: added L2 gradient (alpha=0.0001)
DEBUG:neural_network:Layer 0 gradients: W shape=(784, 16), ||W||=0.9489, ||b||=0.0757
DEBUG:neural_network:Backward pass complete
DEBUG:neural_network:Updating weights with learning_rate=0.001
DEBUG:neural_network:Layer 0: weight norm 5.6354→5.6354, bias norm 0.0048→0.0048
DEBUG:neural_network:Layer 1: weight norm 3.7603→3.7603, bias norm 0.0044→0.0044
DEBUG:neural_network:Cross-entropy loss (unregularized): 2.301426
DEBUG:neural_network:L2 regularization term: 0.002295
DEBUG:neural_network:Total loss: 2.303721
DEBUG:neural_network:Forward pass input shape: (200, 784)
DEBUG:neural_network:Hidden layer 1: activation=relu, output range=[0.0000, 1.8100]
DEBUG:neural_network:Output layer: applied softmax, shape=(200, 10)
DEBUG:neural_network:Forward pass complete: 3 activations computed
DEBUG:neural_network:Backward pass: n_samples=200
DEBUG:neural_network:Output delta: shape=(200, 10), mean=0.000000, std=0.299697
DEBUG:neural_network:Layer 1: added L2 gradient (alpha=0.0001)
DEBUG:neural_network:Layer 1 gradients: W shape=(16, 10), ||W||=0.1519, ||b||=0.0837
DEBUG:neural_network:Propagated delta to layer 0: shape=(200, 16)
DEBUG:neural_network:Layer 0: added L2 gradient (alpha=0.0001)
DEBUG:neural_network:Layer 0 gradients: W shape=(784, 16), ||W||=0.8662, ||b||=0.0848
DEBUG:neural_network:Backward pass complete
DEBUG:neural_network:Updating weights with learning_rate=0.001
DEBUG:neural_network:Layer 0: weight norm 5.6354→5.6353, bias norm 0.0048→0.0049
DEBUG:neural_network:Layer 1: weight norm 3.7603→3.7603, bias norm 0.0044→0.0045
DEBUG:neural_network:Cross-entropy loss (unregularized): 2.280381
DEBUG:neural_network:L2 regularization term: 0.002295
DEBUG:neural_network:Total loss: 2.282676
INFO:neural_network:Epoch 1, Batch 50: loss=2.282676
DEBUG:neural_network:Forward pass input shape: (200, 784)
DEBUG:neural_network:Hidden layer 1: activation=relu, output range=[0.0000, 1.8002]
DEBUG:neural_network:Output layer: applied softmax, shape=(200, 10)
DEBUG:neural_network:Forward pass complete: 3 activations computed
DEBUG:neural_network:Backward pass: n_samples=200
DEBUG:neural_network:Output delta: shape=(200, 10), mean=-0.000000, std=0.301093
DEBUG:neural_network:Layer 1: added L2 gradient (alpha=0.0001)
DEBUG:neural_network:Layer 1 gradients: W shape=(16, 10), ||W||=0.1819, ||b||=0.1229
DEBUG:neural_network:Propagated delta to layer 0: shape=(200, 16)
DEBUG:neural_network:Layer 0: added L2 gradient (alpha=0.0001)
DEBUG:neural_network:Layer 0 gradients: W shape=(784, 16), ||W||=1.0376, ||b||=0.1226
DEBUG:neural_network:Backward pass complete
DEBUG:neural_network:Updating weights with learning_rate=0.001
DEBUG:neural_network:Layer 0: weight norm 5.6353→5.6353, bias norm 0.0049→0.0050
DEBUG:neural_network:Layer 1: weight norm 3.7603→3.7603, bias norm 0.0045→0.0046
DEBUG:neural_network:Cross-entropy loss (unregularized): 2.317263
DEBUG:neural_network:L2 regularization term: 0.002295
DEBUG:neural_network:Total loss: 2.319558
DEBUG:neural_network:Forward pass input shape: (200, 784)
DEBUG:neural_network:Hidden layer 1: activation=relu, output range=[0.0000, 1.8326]
DEBUG:neural_network:Output layer: applied softmax, shape=(200, 10)
DEBUG:neural_network:Forward pass complete: 3 activations computed
DEBUG:neural_network:Backward pass: n_samples=200
DEBUG:neural_network:Output delta: shape=(200, 10), mean=-0.000000, std=0.300494
DEBUG:neural_network:Layer 1: added L2 gradient (alpha=0.0001)
DEBUG:neural_network:Layer 1 gradients: W shape=(16, 10), ||W||=0.1494, ||b||=0.1202
DEBUG:neural_network:Propagated delta to layer 0: shape=(200, 16)
DEBUG:neural_network:Layer 0: added L2 gradient (alpha=0.0001)
DEBUG:neural_network:Layer 0 gradients: W shape=(784, 16), ||W||=0.9356, ||b||=0.0941
DEBUG:neural_network:Backward pass complete
DEBUG:neural_network:Updating weights with learning_rate=0.001
DEBUG:neural_network:Layer 0: weight norm 5.6353→5.6353, bias norm 0.0050→0.0051
DEBUG:neural_network:Layer 1: weight norm 3.7603→3.7603, bias norm 0.0046→0.0047
DEBUG:neural_network:Cross-entropy loss (unregularized): 2.306959
DEBUG:neural_network:L2 regularization term: 0.002295
DEBUG:neural_network:Total loss: 2.309254
DEBUG:neural_network:Forward pass input shape: (200, 784)
DEBUG:neural_network:Hidden layer 1: activation=relu, output range=[0.0000, 1.6674]
DEBUG:neural_network:Output layer: applied softmax, shape=(200, 10)
DEBUG:neural_network:Forward pass complete: 3 activations computed
DEBUG:neural_network:Backward pass: n_samples=200
DEBUG:neural_network:Output delta: shape=(200, 10), mean=-0.000000, std=0.302957
DEBUG:neural_network:Layer 1: added L2 gradient (alpha=0.0001)
DEBUG:neural_network:Layer 1 gradients: W shape=(16, 10), ||W||=0.1952, ||b||=0.1269
DEBUG:neural_network:Propagated delta to layer 0: shape=(200, 16)
DEBUG:neural_network:Layer 0: added L2 gradient (alpha=0.0001)
DEBUG:neural_network:Layer 0 gradients: W shape=(784, 16), ||W||=1.1309, ||b||=0.1298
DEBUG:neural_network:Backward pass complete
DEBUG:neural_network:Updating weights with learning_rate=0.001
DEBUG:neural_network:Layer 0: weight norm 5.6353→5.6353, bias norm 0.0051→0.0052
DEBUG:neural_network:Layer 1: weight norm 3.7603→3.7602, bias norm 0.0047→0.0048
DEBUG:neural_network:Cross-entropy loss (unregularized): 2.369674
DEBUG:neural_network:L2 regularization term: 0.002295
DEBUG:neural_network:Total loss: 2.371969
DEBUG:neural_network:Forward pass input shape: (200, 784)
DEBUG:neural_network:Hidden layer 1: activation=relu, output range=[0.0000, 1.7499]
DEBUG:neural_network:Output layer: applied softmax, shape=(200, 10)
DEBUG:neural_network:Forward pass complete: 3 activations computed
DEBUG:neural_network:Backward pass: n_samples=200
DEBUG:neural_network:Output delta: shape=(200, 10), mean=0.000000, std=0.301294
DEBUG:neural_network:Layer 1: added L2 gradient (alpha=0.0001)
DEBUG:neural_network:Layer 1 gradients: W shape=(16, 10), ||W||=0.1758, ||b||=0.1116
DEBUG:neural_network:Propagated delta to layer 0: shape=(200, 16)
DEBUG:neural_network:Layer 0: added L2 gradient (alpha=0.0001)
DEBUG:neural_network:Layer 0 gradients: W shape=(784, 16), ||W||=0.8871, ||b||=0.1022
DEBUG:neural_network:Backward pass complete
DEBUG:neural_network:Updating weights with learning_rate=0.001
DEBUG:neural_network:Layer 0: weight norm 5.6353→5.6353, bias norm 0.0052→0.0053
DEBUG:neural_network:Layer 1: weight norm 3.7602→3.7602, bias norm 0.0048→0.0049
DEBUG:neural_network:Cross-entropy loss (unregularized): 2.326083
DEBUG:neural_network:L2 regularization term: 0.002295
DEBUG:neural_network:Total loss: 2.328378
DEBUG:neural_network:Forward pass input shape: (200, 784)
DEBUG:neural_network:Hidden layer 1: activation=relu, output range=[0.0000, 1.8901]
DEBUG:neural_network:Output layer: applied softmax, shape=(200, 10)
DEBUG:neural_network:Forward pass complete: 3 activations computed
DEBUG:neural_network:Backward pass: n_samples=200
DEBUG:neural_network:Output delta: shape=(200, 10), mean=0.000000, std=0.300763
DEBUG:neural_network:Layer 1: added L2 gradient (alpha=0.0001)
DEBUG:neural_network:Layer 1 gradients: W shape=(16, 10), ||W||=0.1616, ||b||=0.0756
DEBUG:neural_network:Propagated delta to layer 0: shape=(200, 16)
DEBUG:neural_network:Layer 0: added L2 gradient (alpha=0.0001)
DEBUG:neural_network:Layer 0 gradients: W shape=(784, 16), ||W||=0.9147, ||b||=0.0874
DEBUG:neural_network:Backward pass complete
DEBUG:neural_network:Updating weights with learning_rate=0.001
DEBUG:neural_network:Layer 0: weight norm 5.6353→5.6353, bias norm 0.0053→0.0053
DEBUG:neural_network:Layer 1: weight norm 3.7602→3.7602, bias norm 0.0049→0.0050
DEBUG:neural_network:Cross-entropy loss (unregularized): 2.307450
DEBUG:neural_network:L2 regularization term: 0.002295
DEBUG:neural_network:Total loss: 2.309745
DEBUG:neural_network:Forward pass input shape: (200, 784)
DEBUG:neural_network:Hidden layer 1: activation=relu, output range=[0.0000, 1.8074]
DEBUG:neural_network:Output layer: applied softmax, shape=(200, 10)
DEBUG:neural_network:Forward pass complete: 3 activations computed
DEBUG:neural_network:Backward pass: n_samples=200
DEBUG:neural_network:Output delta: shape=(200, 10), mean=0.000000, std=0.299008
DEBUG:neural_network:Layer 1: added L2 gradient (alpha=0.0001)
DEBUG:neural_network:Layer 1 gradients: W shape=(16, 10), ||W||=0.1699, ||b||=0.0747
DEBUG:neural_network:Propagated delta to layer 0: shape=(200, 16)
DEBUG:neural_network:Layer 0: added L2 gradient (alpha=0.0001)
DEBUG:neural_network:Layer 0 gradients: W shape=(784, 16), ||W||=0.8489, ||b||=0.0595
DEBUG:neural_network:Backward pass complete
DEBUG:neural_network:Updating weights with learning_rate=0.001
DEBUG:neural_network:Layer 0: weight norm 5.6353→5.6353, bias norm 0.0053→0.0054
DEBUG:neural_network:Layer 1: weight norm 3.7602→3.7602, bias norm 0.0050→0.0050
DEBUG:neural_network:Cross-entropy loss (unregularized): 2.261225
DEBUG:neural_network:L2 regularization term: 0.002295
DEBUG:neural_network:Total loss: 2.263520
DEBUG:neural_network:Forward pass input shape: (200, 784)
DEBUG:neural_network:Hidden layer 1: activation=relu, output range=[0.0000, 1.8074]
DEBUG:neural_network:Output layer: applied softmax, shape=(200, 10)
DEBUG:neural_network:Forward pass complete: 3 activations computed
DEBUG:neural_network:Backward pass: n_samples=200
DEBUG:neural_network:Output delta: shape=(200, 10), mean=-0.000000, std=0.300909
DEBUG:neural_network:Layer 1: added L2 gradient (alpha=0.0001)
DEBUG:neural_network:Layer 1 gradients: W shape=(16, 10), ||W||=0.1787, ||b||=0.1047
DEBUG:neural_network:Propagated delta to layer 0: shape=(200, 16)
DEBUG:neural_network:Layer 0: added L2 gradient (alpha=0.0001)
DEBUG:neural_network:Layer 0 gradients: W shape=(784, 16), ||W||=0.9380, ||b||=0.1038
DEBUG:neural_network:Backward pass complete
DEBUG:neural_network:Updating weights with learning_rate=0.001
DEBUG:neural_network:Layer 0: weight norm 5.6353→5.6353, bias norm 0.0054→0.0055
DEBUG:neural_network:Layer 1: weight norm 3.7602→3.7602, bias norm 0.0050→0.0051
DEBUG:neural_network:Cross-entropy loss (unregularized): 2.308432
DEBUG:neural_network:L2 regularization term: 0.002295
DEBUG:neural_network:Total loss: 2.310727
DEBUG:neural_network:Forward pass input shape: (200, 784)
DEBUG:neural_network:Hidden layer 1: activation=relu, output range=[0.0000, 1.9155]
DEBUG:neural_network:Output layer: applied softmax, shape=(200, 10)
DEBUG:neural_network:Forward pass complete: 3 activations computed
DEBUG:neural_network:Backward pass: n_samples=200
DEBUG:neural_network:Output delta: shape=(200, 10), mean=0.000000, std=0.300420
DEBUG:neural_network:Layer 1: added L2 gradient (alpha=0.0001)
DEBUG:neural_network:Layer 1 gradients: W shape=(16, 10), ||W||=0.1692, ||b||=0.0999
DEBUG:neural_network:Propagated delta to layer 0: shape=(200, 16)
DEBUG:neural_network:Layer 0: added L2 gradient (alpha=0.0001)
DEBUG:neural_network:Layer 0 gradients: W shape=(784, 16), ||W||=1.0534, ||b||=0.1158
DEBUG:neural_network:Backward pass complete
DEBUG:neural_network:Updating weights with learning_rate=0.001
DEBUG:neural_network:Layer 0: weight norm 5.6353→5.6352, bias norm 0.0055→0.0056
DEBUG:neural_network:Layer 1: weight norm 3.7602→3.7602, bias norm 0.0051→0.0052
DEBUG:neural_network:Cross-entropy loss (unregularized): 2.299266
DEBUG:neural_network:L2 regularization term: 0.002295
DEBUG:neural_network:Total loss: 2.301560
DEBUG:neural_network:Forward pass input shape: (200, 784)
DEBUG:neural_network:Hidden layer 1: activation=relu, output range=[0.0000, 1.8557]
DEBUG:neural_network:Output layer: applied softmax, shape=(200, 10)
DEBUG:neural_network:Forward pass complete: 3 activations computed
DEBUG:neural_network:Backward pass: n_samples=200
DEBUG:neural_network:Output delta: shape=(200, 10), mean=-0.000000, std=0.301317
DEBUG:neural_network:Layer 1: added L2 gradient (alpha=0.0001)
DEBUG:neural_network:Layer 1 gradients: W shape=(16, 10), ||W||=0.1713, ||b||=0.1017
DEBUG:neural_network:Propagated delta to layer 0: shape=(200, 16)
DEBUG:neural_network:Layer 0: added L2 gradient (alpha=0.0001)
DEBUG:neural_network:Layer 0 gradients: W shape=(784, 16), ||W||=0.9253, ||b||=0.0962
DEBUG:neural_network:Backward pass complete
DEBUG:neural_network:Updating weights with learning_rate=0.001
DEBUG:neural_network:Layer 0: weight norm 5.6352→5.6352, bias norm 0.0056→0.0057
DEBUG:neural_network:Layer 1: weight norm 3.7602→3.7601, bias norm 0.0052→0.0053
DEBUG:neural_network:Cross-entropy loss (unregularized): 2.325551
DEBUG:neural_network:L2 regularization term: 0.002295
DEBUG:neural_network:Total loss: 2.327846
DEBUG:neural_network:Forward pass input shape: (200, 784)
DEBUG:neural_network:Hidden layer 1: activation=relu, output range=[0.0000, 1.8785]
DEBUG:neural_network:Output layer: applied softmax, shape=(200, 10)
DEBUG:neural_network:Forward pass complete: 3 activations computed
DEBUG:neural_network:Backward pass: n_samples=200
DEBUG:neural_network:Output delta: shape=(200, 10), mean=0.000000, std=0.300286
DEBUG:neural_network:Layer 1: added L2 gradient (alpha=0.0001)
DEBUG:neural_network:Layer 1 gradients: W shape=(16, 10), ||W||=0.1443, ||b||=0.0855
DEBUG:neural_network:Propagated delta to layer 0: shape=(200, 16)
DEBUG:neural_network:Layer 0: added L2 gradient (alpha=0.0001)
DEBUG:neural_network:Layer 0 gradients: W shape=(784, 16), ||W||=0.8802, ||b||=0.0842
DEBUG:neural_network:Backward pass complete
DEBUG:neural_network:Updating weights with learning_rate=0.001
DEBUG:neural_network:Layer 0: weight norm 5.6352→5.6352, bias norm 0.0057→0.0057
DEBUG:neural_network:Layer 1: weight norm 3.7601→3.7601, bias norm 0.0053→0.0053
DEBUG:neural_network:Cross-entropy loss (unregularized): 2.303011
DEBUG:neural_network:L2 regularization term: 0.002295
DEBUG:neural_network:Total loss: 2.305306
INFO:neural_network:Epoch 1, Batch 60: loss=2.305306
DEBUG:neural_network:Forward pass input shape: (200, 784)
DEBUG:neural_network:Hidden layer 1: activation=relu, output range=[0.0000, 2.0273]
DEBUG:neural_network:Output layer: applied softmax, shape=(200, 10)
DEBUG:neural_network:Forward pass complete: 3 activations computed
DEBUG:neural_network:Backward pass: n_samples=200
DEBUG:neural_network:Output delta: shape=(200, 10), mean=-0.000000, std=0.299126
DEBUG:neural_network:Layer 1: added L2 gradient (alpha=0.0001)
DEBUG:neural_network:Layer 1 gradients: W shape=(16, 10), ||W||=0.1509, ||b||=0.0656
DEBUG:neural_network:Propagated delta to layer 0: shape=(200, 16)
DEBUG:neural_network:Layer 0: added L2 gradient (alpha=0.0001)
DEBUG:neural_network:Layer 0 gradients: W shape=(784, 16), ||W||=0.9158, ||b||=0.0693
DEBUG:neural_network:Backward pass complete
DEBUG:neural_network:Updating weights with learning_rate=0.001
DEBUG:neural_network:Layer 0: weight norm 5.6352→5.6352, bias norm 0.0057→0.0058
DEBUG:neural_network:Layer 1: weight norm 3.7601→3.7601, bias norm 0.0053→0.0054
DEBUG:neural_network:Cross-entropy loss (unregularized): 2.267706
DEBUG:neural_network:L2 regularization term: 0.002295
DEBUG:neural_network:Total loss: 2.270001
DEBUG:neural_network:Forward pass input shape: (200, 784)
DEBUG:neural_network:Hidden layer 1: activation=relu, output range=[0.0000, 2.1020]
DEBUG:neural_network:Output layer: applied softmax, shape=(200, 10)
DEBUG:neural_network:Forward pass complete: 3 activations computed
DEBUG:neural_network:Backward pass: n_samples=200
DEBUG:neural_network:Output delta: shape=(200, 10), mean=0.000000, std=0.298919
DEBUG:neural_network:Layer 1: added L2 gradient (alpha=0.0001)
DEBUG:neural_network:Layer 1 gradients: W shape=(16, 10), ||W||=0.1652, ||b||=0.0770
DEBUG:neural_network:Propagated delta to layer 0: shape=(200, 16)
DEBUG:neural_network:Layer 0: added L2 gradient (alpha=0.0001)
DEBUG:neural_network:Layer 0 gradients: W shape=(784, 16), ||W||=0.8246, ||b||=0.0630
DEBUG:neural_network:Backward pass complete
DEBUG:neural_network:Updating weights with learning_rate=0.001
DEBUG:neural_network:Layer 0: weight norm 5.6352→5.6352, bias norm 0.0058→0.0059
DEBUG:neural_network:Layer 1: weight norm 3.7601→3.7601, bias norm 0.0054→0.0054
DEBUG:neural_network:Cross-entropy loss (unregularized): 2.257699
DEBUG:neural_network:L2 regularization term: 0.002295
DEBUG:neural_network:Total loss: 2.259993
DEBUG:neural_network:Forward pass input shape: (200, 784)
DEBUG:neural_network:Hidden layer 1: activation=relu, output range=[0.0000, 1.6515]
DEBUG:neural_network:Output layer: applied softmax, shape=(200, 10)
DEBUG:neural_network:Forward pass complete: 3 activations computed
DEBUG:neural_network:Backward pass: n_samples=200
DEBUG:neural_network:Output delta: shape=(200, 10), mean=0.000000, std=0.299660
DEBUG:neural_network:Layer 1: added L2 gradient (alpha=0.0001)
DEBUG:neural_network:Layer 1 gradients: W shape=(16, 10), ||W||=0.1447, ||b||=0.0878
DEBUG:neural_network:Propagated delta to layer 0: shape=(200, 16)
DEBUG:neural_network:Layer 0: added L2 gradient (alpha=0.0001)
DEBUG:neural_network:Layer 0 gradients: W shape=(784, 16), ||W||=0.9986, ||b||=0.1052
DEBUG:neural_network:Backward pass complete
DEBUG:neural_network:Updating weights with learning_rate=0.001
DEBUG:neural_network:Layer 0: weight norm 5.6352→5.6352, bias norm 0.0059→0.0059
DEBUG:neural_network:Layer 1: weight norm 3.7601→3.7601, bias norm 0.0054→0.0055
DEBUG:neural_network:Cross-entropy loss (unregularized): 2.288041
DEBUG:neural_network:L2 regularization term: 0.002295
DEBUG:neural_network:Total loss: 2.290336
DEBUG:neural_network:Forward pass input shape: (200, 784)
DEBUG:neural_network:Hidden layer 1: activation=relu, output range=[0.0000, 2.1656]
DEBUG:neural_network:Output layer: applied softmax, shape=(200, 10)
DEBUG:neural_network:Forward pass complete: 3 activations computed
DEBUG:neural_network:Backward pass: n_samples=200
DEBUG:neural_network:Output delta: shape=(200, 10), mean=0.000000, std=0.300701
DEBUG:neural_network:Layer 1: added L2 gradient (alpha=0.0001)
DEBUG:neural_network:Layer 1 gradients: W shape=(16, 10), ||W||=0.1574, ||b||=0.1183
DEBUG:neural_network:Propagated delta to layer 0: shape=(200, 16)
DEBUG:neural_network:Layer 0: added L2 gradient (alpha=0.0001)
DEBUG:neural_network:Layer 0 gradients: W shape=(784, 16), ||W||=1.0074, ||b||=0.1147
DEBUG:neural_network:Backward pass complete
DEBUG:neural_network:Updating weights with learning_rate=0.001
DEBUG:neural_network:Layer 0: weight norm 5.6352→5.6352, bias norm 0.0059→0.0060
DEBUG:neural_network:Layer 1: weight norm 3.7601→3.7601, bias norm 0.0055→0.0056
DEBUG:neural_network:Cross-entropy loss (unregularized): 2.311199
DEBUG:neural_network:L2 regularization term: 0.002295
DEBUG:neural_network:Total loss: 2.313493
DEBUG:neural_network:Forward pass input shape: (200, 784)
DEBUG:neural_network:Hidden layer 1: activation=relu, output range=[0.0000, 1.9027]
DEBUG:neural_network:Output layer: applied softmax, shape=(200, 10)
DEBUG:neural_network:Forward pass complete: 3 activations computed
DEBUG:neural_network:Backward pass: n_samples=200
DEBUG:neural_network:Output delta: shape=(200, 10), mean=0.000000, std=0.299274
DEBUG:neural_network:Layer 1: added L2 gradient (alpha=0.0001)
DEBUG:neural_network:Layer 1 gradients: W shape=(16, 10), ||W||=0.1849, ||b||=0.0849
DEBUG:neural_network:Propagated delta to layer 0: shape=(200, 16)
DEBUG:neural_network:Layer 0: added L2 gradient (alpha=0.0001)
DEBUG:neural_network:Layer 0 gradients: W shape=(784, 16), ||W||=0.9548, ||b||=0.0923
DEBUG:neural_network:Backward pass complete
DEBUG:neural_network:Updating weights with learning_rate=0.001
DEBUG:neural_network:Layer 0: weight norm 5.6352→5.6352, bias norm 0.0060→0.0061
DEBUG:neural_network:Layer 1: weight norm 3.7601→3.7601, bias norm 0.0056→0.0056
DEBUG:neural_network:Cross-entropy loss (unregularized): 2.263910
DEBUG:neural_network:L2 regularization term: 0.002295
DEBUG:neural_network:Total loss: 2.266205
DEBUG:neural_network:Forward pass input shape: (200, 784)
DEBUG:neural_network:Hidden layer 1: activation=relu, output range=[0.0000, 2.1672]
DEBUG:neural_network:Output layer: applied softmax, shape=(200, 10)
DEBUG:neural_network:Forward pass complete: 3 activations computed
DEBUG:neural_network:Backward pass: n_samples=200
DEBUG:neural_network:Output delta: shape=(200, 10), mean=0.000000, std=0.299816
DEBUG:neural_network:Layer 1: added L2 gradient (alpha=0.0001)
DEBUG:neural_network:Layer 1 gradients: W shape=(16, 10), ||W||=0.1515, ||b||=0.0956
DEBUG:neural_network:Propagated delta to layer 0: shape=(200, 16)
DEBUG:neural_network:Layer 0: added L2 gradient (alpha=0.0001)
DEBUG:neural_network:Layer 0 gradients: W shape=(784, 16), ||W||=1.0365, ||b||=0.1125
DEBUG:neural_network:Backward pass complete
DEBUG:neural_network:Updating weights with learning_rate=0.001
DEBUG:neural_network:Layer 0: weight norm 5.6352→5.6352, bias norm 0.0061→0.0062
DEBUG:neural_network:Layer 1: weight norm 3.7601→3.7601, bias norm 0.0056→0.0057
DEBUG:neural_network:Cross-entropy loss (unregularized): 2.285245
DEBUG:neural_network:L2 regularization term: 0.002295
DEBUG:neural_network:Total loss: 2.287539
DEBUG:neural_network:Forward pass input shape: (200, 784)
DEBUG:neural_network:Hidden layer 1: activation=relu, output range=[0.0000, 1.9420]
DEBUG:neural_network:Output layer: applied softmax, shape=(200, 10)
DEBUG:neural_network:Forward pass complete: 3 activations computed
DEBUG:neural_network:Backward pass: n_samples=200
DEBUG:neural_network:Output delta: shape=(200, 10), mean=-0.000000, std=0.298401
DEBUG:neural_network:Layer 1: added L2 gradient (alpha=0.0001)
DEBUG:neural_network:Layer 1 gradients: W shape=(16, 10), ||W||=0.1707, ||b||=0.0798
DEBUG:neural_network:Propagated delta to layer 0: shape=(200, 16)
DEBUG:neural_network:Layer 0: added L2 gradient (alpha=0.0001)
DEBUG:neural_network:Layer 0 gradients: W shape=(784, 16), ||W||=0.8869, ||b||=0.0764
DEBUG:neural_network:Backward pass complete
DEBUG:neural_network:Updating weights with learning_rate=0.001
DEBUG:neural_network:Layer 0: weight norm 5.6352→5.6352, bias norm 0.0062→0.0062
DEBUG:neural_network:Layer 1: weight norm 3.7601→3.7601, bias norm 0.0057→0.0057
DEBUG:neural_network:Cross-entropy loss (unregularized): 2.246859
DEBUG:neural_network:L2 regularization term: 0.002295
DEBUG:neural_network:Total loss: 2.249153
DEBUG:neural_network:Forward pass input shape: (200, 784)
DEBUG:neural_network:Hidden layer 1: activation=relu, output range=[0.0000, 1.9906]
DEBUG:neural_network:Output layer: applied softmax, shape=(200, 10)
DEBUG:neural_network:Forward pass complete: 3 activations computed
DEBUG:neural_network:Backward pass: n_samples=200
DEBUG:neural_network:Output delta: shape=(200, 10), mean=0.000000, std=0.300076
DEBUG:neural_network:Layer 1: added L2 gradient (alpha=0.0001)
DEBUG:neural_network:Layer 1 gradients: W shape=(16, 10), ||W||=0.1869, ||b||=0.1127
DEBUG:neural_network:Propagated delta to layer 0: shape=(200, 16)
DEBUG:neural_network:Layer 0: added L2 gradient (alpha=0.0001)
DEBUG:neural_network:Layer 0 gradients: W shape=(784, 16), ||W||=0.9857, ||b||=0.0871
DEBUG:neural_network:Backward pass complete
DEBUG:neural_network:Updating weights with learning_rate=0.001
DEBUG:neural_network:Layer 0: weight norm 5.6352→5.6352, bias norm 0.0062→0.0063
DEBUG:neural_network:Layer 1: weight norm 3.7601→3.7601, bias norm 0.0057→0.0058
DEBUG:neural_network:Cross-entropy loss (unregularized): 2.285323
DEBUG:neural_network:L2 regularization term: 0.002295
DEBUG:neural_network:Total loss: 2.287618
DEBUG:neural_network:Forward pass input shape: (200, 784)
DEBUG:neural_network:Hidden layer 1: activation=relu, output range=[0.0000, 1.8400]
DEBUG:neural_network:Output layer: applied softmax, shape=(200, 10)
DEBUG:neural_network:Forward pass complete: 3 activations computed
DEBUG:neural_network:Backward pass: n_samples=200
DEBUG:neural_network:Output delta: shape=(200, 10), mean=0.000000, std=0.300643
DEBUG:neural_network:Layer 1: added L2 gradient (alpha=0.0001)
DEBUG:neural_network:Layer 1 gradients: W shape=(16, 10), ||W||=0.1579, ||b||=0.0911
DEBUG:neural_network:Propagated delta to layer 0: shape=(200, 16)
DEBUG:neural_network:Layer 0: added L2 gradient (alpha=0.0001)
DEBUG:neural_network:Layer 0 gradients: W shape=(784, 16), ||W||=0.8648, ||b||=0.0834
DEBUG:neural_network:Backward pass complete
DEBUG:neural_network:Updating weights with learning_rate=0.001
DEBUG:neural_network:Layer 0: weight norm 5.6352→5.6352, bias norm 0.0063→0.0064
DEBUG:neural_network:Layer 1: weight norm 3.7601→3.7600, bias norm 0.0058→0.0059
DEBUG:neural_network:Cross-entropy loss (unregularized): 2.306523
DEBUG:neural_network:L2 regularization term: 0.002295
DEBUG:neural_network:Total loss: 2.308818
DEBUG:neural_network:Forward pass input shape: (200, 784)
DEBUG:neural_network:Hidden layer 1: activation=relu, output range=[0.0000, 1.9588]
DEBUG:neural_network:Output layer: applied softmax, shape=(200, 10)
DEBUG:neural_network:Forward pass complete: 3 activations computed
DEBUG:neural_network:Backward pass: n_samples=200
DEBUG:neural_network:Output delta: shape=(200, 10), mean=-0.000000, std=0.300794
DEBUG:neural_network:Layer 1: added L2 gradient (alpha=0.0001)
DEBUG:neural_network:Layer 1 gradients: W shape=(16, 10), ||W||=0.1618, ||b||=0.1002
DEBUG:neural_network:Propagated delta to layer 0: shape=(200, 16)
DEBUG:neural_network:Layer 0: added L2 gradient (alpha=0.0001)
DEBUG:neural_network:Layer 0 gradients: W shape=(784, 16), ||W||=0.9434, ||b||=0.0867
DEBUG:neural_network:Backward pass complete
DEBUG:neural_network:Updating weights with learning_rate=0.001
DEBUG:neural_network:Layer 0: weight norm 5.6352→5.6351, bias norm 0.0064→0.0064
DEBUG:neural_network:Layer 1: weight norm 3.7600→3.7600, bias norm 0.0059→0.0060
DEBUG:neural_network:Cross-entropy loss (unregularized): 2.308278
DEBUG:neural_network:L2 regularization term: 0.002295
DEBUG:neural_network:Total loss: 2.310573
INFO:neural_network:Epoch 1, Batch 70: loss=2.310573
DEBUG:neural_network:Forward pass input shape: (200, 784)
DEBUG:neural_network:Hidden layer 1: activation=relu, output range=[0.0000, 1.7180]
DEBUG:neural_network:Output layer: applied softmax, shape=(200, 10)
DEBUG:neural_network:Forward pass complete: 3 activations computed
DEBUG:neural_network:Backward pass: n_samples=200
DEBUG:neural_network:Output delta: shape=(200, 10), mean=-0.000000, std=0.301014
DEBUG:neural_network:Layer 1: added L2 gradient (alpha=0.0001)
DEBUG:neural_network:Layer 1 gradients: W shape=(16, 10), ||W||=0.1732, ||b||=0.1141
DEBUG:neural_network:Propagated delta to layer 0: shape=(200, 16)
DEBUG:neural_network:Layer 0: added L2 gradient (alpha=0.0001)
DEBUG:neural_network:Layer 0 gradients: W shape=(784, 16), ||W||=0.8981, ||b||=0.0965
DEBUG:neural_network:Backward pass complete
DEBUG:neural_network:Updating weights with learning_rate=0.001
DEBUG:neural_network:Layer 0: weight norm 5.6351→5.6351, bias norm 0.0064→0.0065
DEBUG:neural_network:Layer 1: weight norm 3.7600→3.7600, bias norm 0.0060→0.0061
DEBUG:neural_network:Cross-entropy loss (unregularized): 2.315953
DEBUG:neural_network:L2 regularization term: 0.002295
DEBUG:neural_network:Total loss: 2.318247
DEBUG:neural_network:Forward pass input shape: (200, 784)
DEBUG:neural_network:Hidden layer 1: activation=relu, output range=[0.0000, 1.9387]
DEBUG:neural_network:Output layer: applied softmax, shape=(200, 10)
DEBUG:neural_network:Forward pass complete: 3 activations computed
DEBUG:neural_network:Backward pass: n_samples=200
DEBUG:neural_network:Output delta: shape=(200, 10), mean=-0.000000, std=0.299318
DEBUG:neural_network:Layer 1: added L2 gradient (alpha=0.0001)
DEBUG:neural_network:Layer 1 gradients: W shape=(16, 10), ||W||=0.1852, ||b||=0.1151
DEBUG:neural_network:Propagated delta to layer 0: shape=(200, 16)
DEBUG:neural_network:Layer 0: added L2 gradient (alpha=0.0001)
DEBUG:neural_network:Layer 0 gradients: W shape=(784, 16), ||W||=0.9949, ||b||=0.0832
DEBUG:neural_network:Backward pass complete
DEBUG:neural_network:Updating weights with learning_rate=0.001
DEBUG:neural_network:Layer 0: weight norm 5.6351→5.6351, bias norm 0.0065→0.0066
DEBUG:neural_network:Layer 1: weight norm 3.7600→3.7600, bias norm 0.0061→0.0062
DEBUG:neural_network:Cross-entropy loss (unregularized): 2.267251
DEBUG:neural_network:L2 regularization term: 0.002295
DEBUG:neural_network:Total loss: 2.269545
DEBUG:neural_network:Forward pass input shape: (200, 784)
DEBUG:neural_network:Hidden layer 1: activation=relu, output range=[0.0000, 2.0620]
DEBUG:neural_network:Output layer: applied softmax, shape=(200, 10)
DEBUG:neural_network:Forward pass complete: 3 activations computed
DEBUG:neural_network:Backward pass: n_samples=200
DEBUG:neural_network:Output delta: shape=(200, 10), mean=0.000000, std=0.299821
DEBUG:neural_network:Layer 1: added L2 gradient (alpha=0.0001)
DEBUG:neural_network:Layer 1 gradients: W shape=(16, 10), ||W||=0.1539, ||b||=0.1153
DEBUG:neural_network:Propagated delta to layer 0: shape=(200, 16)
DEBUG:neural_network:Layer 0: added L2 gradient (alpha=0.0001)
DEBUG:neural_network:Layer 0 gradients: W shape=(784, 16), ||W||=0.8921, ||b||=0.0937
DEBUG:neural_network:Backward pass complete
DEBUG:neural_network:Updating weights with learning_rate=0.001
DEBUG:neural_network:Layer 0: weight norm 5.6351→5.6351, bias norm 0.0066→0.0067
DEBUG:neural_network:Layer 1: weight norm 3.7600→3.7600, bias norm 0.0062→0.0062
DEBUG:neural_network:Cross-entropy loss (unregularized): 2.281903
DEBUG:neural_network:L2 regularization term: 0.002295
DEBUG:neural_network:Total loss: 2.284198
DEBUG:neural_network:Forward pass input shape: (200, 784)
DEBUG:neural_network:Hidden layer 1: activation=relu, output range=[0.0000, 1.9253]
DEBUG:neural_network:Output layer: applied softmax, shape=(200, 10)
DEBUG:neural_network:Forward pass complete: 3 activations computed
DEBUG:neural_network:Backward pass: n_samples=200
DEBUG:neural_network:Output delta: shape=(200, 10), mean=0.000000, std=0.300894
DEBUG:neural_network:Layer 1: added L2 gradient (alpha=0.0001)
DEBUG:neural_network:Layer 1 gradients: W shape=(16, 10), ||W||=0.1696, ||b||=0.1214
DEBUG:neural_network:Propagated delta to layer 0: shape=(200, 16)
DEBUG:neural_network:Layer 0: added L2 gradient (alpha=0.0001)
DEBUG:neural_network:Layer 0 gradients: W shape=(784, 16), ||W||=0.8598, ||b||=0.0942
DEBUG:neural_network:Backward pass complete
DEBUG:neural_network:Updating weights with learning_rate=0.001
DEBUG:neural_network:Layer 0: weight norm 5.6351→5.6351, bias norm 0.0067→0.0067
DEBUG:neural_network:Layer 1: weight norm 3.7600→3.7600, bias norm 0.0062→0.0063
DEBUG:neural_network:Cross-entropy loss (unregularized): 2.323190
DEBUG:neural_network:L2 regularization term: 0.002295
DEBUG:neural_network:Total loss: 2.325484
DEBUG:neural_network:Forward pass input shape: (200, 784)
DEBUG:neural_network:Hidden layer 1: activation=relu, output range=[0.0000, 1.8182]
DEBUG:neural_network:Output layer: applied softmax, shape=(200, 10)
DEBUG:neural_network:Forward pass complete: 3 activations computed
DEBUG:neural_network:Backward pass: n_samples=200
DEBUG:neural_network:Output delta: shape=(200, 10), mean=0.000000, std=0.298799
DEBUG:neural_network:Layer 1: added L2 gradient (alpha=0.0001)
DEBUG:neural_network:Layer 1 gradients: W shape=(16, 10), ||W||=0.1900, ||b||=0.0970
DEBUG:neural_network:Propagated delta to layer 0: shape=(200, 16)
DEBUG:neural_network:Layer 0: added L2 gradient (alpha=0.0001)
DEBUG:neural_network:Layer 0 gradients: W shape=(784, 16), ||W||=0.9227, ||b||=0.0792
DEBUG:neural_network:Backward pass complete
DEBUG:neural_network:Updating weights with learning_rate=0.001
DEBUG:neural_network:Layer 0: weight norm 5.6351→5.6351, bias norm 0.0067→0.0068
DEBUG:neural_network:Layer 1: weight norm 3.7600→3.7600, bias norm 0.0063→0.0064
DEBUG:neural_network:Cross-entropy loss (unregularized): 2.250380
DEBUG:neural_network:L2 regularization term: 0.002295
DEBUG:neural_network:Total loss: 2.252675
DEBUG:neural_network:Forward pass input shape: (200, 784)
DEBUG:neural_network:Hidden layer 1: activation=relu, output range=[0.0000, 2.3534]
DEBUG:neural_network:Output layer: applied softmax, shape=(200, 10)
DEBUG:neural_network:Forward pass complete: 3 activations computed
DEBUG:neural_network:Backward pass: n_samples=200
DEBUG:neural_network:Output delta: shape=(200, 10), mean=0.000000, std=0.301296
DEBUG:neural_network:Layer 1: added L2 gradient (alpha=0.0001)
DEBUG:neural_network:Layer 1 gradients: W shape=(16, 10), ||W||=0.2210, ||b||=0.1578
DEBUG:neural_network:Propagated delta to layer 0: shape=(200, 16)
DEBUG:neural_network:Layer 0: added L2 gradient (alpha=0.0001)
DEBUG:neural_network:Layer 0 gradients: W shape=(784, 16), ||W||=0.9405, ||b||=0.1142
DEBUG:neural_network:Backward pass complete
DEBUG:neural_network:Updating weights with learning_rate=0.001
DEBUG:neural_network:Layer 0: weight norm 5.6351→5.6351, bias norm 0.0068→0.0069
DEBUG:neural_network:Layer 1: weight norm 3.7600→3.7600, bias norm 0.0064→0.0065
DEBUG:neural_network:Cross-entropy loss (unregularized): 2.311815
DEBUG:neural_network:L2 regularization term: 0.002295
DEBUG:neural_network:Total loss: 2.314109
DEBUG:neural_network:Forward pass input shape: (200, 784)
DEBUG:neural_network:Hidden layer 1: activation=relu, output range=[0.0000, 1.7360]
DEBUG:neural_network:Output layer: applied softmax, shape=(200, 10)
DEBUG:neural_network:Forward pass complete: 3 activations computed
DEBUG:neural_network:Backward pass: n_samples=200
DEBUG:neural_network:Output delta: shape=(200, 10), mean=-0.000000, std=0.300617
DEBUG:neural_network:Layer 1: added L2 gradient (alpha=0.0001)
DEBUG:neural_network:Layer 1 gradients: W shape=(16, 10), ||W||=0.1538, ||b||=0.0893
DEBUG:neural_network:Propagated delta to layer 0: shape=(200, 16)
DEBUG:neural_network:Layer 0: added L2 gradient (alpha=0.0001)
DEBUG:neural_network:Layer 0 gradients: W shape=(784, 16), ||W||=0.9712, ||b||=0.1009
DEBUG:neural_network:Backward pass complete
DEBUG:neural_network:Updating weights with learning_rate=0.001
DEBUG:neural_network:Layer 0: weight norm 5.6351→5.6351, bias norm 0.0069→0.0070
DEBUG:neural_network:Layer 1: weight norm 3.7600→3.7599, bias norm 0.0065→0.0066
DEBUG:neural_network:Cross-entropy loss (unregularized): 2.305854
DEBUG:neural_network:L2 regularization term: 0.002295
DEBUG:neural_network:Total loss: 2.308149
DEBUG:neural_network:Forward pass input shape: (200, 784)
DEBUG:neural_network:Hidden layer 1: activation=relu, output range=[0.0000, 1.6100]
DEBUG:neural_network:Output layer: applied softmax, shape=(200, 10)
DEBUG:neural_network:Forward pass complete: 3 activations computed
DEBUG:neural_network:Backward pass: n_samples=200
DEBUG:neural_network:Output delta: shape=(200, 10), mean=0.000000, std=0.300397
DEBUG:neural_network:Layer 1: added L2 gradient (alpha=0.0001)
DEBUG:neural_network:Layer 1 gradients: W shape=(16, 10), ||W||=0.1547, ||b||=0.1033
DEBUG:neural_network:Propagated delta to layer 0: shape=(200, 16)
DEBUG:neural_network:Layer 0: added L2 gradient (alpha=0.0001)
DEBUG:neural_network:Layer 0 gradients: W shape=(784, 16), ||W||=0.9710, ||b||=0.1015
DEBUG:neural_network:Backward pass complete
DEBUG:neural_network:Updating weights with learning_rate=0.001
DEBUG:neural_network:Layer 0: weight norm 5.6351→5.6351, bias norm 0.0070→0.0071
DEBUG:neural_network:Layer 1: weight norm 3.7599→3.7599, bias norm 0.0066→0.0067
DEBUG:neural_network:Cross-entropy loss (unregularized): 2.294842
DEBUG:neural_network:L2 regularization term: 0.002295
DEBUG:neural_network:Total loss: 2.297137
DEBUG:neural_network:Forward pass input shape: (200, 784)
DEBUG:neural_network:Hidden layer 1: activation=relu, output range=[0.0000, 1.7747]
DEBUG:neural_network:Output layer: applied softmax, shape=(200, 10)
DEBUG:neural_network:Forward pass complete: 3 activations computed
DEBUG:neural_network:Backward pass: n_samples=200
DEBUG:neural_network:Output delta: shape=(200, 10), mean=0.000000, std=0.300500
DEBUG:neural_network:Layer 1: added L2 gradient (alpha=0.0001)
DEBUG:neural_network:Layer 1 gradients: W shape=(16, 10), ||W||=0.1719, ||b||=0.1287
DEBUG:neural_network:Propagated delta to layer 0: shape=(200, 16)
DEBUG:neural_network:Layer 0: added L2 gradient (alpha=0.0001)
DEBUG:neural_network:Layer 0 gradients: W shape=(784, 16), ||W||=0.9303, ||b||=0.1153
DEBUG:neural_network:Backward pass complete
DEBUG:neural_network:Updating weights with learning_rate=0.001
DEBUG:neural_network:Layer 0: weight norm 5.6351→5.6351, bias norm 0.0071→0.0071
DEBUG:neural_network:Layer 1: weight norm 3.7599→3.7599, bias norm 0.0067→0.0068
DEBUG:neural_network:Cross-entropy loss (unregularized): 2.304529
DEBUG:neural_network:L2 regularization term: 0.002295
DEBUG:neural_network:Total loss: 2.306824
DEBUG:neural_network:Forward pass input shape: (200, 784)
DEBUG:neural_network:Hidden layer 1: activation=relu, output range=[0.0000, 1.6569]
DEBUG:neural_network:Output layer: applied softmax, shape=(200, 10)
DEBUG:neural_network:Forward pass complete: 3 activations computed
DEBUG:neural_network:Backward pass: n_samples=200
DEBUG:neural_network:Output delta: shape=(200, 10), mean=-0.000000, std=0.300519
DEBUG:neural_network:Layer 1: added L2 gradient (alpha=0.0001)
DEBUG:neural_network:Layer 1 gradients: W shape=(16, 10), ||W||=0.1506, ||b||=0.0888
DEBUG:neural_network:Propagated delta to layer 0: shape=(200, 16)
DEBUG:neural_network:Layer 0: added L2 gradient (alpha=0.0001)
DEBUG:neural_network:Layer 0 gradients: W shape=(784, 16), ||W||=0.8746, ||b||=0.0845
DEBUG:neural_network:Backward pass complete
DEBUG:neural_network:Updating weights with learning_rate=0.001
DEBUG:neural_network:Layer 0: weight norm 5.6351→5.6351, bias norm 0.0071→0.0072
DEBUG:neural_network:Layer 1: weight norm 3.7599→3.7599, bias norm 0.0068→0.0068
DEBUG:neural_network:Cross-entropy loss (unregularized): 2.304502
DEBUG:neural_network:L2 regularization term: 0.002295
DEBUG:neural_network:Total loss: 2.306797
INFO:neural_network:Epoch 1, Batch 80: loss=2.306797
DEBUG:neural_network:Forward pass input shape: (200, 784)
DEBUG:neural_network:Hidden layer 1: activation=relu, output range=[0.0000, 1.8849]
DEBUG:neural_network:Output layer: applied softmax, shape=(200, 10)
DEBUG:neural_network:Forward pass complete: 3 activations computed
DEBUG:neural_network:Backward pass: n_samples=200
DEBUG:neural_network:Output delta: shape=(200, 10), mean=-0.000000, std=0.299539
DEBUG:neural_network:Layer 1: added L2 gradient (alpha=0.0001)
DEBUG:neural_network:Layer 1 gradients: W shape=(16, 10), ||W||=0.1512, ||b||=0.0748
DEBUG:neural_network:Propagated delta to layer 0: shape=(200, 16)
DEBUG:neural_network:Layer 0: added L2 gradient (alpha=0.0001)
DEBUG:neural_network:Layer 0 gradients: W shape=(784, 16), ||W||=0.9690, ||b||=0.0988
DEBUG:neural_network:Backward pass complete
DEBUG:neural_network:Updating weights with learning_rate=0.001
DEBUG:neural_network:Layer 0: weight norm 5.6351→5.6350, bias norm 0.0072→0.0072
DEBUG:neural_network:Layer 1: weight norm 3.7599→3.7599, bias norm 0.0068→0.0069
DEBUG:neural_network:Cross-entropy loss (unregularized): 2.274285
DEBUG:neural_network:L2 regularization term: 0.002295
DEBUG:neural_network:Total loss: 2.276579
DEBUG:neural_network:Forward pass input shape: (200, 784)
DEBUG:neural_network:Hidden layer 1: activation=relu, output range=[0.0000, 2.1191]
DEBUG:neural_network:Output layer: applied softmax, shape=(200, 10)
DEBUG:neural_network:Forward pass complete: 3 activations computed
DEBUG:neural_network:Backward pass: n_samples=200
DEBUG:neural_network:Output delta: shape=(200, 10), mean=-0.000000, std=0.300425
DEBUG:neural_network:Layer 1: added L2 gradient (alpha=0.0001)
DEBUG:neural_network:Layer 1 gradients: W shape=(16, 10), ||W||=0.1631, ||b||=0.1165
DEBUG:neural_network:Propagated delta to layer 0: shape=(200, 16)
DEBUG:neural_network:Layer 0: added L2 gradient (alpha=0.0001)
DEBUG:neural_network:Layer 0 gradients: W shape=(784, 16), ||W||=1.0162, ||b||=0.1184
DEBUG:neural_network:Backward pass complete
DEBUG:neural_network:Updating weights with learning_rate=0.001
DEBUG:neural_network:Layer 0: weight norm 5.6350→5.6350, bias norm 0.0072→0.0073
DEBUG:neural_network:Layer 1: weight norm 3.7599→3.7599, bias norm 0.0069→0.0069
DEBUG:neural_network:Cross-entropy loss (unregularized): 2.295575
DEBUG:neural_network:L2 regularization term: 0.002295
DEBUG:neural_network:Total loss: 2.297869
DEBUG:neural_network:Forward pass input shape: (200, 784)
DEBUG:neural_network:Hidden layer 1: activation=relu, output range=[0.0000, 1.5708]
DEBUG:neural_network:Output layer: applied softmax, shape=(200, 10)
DEBUG:neural_network:Forward pass complete: 3 activations computed
DEBUG:neural_network:Backward pass: n_samples=200
DEBUG:neural_network:Output delta: shape=(200, 10), mean=0.000000, std=0.299090
DEBUG:neural_network:Layer 1: added L2 gradient (alpha=0.0001)
DEBUG:neural_network:Layer 1 gradients: W shape=(16, 10), ||W||=0.1354, ||b||=0.0757
DEBUG:neural_network:Propagated delta to layer 0: shape=(200, 16)
DEBUG:neural_network:Layer 0: added L2 gradient (alpha=0.0001)
DEBUG:neural_network:Layer 0 gradients: W shape=(784, 16), ||W||=0.9165, ||b||=0.0847
DEBUG:neural_network:Backward pass complete
DEBUG:neural_network:Updating weights with learning_rate=0.001
DEBUG:neural_network:Layer 0: weight norm 5.6350→5.6350, bias norm 0.0073→0.0074
DEBUG:neural_network:Layer 1: weight norm 3.7599→3.7599, bias norm 0.0069→0.0070
DEBUG:neural_network:Cross-entropy loss (unregularized): 2.266912
DEBUG:neural_network:L2 regularization term: 0.002295
DEBUG:neural_network:Total loss: 2.269207
DEBUG:neural_network:Forward pass input shape: (200, 784)
DEBUG:neural_network:Hidden layer 1: activation=relu, output range=[0.0000, 1.6609]
DEBUG:neural_network:Output layer: applied softmax, shape=(200, 10)
DEBUG:neural_network:Forward pass complete: 3 activations computed
DEBUG:neural_network:Backward pass: n_samples=200
DEBUG:neural_network:Output delta: shape=(200, 10), mean=0.000000, std=0.299948
DEBUG:neural_network:Layer 1: added L2 gradient (alpha=0.0001)
DEBUG:neural_network:Layer 1 gradients: W shape=(16, 10), ||W||=0.1488, ||b||=0.0964
DEBUG:neural_network:Propagated delta to layer 0: shape=(200, 16)
DEBUG:neural_network:Layer 0: added L2 gradient (alpha=0.0001)
DEBUG:neural_network:Layer 0 gradients: W shape=(784, 16), ||W||=0.9178, ||b||=0.0858
DEBUG:neural_network:Backward pass complete
DEBUG:neural_network:Updating weights with learning_rate=0.001
DEBUG:neural_network:Layer 0: weight norm 5.6350→5.6350, bias norm 0.0074→0.0074
DEBUG:neural_network:Layer 1: weight norm 3.7599→3.7599, bias norm 0.0070→0.0071
DEBUG:neural_network:Cross-entropy loss (unregularized): 2.291070
DEBUG:neural_network:L2 regularization term: 0.002295
DEBUG:neural_network:Total loss: 2.293365
DEBUG:neural_network:Forward pass input shape: (200, 784)
DEBUG:neural_network:Hidden layer 1: activation=relu, output range=[0.0000, 1.9105]
DEBUG:neural_network:Output layer: applied softmax, shape=(200, 10)
DEBUG:neural_network:Forward pass complete: 3 activations computed
DEBUG:neural_network:Backward pass: n_samples=200
DEBUG:neural_network:Output delta: shape=(200, 10), mean=0.000000, std=0.300404
DEBUG:neural_network:Layer 1: added L2 gradient (alpha=0.0001)
DEBUG:neural_network:Layer 1 gradients: W shape=(16, 10), ||W||=0.1702, ||b||=0.0856
DEBUG:neural_network:Propagated delta to layer 0: shape=(200, 16)
DEBUG:neural_network:Layer 0: added L2 gradient (alpha=0.0001)
DEBUG:neural_network:Layer 0 gradients: W shape=(784, 16), ||W||=0.9095, ||b||=0.0834
DEBUG:neural_network:Backward pass complete
DEBUG:neural_network:Updating weights with learning_rate=0.001
DEBUG:neural_network:Layer 0: weight norm 5.6350→5.6350, bias norm 0.0074→0.0075
DEBUG:neural_network:Layer 1: weight norm 3.7599→3.7598, bias norm 0.0071→0.0072
DEBUG:neural_network:Cross-entropy loss (unregularized): 2.298969
DEBUG:neural_network:L2 regularization term: 0.002294
DEBUG:neural_network:Total loss: 2.301264
DEBUG:neural_network:Forward pass input shape: (200, 784)
DEBUG:neural_network:Hidden layer 1: activation=relu, output range=[0.0000, 1.9603]
DEBUG:neural_network:Output layer: applied softmax, shape=(200, 10)
DEBUG:neural_network:Forward pass complete: 3 activations computed
DEBUG:neural_network:Backward pass: n_samples=200
DEBUG:neural_network:Output delta: shape=(200, 10), mean=-0.000000, std=0.300192
DEBUG:neural_network:Layer 1: added L2 gradient (alpha=0.0001)
DEBUG:neural_network:Layer 1 gradients: W shape=(16, 10), ||W||=0.1660, ||b||=0.1008
DEBUG:neural_network:Propagated delta to layer 0: shape=(200, 16)
DEBUG:neural_network:Layer 0: added L2 gradient (alpha=0.0001)
DEBUG:neural_network:Layer 0 gradients: W shape=(784, 16), ||W||=0.9436, ||b||=0.1010
DEBUG:neural_network:Backward pass complete
DEBUG:neural_network:Updating weights with learning_rate=0.001
DEBUG:neural_network:Layer 0: weight norm 5.6350→5.6350, bias norm 0.0075→0.0076
DEBUG:neural_network:Layer 1: weight norm 3.7598→3.7598, bias norm 0.0072→0.0072
DEBUG:neural_network:Cross-entropy loss (unregularized): 2.298338
DEBUG:neural_network:L2 regularization term: 0.002294
DEBUG:neural_network:Total loss: 2.300632
DEBUG:neural_network:Forward pass input shape: (200, 784)
DEBUG:neural_network:Hidden layer 1: activation=relu, output range=[0.0000, 1.9888]
DEBUG:neural_network:Output layer: applied softmax, shape=(200, 10)
DEBUG:neural_network:Forward pass complete: 3 activations computed
DEBUG:neural_network:Backward pass: n_samples=200
DEBUG:neural_network:Output delta: shape=(200, 10), mean=-0.000000, std=0.300063
DEBUG:neural_network:Layer 1: added L2 gradient (alpha=0.0001)
DEBUG:neural_network:Layer 1 gradients: W shape=(16, 10), ||W||=0.1462, ||b||=0.0969
DEBUG:neural_network:Propagated delta to layer 0: shape=(200, 16)
DEBUG:neural_network:Layer 0: added L2 gradient (alpha=0.0001)
DEBUG:neural_network:Layer 0 gradients: W shape=(784, 16), ||W||=1.0230, ||b||=0.1242
DEBUG:neural_network:Backward pass complete
DEBUG:neural_network:Updating weights with learning_rate=0.001
DEBUG:neural_network:Layer 0: weight norm 5.6350→5.6350, bias norm 0.0076→0.0077
DEBUG:neural_network:Layer 1: weight norm 3.7598→3.7598, bias norm 0.0072→0.0073
DEBUG:neural_network:Cross-entropy loss (unregularized): 2.291990
DEBUG:neural_network:L2 regularization term: 0.002294
DEBUG:neural_network:Total loss: 2.294285
DEBUG:neural_network:Forward pass input shape: (200, 784)
DEBUG:neural_network:Hidden layer 1: activation=relu, output range=[0.0000, 1.9217]
DEBUG:neural_network:Output layer: applied softmax, shape=(200, 10)
DEBUG:neural_network:Forward pass complete: 3 activations computed
DEBUG:neural_network:Backward pass: n_samples=200
DEBUG:neural_network:Output delta: shape=(200, 10), mean=-0.000000, std=0.298949
DEBUG:neural_network:Layer 1: added L2 gradient (alpha=0.0001)
DEBUG:neural_network:Layer 1 gradients: W shape=(16, 10), ||W||=0.1766, ||b||=0.1020
DEBUG:neural_network:Propagated delta to layer 0: shape=(200, 16)
DEBUG:neural_network:Layer 0: added L2 gradient (alpha=0.0001)
DEBUG:neural_network:Layer 0 gradients: W shape=(784, 16), ||W||=1.0651, ||b||=0.1215
DEBUG:neural_network:Backward pass complete
DEBUG:neural_network:Updating weights with learning_rate=0.001
DEBUG:neural_network:Layer 0: weight norm 5.6350→5.6350, bias norm 0.0077→0.0077
DEBUG:neural_network:Layer 1: weight norm 3.7598→3.7598, bias norm 0.0073→0.0073
DEBUG:neural_network:Cross-entropy loss (unregularized): 2.259161
DEBUG:neural_network:L2 regularization term: 0.002294
DEBUG:neural_network:Total loss: 2.261456
DEBUG:neural_network:Forward pass input shape: (200, 784)
DEBUG:neural_network:Hidden layer 1: activation=relu, output range=[0.0000, 1.6563]
DEBUG:neural_network:Output layer: applied softmax, shape=(200, 10)
DEBUG:neural_network:Forward pass complete: 3 activations computed
DEBUG:neural_network:Backward pass: n_samples=200
DEBUG:neural_network:Output delta: shape=(200, 10), mean=0.000000, std=0.300478
DEBUG:neural_network:Layer 1: added L2 gradient (alpha=0.0001)
DEBUG:neural_network:Layer 1 gradients: W shape=(16, 10), ||W||=0.1856, ||b||=0.0976
DEBUG:neural_network:Propagated delta to layer 0: shape=(200, 16)
DEBUG:neural_network:Layer 0: added L2 gradient (alpha=0.0001)
DEBUG:neural_network:Layer 0 gradients: W shape=(784, 16), ||W||=0.9023, ||b||=0.0856
DEBUG:neural_network:Backward pass complete
DEBUG:neural_network:Updating weights with learning_rate=0.001
DEBUG:neural_network:Layer 0: weight norm 5.6350→5.6350, bias norm 0.0077→0.0078
DEBUG:neural_network:Layer 1: weight norm 3.7598→3.7598, bias norm 0.0073→0.0074
DEBUG:neural_network:Cross-entropy loss (unregularized): 2.296648
DEBUG:neural_network:L2 regularization term: 0.002294
DEBUG:neural_network:Total loss: 2.298943
DEBUG:neural_network:Forward pass input shape: (200, 784)
DEBUG:neural_network:Hidden layer 1: activation=relu, output range=[0.0000, 1.9881]
DEBUG:neural_network:Output layer: applied softmax, shape=(200, 10)
DEBUG:neural_network:Forward pass complete: 3 activations computed
DEBUG:neural_network:Backward pass: n_samples=200
DEBUG:neural_network:Output delta: shape=(200, 10), mean=0.000000, std=0.299419
DEBUG:neural_network:Layer 1: added L2 gradient (alpha=0.0001)
DEBUG:neural_network:Layer 1 gradients: W shape=(16, 10), ||W||=0.1864, ||b||=0.1218
DEBUG:neural_network:Propagated delta to layer 0: shape=(200, 16)
DEBUG:neural_network:Layer 0: added L2 gradient (alpha=0.0001)
DEBUG:neural_network:Layer 0 gradients: W shape=(784, 16), ||W||=0.9674, ||b||=0.1074
DEBUG:neural_network:Backward pass complete
DEBUG:neural_network:Updating weights with learning_rate=0.001
DEBUG:neural_network:Layer 0: weight norm 5.6350→5.6350, bias norm 0.0078→0.0079
DEBUG:neural_network:Layer 1: weight norm 3.7598→3.7598, bias norm 0.0074→0.0075
DEBUG:neural_network:Cross-entropy loss (unregularized): 2.277716
DEBUG:neural_network:L2 regularization term: 0.002294
DEBUG:neural_network:Total loss: 2.280011
INFO:neural_network:Epoch 1, Batch 90: loss=2.280011
DEBUG:neural_network:Forward pass input shape: (200, 784)
DEBUG:neural_network:Hidden layer 1: activation=relu, output range=[0.0000, 1.6215]
DEBUG:neural_network:Output layer: applied softmax, shape=(200, 10)
DEBUG:neural_network:Forward pass complete: 3 activations computed
DEBUG:neural_network:Backward pass: n_samples=200
DEBUG:neural_network:Output delta: shape=(200, 10), mean=0.000000, std=0.300457
DEBUG:neural_network:Layer 1: added L2 gradient (alpha=0.0001)
DEBUG:neural_network:Layer 1 gradients: W shape=(16, 10), ||W||=0.1567, ||b||=0.1168
DEBUG:neural_network:Propagated delta to layer 0: shape=(200, 16)
DEBUG:neural_network:Layer 0: added L2 gradient (alpha=0.0001)
DEBUG:neural_network:Layer 0 gradients: W shape=(784, 16), ||W||=0.9222, ||b||=0.0986
DEBUG:neural_network:Backward pass complete
DEBUG:neural_network:Updating weights with learning_rate=0.001
DEBUG:neural_network:Layer 0: weight norm 5.6350→5.6350, bias norm 0.0079→0.0080
DEBUG:neural_network:Layer 1: weight norm 3.7598→3.7598, bias norm 0.0075→0.0076
DEBUG:neural_network:Cross-entropy loss (unregularized): 2.295462
DEBUG:neural_network:L2 regularization term: 0.002294
DEBUG:neural_network:Total loss: 2.297756
DEBUG:neural_network:Forward pass input shape: (200, 784)
DEBUG:neural_network:Hidden layer 1: activation=relu, output range=[0.0000, 1.7275]
DEBUG:neural_network:Output layer: applied softmax, shape=(200, 10)
DEBUG:neural_network:Forward pass complete: 3 activations computed
DEBUG:neural_network:Backward pass: n_samples=200
DEBUG:neural_network:Output delta: shape=(200, 10), mean=-0.000000, std=0.298843
DEBUG:neural_network:Layer 1: added L2 gradient (alpha=0.0001)
DEBUG:neural_network:Layer 1 gradients: W shape=(16, 10), ||W||=0.1419, ||b||=0.0776
DEBUG:neural_network:Propagated delta to layer 0: shape=(200, 16)
DEBUG:neural_network:Layer 0: added L2 gradient (alpha=0.0001)
DEBUG:neural_network:Layer 0 gradients: W shape=(784, 16), ||W||=0.8789, ||b||=0.0716
DEBUG:neural_network:Backward pass complete
DEBUG:neural_network:Updating weights with learning_rate=0.001
DEBUG:neural_network:Layer 0: weight norm 5.6350→5.6350, bias norm 0.0080→0.0080
DEBUG:neural_network:Layer 1: weight norm 3.7598→3.7598, bias norm 0.0076→0.0076
DEBUG:neural_network:Cross-entropy loss (unregularized): 2.259457
DEBUG:neural_network:L2 regularization term: 0.002294
DEBUG:neural_network:Total loss: 2.261751
DEBUG:neural_network:Forward pass input shape: (200, 784)
DEBUG:neural_network:Hidden layer 1: activation=relu, output range=[0.0000, 1.9323]
DEBUG:neural_network:Output layer: applied softmax, shape=(200, 10)
DEBUG:neural_network:Forward pass complete: 3 activations computed
DEBUG:neural_network:Backward pass: n_samples=200
DEBUG:neural_network:Output delta: shape=(200, 10), mean=-0.000000, std=0.300967
DEBUG:neural_network:Layer 1: added L2 gradient (alpha=0.0001)
DEBUG:neural_network:Layer 1 gradients: W shape=(16, 10), ||W||=0.1781, ||b||=0.1272
DEBUG:neural_network:Propagated delta to layer 0: shape=(200, 16)
DEBUG:neural_network:Layer 0: added L2 gradient (alpha=0.0001)
DEBUG:neural_network:Layer 0 gradients: W shape=(784, 16), ||W||=0.9679, ||b||=0.0988
DEBUG:neural_network:Backward pass complete
DEBUG:neural_network:Updating weights with learning_rate=0.001
DEBUG:neural_network:Layer 0: weight norm 5.6350→5.6350, bias norm 0.0080→0.0081
DEBUG:neural_network:Layer 1: weight norm 3.7598→3.7598, bias norm 0.0076→0.0077
DEBUG:neural_network:Cross-entropy loss (unregularized): 2.306576
DEBUG:neural_network:L2 regularization term: 0.002294
DEBUG:neural_network:Total loss: 2.308870
DEBUG:neural_network:Forward pass input shape: (200, 784)
DEBUG:neural_network:Hidden layer 1: activation=relu, output range=[0.0000, 1.6450]
DEBUG:neural_network:Output layer: applied softmax, shape=(200, 10)
DEBUG:neural_network:Forward pass complete: 3 activations computed
DEBUG:neural_network:Backward pass: n_samples=200
DEBUG:neural_network:Output delta: shape=(200, 10), mean=-0.000000, std=0.299901
DEBUG:neural_network:Layer 1: added L2 gradient (alpha=0.0001)
DEBUG:neural_network:Layer 1 gradients: W shape=(16, 10), ||W||=0.1723, ||b||=0.0977
DEBUG:neural_network:Propagated delta to layer 0: shape=(200, 16)
DEBUG:neural_network:Layer 0: added L2 gradient (alpha=0.0001)
DEBUG:neural_network:Layer 0 gradients: W shape=(784, 16), ||W||=1.0182, ||b||=0.1134
DEBUG:neural_network:Backward pass complete
DEBUG:neural_network:Updating weights with learning_rate=0.001
DEBUG:neural_network:Layer 0: weight norm 5.6350→5.6350, bias norm 0.0081→0.0082
DEBUG:neural_network:Layer 1: weight norm 3.7598→3.7598, bias norm 0.0077→0.0077
DEBUG:neural_network:Cross-entropy loss (unregularized): 2.274287
DEBUG:neural_network:L2 regularization term: 0.002294
DEBUG:neural_network:Total loss: 2.276581
DEBUG:neural_network:Forward pass input shape: (200, 784)
DEBUG:neural_network:Hidden layer 1: activation=relu, output range=[0.0000, 1.8118]
DEBUG:neural_network:Output layer: applied softmax, shape=(200, 10)
DEBUG:neural_network:Forward pass complete: 3 activations computed
DEBUG:neural_network:Backward pass: n_samples=200
DEBUG:neural_network:Output delta: shape=(200, 10), mean=0.000000, std=0.299683
DEBUG:neural_network:Layer 1: added L2 gradient (alpha=0.0001)
DEBUG:neural_network:Layer 1 gradients: W shape=(16, 10), ||W||=0.1718, ||b||=0.0976
DEBUG:neural_network:Propagated delta to layer 0: shape=(200, 16)
DEBUG:neural_network:Layer 0: added L2 gradient (alpha=0.0001)
DEBUG:neural_network:Layer 0 gradients: W shape=(784, 16), ||W||=0.9705, ||b||=0.1008
DEBUG:neural_network:Backward pass complete
DEBUG:neural_network:Updating weights with learning_rate=0.001
DEBUG:neural_network:Layer 0: weight norm 5.6350→5.6349, bias norm 0.0082→0.0083
DEBUG:neural_network:Layer 1: weight norm 3.7598→3.7597, bias norm 0.0077→0.0078
DEBUG:neural_network:Cross-entropy loss (unregularized): 2.277434
DEBUG:neural_network:L2 regularization term: 0.002294
DEBUG:neural_network:Total loss: 2.279729
DEBUG:neural_network:Forward pass input shape: (200, 784)
DEBUG:neural_network:Hidden layer 1: activation=relu, output range=[0.0000, 1.6579]
DEBUG:neural_network:Output layer: applied softmax, shape=(200, 10)
DEBUG:neural_network:Forward pass complete: 3 activations computed
DEBUG:neural_network:Backward pass: n_samples=200
DEBUG:neural_network:Output delta: shape=(200, 10), mean=-0.000000, std=0.299517
DEBUG:neural_network:Layer 1: added L2 gradient (alpha=0.0001)
DEBUG:neural_network:Layer 1 gradients: W shape=(16, 10), ||W||=0.1504, ||b||=0.0854
DEBUG:neural_network:Propagated delta to layer 0: shape=(200, 16)
DEBUG:neural_network:Layer 0: added L2 gradient (alpha=0.0001)
DEBUG:neural_network:Layer 0 gradients: W shape=(784, 16), ||W||=0.9105, ||b||=0.0957
DEBUG:neural_network:Backward pass complete
DEBUG:neural_network:Updating weights with learning_rate=0.001
DEBUG:neural_network:Layer 0: weight norm 5.6349→5.6349, bias norm 0.0083→0.0083
DEBUG:neural_network:Layer 1: weight norm 3.7597→3.7597, bias norm 0.0078→0.0078
DEBUG:neural_network:Cross-entropy loss (unregularized): 2.284773
DEBUG:neural_network:L2 regularization term: 0.002294
DEBUG:neural_network:Total loss: 2.287067
DEBUG:neural_network:Forward pass input shape: (200, 784)
DEBUG:neural_network:Hidden layer 1: activation=relu, output range=[0.0000, 1.8988]
DEBUG:neural_network:Output layer: applied softmax, shape=(200, 10)
DEBUG:neural_network:Forward pass complete: 3 activations computed
DEBUG:neural_network:Backward pass: n_samples=200
DEBUG:neural_network:Output delta: shape=(200, 10), mean=0.000000, std=0.299423
DEBUG:neural_network:Layer 1: added L2 gradient (alpha=0.0001)
DEBUG:neural_network:Layer 1 gradients: W shape=(16, 10), ||W||=0.1423, ||b||=0.0710
DEBUG:neural_network:Propagated delta to layer 0: shape=(200, 16)
DEBUG:neural_network:Layer 0: added L2 gradient (alpha=0.0001)
DEBUG:neural_network:Layer 0 gradients: W shape=(784, 16), ||W||=0.9162, ||b||=0.0852
DEBUG:neural_network:Backward pass complete
DEBUG:neural_network:Updating weights with learning_rate=0.001
DEBUG:neural_network:Layer 0: weight norm 5.6349→5.6349, bias norm 0.0083→0.0084
DEBUG:neural_network:Layer 1: weight norm 3.7597→3.7597, bias norm 0.0078→0.0079
DEBUG:neural_network:Cross-entropy loss (unregularized): 2.271190
DEBUG:neural_network:L2 regularization term: 0.002294
DEBUG:neural_network:Total loss: 2.273484
DEBUG:neural_network:Forward pass input shape: (200, 784)
DEBUG:neural_network:Hidden layer 1: activation=relu, output range=[0.0000, 1.8088]
DEBUG:neural_network:Output layer: applied softmax, shape=(200, 10)
DEBUG:neural_network:Forward pass complete: 3 activations computed
DEBUG:neural_network:Backward pass: n_samples=200
DEBUG:neural_network:Output delta: shape=(200, 10), mean=0.000000, std=0.301273
DEBUG:neural_network:Layer 1: added L2 gradient (alpha=0.0001)
DEBUG:neural_network:Layer 1 gradients: W shape=(16, 10), ||W||=0.1733, ||b||=0.1225
DEBUG:neural_network:Propagated delta to layer 0: shape=(200, 16)
DEBUG:neural_network:Layer 0: added L2 gradient (alpha=0.0001)
DEBUG:neural_network:Layer 0 gradients: W shape=(784, 16), ||W||=0.9933, ||b||=0.0998
DEBUG:neural_network:Backward pass complete
DEBUG:neural_network:Updating weights with learning_rate=0.001
DEBUG:neural_network:Layer 0: weight norm 5.6349→5.6349, bias norm 0.0084→0.0084
DEBUG:neural_network:Layer 1: weight norm 3.7597→3.7597, bias norm 0.0079→0.0080
DEBUG:neural_network:Cross-entropy loss (unregularized): 2.325922
DEBUG:neural_network:L2 regularization term: 0.002294
DEBUG:neural_network:Total loss: 2.328216
DEBUG:neural_network:Forward pass input shape: (200, 784)
DEBUG:neural_network:Hidden layer 1: activation=relu, output range=[0.0000, 1.5810]
DEBUG:neural_network:Output layer: applied softmax, shape=(200, 10)
DEBUG:neural_network:Forward pass complete: 3 activations computed
DEBUG:neural_network:Backward pass: n_samples=200
DEBUG:neural_network:Output delta: shape=(200, 10), mean=0.000000, std=0.300380
DEBUG:neural_network:Layer 1: added L2 gradient (alpha=0.0001)
DEBUG:neural_network:Layer 1 gradients: W shape=(16, 10), ||W||=0.1527, ||b||=0.1017
DEBUG:neural_network:Propagated delta to layer 0: shape=(200, 16)
DEBUG:neural_network:Layer 0: added L2 gradient (alpha=0.0001)
DEBUG:neural_network:Layer 0 gradients: W shape=(784, 16), ||W||=0.9112, ||b||=0.0954
DEBUG:neural_network:Backward pass complete
DEBUG:neural_network:Updating weights with learning_rate=0.001
DEBUG:neural_network:Layer 0: weight norm 5.6349→5.6349, bias norm 0.0084→0.0085
DEBUG:neural_network:Layer 1: weight norm 3.7597→3.7597, bias norm 0.0080→0.0081
DEBUG:neural_network:Cross-entropy loss (unregularized): 2.297544
DEBUG:neural_network:L2 regularization term: 0.002294
DEBUG:neural_network:Total loss: 2.299838
DEBUG:neural_network:Forward pass input shape: (200, 784)
DEBUG:neural_network:Hidden layer 1: activation=relu, output range=[0.0000, 2.0917]
DEBUG:neural_network:Output layer: applied softmax, shape=(200, 10)
DEBUG:neural_network:Forward pass complete: 3 activations computed
DEBUG:neural_network:Backward pass: n_samples=200
DEBUG:neural_network:Output delta: shape=(200, 10), mean=0.000000, std=0.301529
DEBUG:neural_network:Layer 1: added L2 gradient (alpha=0.0001)
DEBUG:neural_network:Layer 1 gradients: W shape=(16, 10), ||W||=0.1700, ||b||=0.1014
DEBUG:neural_network:Propagated delta to layer 0: shape=(200, 16)
DEBUG:neural_network:Layer 0: added L2 gradient (alpha=0.0001)
DEBUG:neural_network:Layer 0 gradients: W shape=(784, 16), ||W||=0.9561, ||b||=0.1011
DEBUG:neural_network:Backward pass complete
DEBUG:neural_network:Updating weights with learning_rate=0.001
DEBUG:neural_network:Layer 0: weight norm 5.6349→5.6349, bias norm 0.0085→0.0086
DEBUG:neural_network:Layer 1: weight norm 3.7597→3.7597, bias norm 0.0081→0.0082
DEBUG:neural_network:Cross-entropy loss (unregularized): 2.331557
DEBUG:neural_network:L2 regularization term: 0.002294
DEBUG:neural_network:Total loss: 2.333851
INFO:neural_network:Epoch 1, Batch 100: loss=2.333851
DEBUG:neural_network:Forward pass input shape: (200, 784)
DEBUG:neural_network:Hidden layer 1: activation=relu, output range=[0.0000, 1.7770]
DEBUG:neural_network:Output layer: applied softmax, shape=(200, 10)
DEBUG:neural_network:Forward pass complete: 3 activations computed
DEBUG:neural_network:Backward pass: n_samples=200
DEBUG:neural_network:Output delta: shape=(200, 10), mean=0.000000, std=0.298574
DEBUG:neural_network:Layer 1: added L2 gradient (alpha=0.0001)
DEBUG:neural_network:Layer 1 gradients: W shape=(16, 10), ||W||=0.1418, ||b||=0.0944
DEBUG:neural_network:Propagated delta to layer 0: shape=(200, 16)
DEBUG:neural_network:Layer 0: added L2 gradient (alpha=0.0001)
DEBUG:neural_network:Layer 0 gradients: W shape=(784, 16), ||W||=0.8885, ||b||=0.0917
DEBUG:neural_network:Backward pass complete
DEBUG:neural_network:Updating weights with learning_rate=0.001
DEBUG:neural_network:Layer 0: weight norm 5.6349→5.6349, bias norm 0.0086→0.0087
DEBUG:neural_network:Layer 1: weight norm 3.7597→3.7597, bias norm 0.0082→0.0082
DEBUG:neural_network:Cross-entropy loss (unregularized): 2.251006
DEBUG:neural_network:L2 regularization term: 0.002294
DEBUG:neural_network:Total loss: 2.253300
DEBUG:neural_network:Forward pass input shape: (200, 784)
DEBUG:neural_network:Hidden layer 1: activation=relu, output range=[0.0000, 1.6132]
DEBUG:neural_network:Output layer: applied softmax, shape=(200, 10)
DEBUG:neural_network:Forward pass complete: 3 activations computed
DEBUG:neural_network:Backward pass: n_samples=200
DEBUG:neural_network:Output delta: shape=(200, 10), mean=0.000000, std=0.299275
DEBUG:neural_network:Layer 1: added L2 gradient (alpha=0.0001)
DEBUG:neural_network:Layer 1 gradients: W shape=(16, 10), ||W||=0.1370, ||b||=0.0740
DEBUG:neural_network:Propagated delta to layer 0: shape=(200, 16)
DEBUG:neural_network:Layer 0: added L2 gradient (alpha=0.0001)
DEBUG:neural_network:Layer 0 gradients: W shape=(784, 16), ||W||=0.9075, ||b||=0.0815
DEBUG:neural_network:Backward pass complete
DEBUG:neural_network:Updating weights with learning_rate=0.001
DEBUG:neural_network:Layer 0: weight norm 5.6349→5.6349, bias norm 0.0087→0.0088
DEBUG:neural_network:Layer 1: weight norm 3.7597→3.7597, bias norm 0.0082→0.0083
DEBUG:neural_network:Cross-entropy loss (unregularized): 2.270979
DEBUG:neural_network:L2 regularization term: 0.002294
DEBUG:neural_network:Total loss: 2.273273
DEBUG:neural_network:Forward pass input shape: (200, 784)
DEBUG:neural_network:Hidden layer 1: activation=relu, output range=[0.0000, 1.5904]
DEBUG:neural_network:Output layer: applied softmax, shape=(200, 10)
DEBUG:neural_network:Forward pass complete: 3 activations computed
DEBUG:neural_network:Backward pass: n_samples=200
DEBUG:neural_network:Output delta: shape=(200, 10), mean=-0.000000, std=0.299670
DEBUG:neural_network:Layer 1: added L2 gradient (alpha=0.0001)
DEBUG:neural_network:Layer 1 gradients: W shape=(16, 10), ||W||=0.1539, ||b||=0.0898
DEBUG:neural_network:Propagated delta to layer 0: shape=(200, 16)
DEBUG:neural_network:Layer 0: added L2 gradient (alpha=0.0001)
DEBUG:neural_network:Layer 0 gradients: W shape=(784, 16), ||W||=0.8402, ||b||=0.0778
DEBUG:neural_network:Backward pass complete
DEBUG:neural_network:Updating weights with learning_rate=0.001
DEBUG:neural_network:Layer 0: weight norm 5.6349→5.6349, bias norm 0.0088→0.0088
DEBUG:neural_network:Layer 1: weight norm 3.7597→3.7597, bias norm 0.0083→0.0083
DEBUG:neural_network:Cross-entropy loss (unregularized): 2.278026
DEBUG:neural_network:L2 regularization term: 0.002294
DEBUG:neural_network:Total loss: 2.280321
DEBUG:neural_network:Forward pass input shape: (200, 784)
DEBUG:neural_network:Hidden layer 1: activation=relu, output range=[0.0000, 1.7455]
DEBUG:neural_network:Output layer: applied softmax, shape=(200, 10)
DEBUG:neural_network:Forward pass complete: 3 activations computed
DEBUG:neural_network:Backward pass: n_samples=200
DEBUG:neural_network:Output delta: shape=(200, 10), mean=-0.000000, std=0.299042
DEBUG:neural_network:Layer 1: added L2 gradient (alpha=0.0001)
DEBUG:neural_network:Layer 1 gradients: W shape=(16, 10), ||W||=0.1627, ||b||=0.0851
DEBUG:neural_network:Propagated delta to layer 0: shape=(200, 16)
DEBUG:neural_network:Layer 0: added L2 gradient (alpha=0.0001)
DEBUG:neural_network:Layer 0 gradients: W shape=(784, 16), ||W||=0.7984, ||b||=0.0653
DEBUG:neural_network:Backward pass complete
DEBUG:neural_network:Updating weights with learning_rate=0.001
DEBUG:neural_network:Layer 0: weight norm 5.6349→5.6349, bias norm 0.0088→0.0089
DEBUG:neural_network:Layer 1: weight norm 3.7597→3.7597, bias norm 0.0083→0.0084
DEBUG:neural_network:Cross-entropy loss (unregularized): 2.258941
DEBUG:neural_network:L2 regularization term: 0.002294
DEBUG:neural_network:Total loss: 2.261235
DEBUG:neural_network:Forward pass input shape: (200, 784)
DEBUG:neural_network:Hidden layer 1: activation=relu, output range=[0.0000, 1.7819]
DEBUG:neural_network:Output layer: applied softmax, shape=(200, 10)
DEBUG:neural_network:Forward pass complete: 3 activations computed
DEBUG:neural_network:Backward pass: n_samples=200
DEBUG:neural_network:Output delta: shape=(200, 10), mean=0.000000, std=0.299372
DEBUG:neural_network:Layer 1: added L2 gradient (alpha=0.0001)
DEBUG:neural_network:Layer 1 gradients: W shape=(16, 10), ||W||=0.1619, ||b||=0.1038
DEBUG:neural_network:Propagated delta to layer 0: shape=(200, 16)
DEBUG:neural_network:Layer 0: added L2 gradient (alpha=0.0001)
DEBUG:neural_network:Layer 0 gradients: W shape=(784, 16), ||W||=0.7946, ||b||=0.0806
DEBUG:neural_network:Backward pass complete
DEBUG:neural_network:Updating weights with learning_rate=0.001
DEBUG:neural_network:Layer 0: weight norm 5.6349→5.6349, bias norm 0.0089→0.0089
DEBUG:neural_network:Layer 1: weight norm 3.7597→3.7596, bias norm 0.0084→0.0085
DEBUG:neural_network:Cross-entropy loss (unregularized): 2.275938
DEBUG:neural_network:L2 regularization term: 0.002294
DEBUG:neural_network:Total loss: 2.278232
DEBUG:neural_network:Forward pass input shape: (200, 784)
DEBUG:neural_network:Hidden layer 1: activation=relu, output range=[0.0000, 1.7018]
DEBUG:neural_network:Output layer: applied softmax, shape=(200, 10)
DEBUG:neural_network:Forward pass complete: 3 activations computed
DEBUG:neural_network:Backward pass: n_samples=200
DEBUG:neural_network:Output delta: shape=(200, 10), mean=0.000000, std=0.299708
DEBUG:neural_network:Layer 1: added L2 gradient (alpha=0.0001)
DEBUG:neural_network:Layer 1 gradients: W shape=(16, 10), ||W||=0.1787, ||b||=0.0941
DEBUG:neural_network:Propagated delta to layer 0: shape=(200, 16)
DEBUG:neural_network:Layer 0: added L2 gradient (alpha=0.0001)
DEBUG:neural_network:Layer 0 gradients: W shape=(784, 16), ||W||=0.8686, ||b||=0.0752
DEBUG:neural_network:Backward pass complete
DEBUG:neural_network:Updating weights with learning_rate=0.001
DEBUG:neural_network:Layer 0: weight norm 5.6349→5.6349, bias norm 0.0089→0.0090
DEBUG:neural_network:Layer 1: weight norm 3.7596→3.7596, bias norm 0.0085→0.0086
DEBUG:neural_network:Cross-entropy loss (unregularized): 2.280053
DEBUG:neural_network:L2 regularization term: 0.002294
DEBUG:neural_network:Total loss: 2.282348
DEBUG:neural_network:Forward pass input shape: (200, 784)
DEBUG:neural_network:Hidden layer 1: activation=relu, output range=[0.0000, 1.4765]
DEBUG:neural_network:Output layer: applied softmax, shape=(200, 10)
DEBUG:neural_network:Forward pass complete: 3 activations computed
DEBUG:neural_network:Backward pass: n_samples=200
DEBUG:neural_network:Output delta: shape=(200, 10), mean=0.000000, std=0.298896
DEBUG:neural_network:Layer 1: added L2 gradient (alpha=0.0001)
DEBUG:neural_network:Layer 1 gradients: W shape=(16, 10), ||W||=0.1366, ||b||=0.0862
DEBUG:neural_network:Propagated delta to layer 0: shape=(200, 16)
DEBUG:neural_network:Layer 0: added L2 gradient (alpha=0.0001)
DEBUG:neural_network:Layer 0 gradients: W shape=(784, 16), ||W||=0.9548, ||b||=0.0871
DEBUG:neural_network:Backward pass complete
DEBUG:neural_network:Updating weights with learning_rate=0.001
DEBUG:neural_network:Layer 0: weight norm 5.6349→5.6349, bias norm 0.0090→0.0091
DEBUG:neural_network:Layer 1: weight norm 3.7596→3.7596, bias norm 0.0086→0.0086
DEBUG:neural_network:Cross-entropy loss (unregularized): 2.268221
DEBUG:neural_network:L2 regularization term: 0.002294
DEBUG:neural_network:Total loss: 2.270516
DEBUG:neural_network:Forward pass input shape: (200, 784)
DEBUG:neural_network:Hidden layer 1: activation=relu, output range=[0.0000, 1.5548]
DEBUG:neural_network:Output layer: applied softmax, shape=(200, 10)
DEBUG:neural_network:Forward pass complete: 3 activations computed
DEBUG:neural_network:Backward pass: n_samples=200
DEBUG:neural_network:Output delta: shape=(200, 10), mean=0.000000, std=0.299758
DEBUG:neural_network:Layer 1: added L2 gradient (alpha=0.0001)
DEBUG:neural_network:Layer 1 gradients: W shape=(16, 10), ||W||=0.1504, ||b||=0.0867
DEBUG:neural_network:Propagated delta to layer 0: shape=(200, 16)
DEBUG:neural_network:Layer 0: added L2 gradient (alpha=0.0001)
DEBUG:neural_network:Layer 0 gradients: W shape=(784, 16), ||W||=0.8016, ||b||=0.0741
DEBUG:neural_network:Backward pass complete
DEBUG:neural_network:Updating weights with learning_rate=0.001
DEBUG:neural_network:Layer 0: weight norm 5.6349→5.6349, bias norm 0.0091→0.0091
DEBUG:neural_network:Layer 1: weight norm 3.7596→3.7596, bias norm 0.0086→0.0087
DEBUG:neural_network:Cross-entropy loss (unregularized): 2.279301
DEBUG:neural_network:L2 regularization term: 0.002294
DEBUG:neural_network:Total loss: 2.281595
DEBUG:neural_network:Forward pass input shape: (200, 784)
DEBUG:neural_network:Hidden layer 1: activation=relu, output range=[0.0000, 2.1833]
DEBUG:neural_network:Output layer: applied softmax, shape=(200, 10)
DEBUG:neural_network:Forward pass complete: 3 activations computed
DEBUG:neural_network:Backward pass: n_samples=200
DEBUG:neural_network:Output delta: shape=(200, 10), mean=-0.000000, std=0.299290
DEBUG:neural_network:Layer 1: added L2 gradient (alpha=0.0001)
DEBUG:neural_network:Layer 1 gradients: W shape=(16, 10), ||W||=0.1420, ||b||=0.0556
DEBUG:neural_network:Propagated delta to layer 0: shape=(200, 16)
DEBUG:neural_network:Layer 0: added L2 gradient (alpha=0.0001)
DEBUG:neural_network:Layer 0 gradients: W shape=(784, 16), ||W||=0.8401, ||b||=0.0749
DEBUG:neural_network:Backward pass complete
DEBUG:neural_network:Updating weights with learning_rate=0.001
DEBUG:neural_network:Layer 0: weight norm 5.6349→5.6349, bias norm 0.0091→0.0091
DEBUG:neural_network:Layer 1: weight norm 3.7596→3.7596, bias norm 0.0087→0.0087
DEBUG:neural_network:Cross-entropy loss (unregularized): 2.273453
DEBUG:neural_network:L2 regularization term: 0.002294
DEBUG:neural_network:Total loss: 2.275747
DEBUG:neural_network:Forward pass input shape: (200, 784)
DEBUG:neural_network:Hidden layer 1: activation=relu, output range=[0.0000, 1.6893]
DEBUG:neural_network:Output layer: applied softmax, shape=(200, 10)
DEBUG:neural_network:Forward pass complete: 3 activations computed
DEBUG:neural_network:Backward pass: n_samples=200
DEBUG:neural_network:Output delta: shape=(200, 10), mean=-0.000000, std=0.298355
DEBUG:neural_network:Layer 1: added L2 gradient (alpha=0.0001)
DEBUG:neural_network:Layer 1 gradients: W shape=(16, 10), ||W||=0.1543, ||b||=0.0872
DEBUG:neural_network:Propagated delta to layer 0: shape=(200, 16)
DEBUG:neural_network:Layer 0: added L2 gradient (alpha=0.0001)
DEBUG:neural_network:Layer 0 gradients: W shape=(784, 16), ||W||=0.9114, ||b||=0.0856
DEBUG:neural_network:Backward pass complete
DEBUG:neural_network:Updating weights with learning_rate=0.001
DEBUG:neural_network:Layer 0: weight norm 5.6349→5.6349, bias norm 0.0091→0.0092
DEBUG:neural_network:Layer 1: weight norm 3.7596→3.7596, bias norm 0.0087→0.0087
DEBUG:neural_network:Cross-entropy loss (unregularized): 2.248859
DEBUG:neural_network:L2 regularization term: 0.002294
DEBUG:neural_network:Total loss: 2.251154
INFO:neural_network:Epoch 1, Batch 110: loss=2.251154
DEBUG:neural_network:Forward pass input shape: (200, 784)
DEBUG:neural_network:Hidden layer 1: activation=relu, output range=[0.0000, 1.9546]
DEBUG:neural_network:Output layer: applied softmax, shape=(200, 10)
DEBUG:neural_network:Forward pass complete: 3 activations computed
DEBUG:neural_network:Backward pass: n_samples=200
DEBUG:neural_network:Output delta: shape=(200, 10), mean=-0.000000, std=0.298352
DEBUG:neural_network:Layer 1: added L2 gradient (alpha=0.0001)
DEBUG:neural_network:Layer 1 gradients: W shape=(16, 10), ||W||=0.1717, ||b||=0.0924
DEBUG:neural_network:Propagated delta to layer 0: shape=(200, 16)
DEBUG:neural_network:Layer 0: added L2 gradient (alpha=0.0001)
DEBUG:neural_network:Layer 0 gradients: W shape=(784, 16), ||W||=0.8889, ||b||=0.0846
DEBUG:neural_network:Backward pass complete
DEBUG:neural_network:Updating weights with learning_rate=0.001
DEBUG:neural_network:Layer 0: weight norm 5.6349→5.6349, bias norm 0.0092→0.0092
DEBUG:neural_network:Layer 1: weight norm 3.7596→3.7596, bias norm 0.0087→0.0088
DEBUG:neural_network:Cross-entropy loss (unregularized): 2.244839
DEBUG:neural_network:L2 regularization term: 0.002294
DEBUG:neural_network:Total loss: 2.247133
DEBUG:neural_network:Forward pass input shape: (200, 784)
DEBUG:neural_network:Hidden layer 1: activation=relu, output range=[0.0000, 1.8448]
DEBUG:neural_network:Output layer: applied softmax, shape=(200, 10)
DEBUG:neural_network:Forward pass complete: 3 activations computed
DEBUG:neural_network:Backward pass: n_samples=200
DEBUG:neural_network:Output delta: shape=(200, 10), mean=-0.000000, std=0.300012
DEBUG:neural_network:Layer 1: added L2 gradient (alpha=0.0001)
DEBUG:neural_network:Layer 1 gradients: W shape=(16, 10), ||W||=0.1610, ||b||=0.0906
DEBUG:neural_network:Propagated delta to layer 0: shape=(200, 16)
DEBUG:neural_network:Layer 0: added L2 gradient (alpha=0.0001)
DEBUG:neural_network:Layer 0 gradients: W shape=(784, 16), ||W||=0.8719, ||b||=0.0852
DEBUG:neural_network:Backward pass complete
DEBUG:neural_network:Updating weights with learning_rate=0.001
DEBUG:neural_network:Layer 0: weight norm 5.6349→5.6348, bias norm 0.0092→0.0093
DEBUG:neural_network:Layer 1: weight norm 3.7596→3.7596, bias norm 0.0088→0.0089
DEBUG:neural_network:Cross-entropy loss (unregularized): 2.290877
DEBUG:neural_network:L2 regularization term: 0.002294
DEBUG:neural_network:Total loss: 2.293171
DEBUG:neural_network:Forward pass input shape: (200, 784)
DEBUG:neural_network:Hidden layer 1: activation=relu, output range=[0.0000, 1.6141]
DEBUG:neural_network:Output layer: applied softmax, shape=(200, 10)
DEBUG:neural_network:Forward pass complete: 3 activations computed
DEBUG:neural_network:Backward pass: n_samples=200
DEBUG:neural_network:Output delta: shape=(200, 10), mean=0.000000, std=0.300941
DEBUG:neural_network:Layer 1: added L2 gradient (alpha=0.0001)
DEBUG:neural_network:Layer 1 gradients: W shape=(16, 10), ||W||=0.1682, ||b||=0.1087
DEBUG:neural_network:Propagated delta to layer 0: shape=(200, 16)
DEBUG:neural_network:Layer 0: added L2 gradient (alpha=0.0001)
DEBUG:neural_network:Layer 0 gradients: W shape=(784, 16), ||W||=0.9979, ||b||=0.1017
DEBUG:neural_network:Backward pass complete
DEBUG:neural_network:Updating weights with learning_rate=0.001
DEBUG:neural_network:Layer 0: weight norm 5.6348→5.6348, bias norm 0.0093→0.0094
DEBUG:neural_network:Layer 1: weight norm 3.7596→3.7596, bias norm 0.0089→0.0090
DEBUG:neural_network:Cross-entropy loss (unregularized): 2.312468
DEBUG:neural_network:L2 regularization term: 0.002294
DEBUG:neural_network:Total loss: 2.314762
DEBUG:neural_network:Forward pass input shape: (200, 784)
DEBUG:neural_network:Hidden layer 1: activation=relu, output range=[0.0000, 2.0811]
DEBUG:neural_network:Output layer: applied softmax, shape=(200, 10)
DEBUG:neural_network:Forward pass complete: 3 activations computed
DEBUG:neural_network:Backward pass: n_samples=200
DEBUG:neural_network:Output delta: shape=(200, 10), mean=0.000000, std=0.298032
DEBUG:neural_network:Layer 1: added L2 gradient (alpha=0.0001)
DEBUG:neural_network:Layer 1 gradients: W shape=(16, 10), ||W||=0.1500, ||b||=0.0700
DEBUG:neural_network:Propagated delta to layer 0: shape=(200, 16)
DEBUG:neural_network:Layer 0: added L2 gradient (alpha=0.0001)
DEBUG:neural_network:Layer 0 gradients: W shape=(784, 16), ||W||=0.8440, ||b||=0.0762
DEBUG:neural_network:Backward pass complete
DEBUG:neural_network:Updating weights with learning_rate=0.001
DEBUG:neural_network:Layer 0: weight norm 5.6348→5.6348, bias norm 0.0094→0.0094
DEBUG:neural_network:Layer 1: weight norm 3.7596→3.7596, bias norm 0.0090→0.0090
DEBUG:neural_network:Cross-entropy loss (unregularized): 2.235987
DEBUG:neural_network:L2 regularization term: 0.002294
DEBUG:neural_network:Total loss: 2.238281
DEBUG:neural_network:Forward pass input shape: (200, 784)
DEBUG:neural_network:Hidden layer 1: activation=relu, output range=[0.0000, 1.7009]
DEBUG:neural_network:Output layer: applied softmax, shape=(200, 10)
DEBUG:neural_network:Forward pass complete: 3 activations computed
DEBUG:neural_network:Backward pass: n_samples=200
DEBUG:neural_network:Output delta: shape=(200, 10), mean=-0.000000, std=0.299006
DEBUG:neural_network:Layer 1: added L2 gradient (alpha=0.0001)
DEBUG:neural_network:Layer 1 gradients: W shape=(16, 10), ||W||=0.1455, ||b||=0.0796
DEBUG:neural_network:Propagated delta to layer 0: shape=(200, 16)
DEBUG:neural_network:Layer 0: added L2 gradient (alpha=0.0001)
DEBUG:neural_network:Layer 0 gradients: W shape=(784, 16), ||W||=0.8027, ||b||=0.0888
DEBUG:neural_network:Backward pass complete
DEBUG:neural_network:Updating weights with learning_rate=0.001
DEBUG:neural_network:Layer 0: weight norm 5.6348→5.6348, bias norm 0.0094→0.0095
DEBUG:neural_network:Layer 1: weight norm 3.7596→3.7596, bias norm 0.0090→0.0091
DEBUG:neural_network:Cross-entropy loss (unregularized): 2.256257
DEBUG:neural_network:L2 regularization term: 0.002294
DEBUG:neural_network:Total loss: 2.258551
DEBUG:neural_network:Forward pass input shape: (200, 784)
DEBUG:neural_network:Hidden layer 1: activation=relu, output range=[0.0000, 1.9981]
DEBUG:neural_network:Output layer: applied softmax, shape=(200, 10)
DEBUG:neural_network:Forward pass complete: 3 activations computed
DEBUG:neural_network:Backward pass: n_samples=200
DEBUG:neural_network:Output delta: shape=(200, 10), mean=-0.000000, std=0.297790
DEBUG:neural_network:Layer 1: added L2 gradient (alpha=0.0001)
DEBUG:neural_network:Layer 1 gradients: W shape=(16, 10), ||W||=0.1589, ||b||=0.0539
DEBUG:neural_network:Propagated delta to layer 0: shape=(200, 16)
DEBUG:neural_network:Layer 0: added L2 gradient (alpha=0.0001)
DEBUG:neural_network:Layer 0 gradients: W shape=(784, 16), ||W||=0.7655, ||b||=0.0491
DEBUG:neural_network:Backward pass complete
DEBUG:neural_network:Updating weights with learning_rate=0.001
DEBUG:neural_network:Layer 0: weight norm 5.6348→5.6348, bias norm 0.0095→0.0095
DEBUG:neural_network:Layer 1: weight norm 3.7596→3.7596, bias norm 0.0091→0.0091
DEBUG:neural_network:Cross-entropy loss (unregularized): 2.228178
DEBUG:neural_network:L2 regularization term: 0.002294
DEBUG:neural_network:Total loss: 2.230472
DEBUG:neural_network:Forward pass input shape: (200, 784)
DEBUG:neural_network:Hidden layer 1: activation=relu, output range=[0.0000, 1.8845]
DEBUG:neural_network:Output layer: applied softmax, shape=(200, 10)
DEBUG:neural_network:Forward pass complete: 3 activations computed
DEBUG:neural_network:Backward pass: n_samples=200
DEBUG:neural_network:Output delta: shape=(200, 10), mean=-0.000000, std=0.298465
DEBUG:neural_network:Layer 1: added L2 gradient (alpha=0.0001)
DEBUG:neural_network:Layer 1 gradients: W shape=(16, 10), ||W||=0.1470, ||b||=0.0724
DEBUG:neural_network:Propagated delta to layer 0: shape=(200, 16)
DEBUG:neural_network:Layer 0: added L2 gradient (alpha=0.0001)
DEBUG:neural_network:Layer 0 gradients: W shape=(784, 16), ||W||=0.8709, ||b||=0.0860
DEBUG:neural_network:Backward pass complete
DEBUG:neural_network:Updating weights with learning_rate=0.001
DEBUG:neural_network:Layer 0: weight norm 5.6348→5.6348, bias norm 0.0095→0.0096
DEBUG:neural_network:Layer 1: weight norm 3.7596→3.7596, bias norm 0.0091→0.0091
DEBUG:neural_network:Cross-entropy loss (unregularized): 2.244239
DEBUG:neural_network:L2 regularization term: 0.002294
DEBUG:neural_network:Total loss: 2.246534
DEBUG:neural_network:Forward pass input shape: (200, 784)
DEBUG:neural_network:Hidden layer 1: activation=relu, output range=[0.0000, 1.7783]
DEBUG:neural_network:Output layer: applied softmax, shape=(200, 10)
DEBUG:neural_network:Forward pass complete: 3 activations computed
DEBUG:neural_network:Backward pass: n_samples=200
DEBUG:neural_network:Output delta: shape=(200, 10), mean=-0.000000, std=0.299142
DEBUG:neural_network:Layer 1: added L2 gradient (alpha=0.0001)
DEBUG:neural_network:Layer 1 gradients: W shape=(16, 10), ||W||=0.1464, ||b||=0.0706
DEBUG:neural_network:Propagated delta to layer 0: shape=(200, 16)
DEBUG:neural_network:Layer 0: added L2 gradient (alpha=0.0001)
DEBUG:neural_network:Layer 0 gradients: W shape=(784, 16), ||W||=1.0252, ||b||=0.0871
DEBUG:neural_network:Backward pass complete
DEBUG:neural_network:Updating weights with learning_rate=0.001
DEBUG:neural_network:Layer 0: weight norm 5.6348→5.6348, bias norm 0.0096→0.0097
DEBUG:neural_network:Layer 1: weight norm 3.7596→3.7596, bias norm 0.0091→0.0092
DEBUG:neural_network:Cross-entropy loss (unregularized): 2.264800
DEBUG:neural_network:L2 regularization term: 0.002294
DEBUG:neural_network:Total loss: 2.267094
DEBUG:neural_network:Forward pass input shape: (200, 784)
DEBUG:neural_network:Hidden layer 1: activation=relu, output range=[0.0000, 1.9670]
DEBUG:neural_network:Output layer: applied softmax, shape=(200, 10)
DEBUG:neural_network:Forward pass complete: 3 activations computed
DEBUG:neural_network:Backward pass: n_samples=200
DEBUG:neural_network:Output delta: shape=(200, 10), mean=-0.000000, std=0.299506
DEBUG:neural_network:Layer 1: added L2 gradient (alpha=0.0001)
DEBUG:neural_network:Layer 1 gradients: W shape=(16, 10), ||W||=0.1601, ||b||=0.1093
DEBUG:neural_network:Propagated delta to layer 0: shape=(200, 16)
DEBUG:neural_network:Layer 0: added L2 gradient (alpha=0.0001)
DEBUG:neural_network:Layer 0 gradients: W shape=(784, 16), ||W||=0.8724, ||b||=0.0917
DEBUG:neural_network:Backward pass complete
DEBUG:neural_network:Updating weights with learning_rate=0.001
DEBUG:neural_network:Layer 0: weight norm 5.6348→5.6348, bias norm 0.0097→0.0097
DEBUG:neural_network:Layer 1: weight norm 3.7596→3.7596, bias norm 0.0092→0.0093
DEBUG:neural_network:Cross-entropy loss (unregularized): 2.277224
DEBUG:neural_network:L2 regularization term: 0.002294
DEBUG:neural_network:Total loss: 2.279519
DEBUG:neural_network:Forward pass input shape: (200, 784)
DEBUG:neural_network:Hidden layer 1: activation=relu, output range=[0.0000, 1.5944]
DEBUG:neural_network:Output layer: applied softmax, shape=(200, 10)
DEBUG:neural_network:Forward pass complete: 3 activations computed
DEBUG:neural_network:Backward pass: n_samples=200
DEBUG:neural_network:Output delta: shape=(200, 10), mean=0.000000, std=0.299819
DEBUG:neural_network:Layer 1: added L2 gradient (alpha=0.0001)
DEBUG:neural_network:Layer 1 gradients: W shape=(16, 10), ||W||=0.1610, ||b||=0.1288
DEBUG:neural_network:Propagated delta to layer 0: shape=(200, 16)
DEBUG:neural_network:Layer 0: added L2 gradient (alpha=0.0001)
DEBUG:neural_network:Layer 0 gradients: W shape=(784, 16), ||W||=1.0131, ||b||=0.1114
DEBUG:neural_network:Backward pass complete
DEBUG:neural_network:Updating weights with learning_rate=0.001
DEBUG:neural_network:Layer 0: weight norm 5.6348→5.6348, bias norm 0.0097→0.0098
DEBUG:neural_network:Layer 1: weight norm 3.7596→3.7596, bias norm 0.0093→0.0094
DEBUG:neural_network:Cross-entropy loss (unregularized): 2.279592
DEBUG:neural_network:L2 regularization term: 0.002294
DEBUG:neural_network:Total loss: 2.281886
INFO:neural_network:Epoch 1, Batch 120: loss=2.281886
DEBUG:neural_network:Forward pass input shape: (200, 784)
DEBUG:neural_network:Hidden layer 1: activation=relu, output range=[0.0000, 1.7611]
DEBUG:neural_network:Output layer: applied softmax, shape=(200, 10)
DEBUG:neural_network:Forward pass complete: 3 activations computed
DEBUG:neural_network:Backward pass: n_samples=200
DEBUG:neural_network:Output delta: shape=(200, 10), mean=0.000000, std=0.298075
DEBUG:neural_network:Layer 1: added L2 gradient (alpha=0.0001)
DEBUG:neural_network:Layer 1 gradients: W shape=(16, 10), ||W||=0.1349, ||b||=0.0848
DEBUG:neural_network:Propagated delta to layer 0: shape=(200, 16)
DEBUG:neural_network:Layer 0: added L2 gradient (alpha=0.0001)
DEBUG:neural_network:Layer 0 gradients: W shape=(784, 16), ||W||=0.9015, ||b||=0.0886
DEBUG:neural_network:Backward pass complete
DEBUG:neural_network:Updating weights with learning_rate=0.001
DEBUG:neural_network:Layer 0: weight norm 5.6348→5.6348, bias norm 0.0098→0.0099
DEBUG:neural_network:Layer 1: weight norm 3.7596→3.7596, bias norm 0.0094→0.0094
DEBUG:neural_network:Cross-entropy loss (unregularized): 2.234631
DEBUG:neural_network:L2 regularization term: 0.002294
DEBUG:neural_network:Total loss: 2.236925
DEBUG:neural_network:Forward pass input shape: (200, 784)
DEBUG:neural_network:Hidden layer 1: activation=relu, output range=[0.0000, 1.6193]
DEBUG:neural_network:Output layer: applied softmax, shape=(200, 10)
DEBUG:neural_network:Forward pass complete: 3 activations computed
DEBUG:neural_network:Backward pass: n_samples=200
DEBUG:neural_network:Output delta: shape=(200, 10), mean=0.000000, std=0.299155
DEBUG:neural_network:Layer 1: added L2 gradient (alpha=0.0001)
DEBUG:neural_network:Layer 1 gradients: W shape=(16, 10), ||W||=0.1500, ||b||=0.0731
DEBUG:neural_network:Propagated delta to layer 0: shape=(200, 16)
DEBUG:neural_network:Layer 0: added L2 gradient (alpha=0.0001)
DEBUG:neural_network:Layer 0 gradients: W shape=(784, 16), ||W||=0.8441, ||b||=0.0759
DEBUG:neural_network:Backward pass complete
DEBUG:neural_network:Updating weights with learning_rate=0.001
DEBUG:neural_network:Layer 0: weight norm 5.6348→5.6348, bias norm 0.0099→0.0100
DEBUG:neural_network:Layer 1: weight norm 3.7596→3.7596, bias norm 0.0094→0.0095
DEBUG:neural_network:Cross-entropy loss (unregularized): 2.262896
DEBUG:neural_network:L2 regularization term: 0.002294
DEBUG:neural_network:Total loss: 2.265190
DEBUG:neural_network:Forward pass input shape: (200, 784)
DEBUG:neural_network:Hidden layer 1: activation=relu, output range=[0.0000, 1.5992]
DEBUG:neural_network:Output layer: applied softmax, shape=(200, 10)
DEBUG:neural_network:Forward pass complete: 3 activations computed
DEBUG:neural_network:Backward pass: n_samples=200
DEBUG:neural_network:Output delta: shape=(200, 10), mean=0.000000, std=0.299168
DEBUG:neural_network:Layer 1: added L2 gradient (alpha=0.0001)
DEBUG:neural_network:Layer 1 gradients: W shape=(16, 10), ||W||=0.1385, ||b||=0.1011
DEBUG:neural_network:Propagated delta to layer 0: shape=(200, 16)
DEBUG:neural_network:Layer 0: added L2 gradient (alpha=0.0001)
DEBUG:neural_network:Layer 0 gradients: W shape=(784, 16), ||W||=0.8551, ||b||=0.0702
DEBUG:neural_network:Backward pass complete
DEBUG:neural_network:Updating weights with learning_rate=0.001
DEBUG:neural_network:Layer 0: weight norm 5.6348→5.6348, bias norm 0.0100→0.0100
DEBUG:neural_network:Layer 1: weight norm 3.7596→3.7596, bias norm 0.0095→0.0096
DEBUG:neural_network:Cross-entropy loss (unregularized): 2.272490
DEBUG:neural_network:L2 regularization term: 0.002294
DEBUG:neural_network:Total loss: 2.274784
DEBUG:neural_network:Forward pass input shape: (200, 784)
DEBUG:neural_network:Hidden layer 1: activation=relu, output range=[0.0000, 1.7800]
DEBUG:neural_network:Output layer: applied softmax, shape=(200, 10)
DEBUG:neural_network:Forward pass complete: 3 activations computed
DEBUG:neural_network:Backward pass: n_samples=200
DEBUG:neural_network:Output delta: shape=(200, 10), mean=0.000000, std=0.299888
DEBUG:neural_network:Layer 1: added L2 gradient (alpha=0.0001)
DEBUG:neural_network:Layer 1 gradients: W shape=(16, 10), ||W||=0.1458, ||b||=0.0913
DEBUG:neural_network:Propagated delta to layer 0: shape=(200, 16)
DEBUG:neural_network:Layer 0: added L2 gradient (alpha=0.0001)
DEBUG:neural_network:Layer 0 gradients: W shape=(784, 16), ||W||=0.8632, ||b||=0.0823
DEBUG:neural_network:Backward pass complete
DEBUG:neural_network:Updating weights with learning_rate=0.001
DEBUG:neural_network:Layer 0: weight norm 5.6348→5.6348, bias norm 0.0100→0.0101
DEBUG:neural_network:Layer 1: weight norm 3.7596→3.7596, bias norm 0.0096→0.0096
DEBUG:neural_network:Cross-entropy loss (unregularized): 2.280601
DEBUG:neural_network:L2 regularization term: 0.002294
DEBUG:neural_network:Total loss: 2.282895
DEBUG:neural_network:Forward pass input shape: (200, 784)
DEBUG:neural_network:Hidden layer 1: activation=relu, output range=[0.0000, 1.8644]
DEBUG:neural_network:Output layer: applied softmax, shape=(200, 10)
DEBUG:neural_network:Forward pass complete: 3 activations computed
DEBUG:neural_network:Backward pass: n_samples=200
DEBUG:neural_network:Output delta: shape=(200, 10), mean=-0.000000, std=0.298807
DEBUG:neural_network:Layer 1: added L2 gradient (alpha=0.0001)
DEBUG:neural_network:Layer 1 gradients: W shape=(16, 10), ||W||=0.1561, ||b||=0.0978
DEBUG:neural_network:Propagated delta to layer 0: shape=(200, 16)
DEBUG:neural_network:Layer 0: added L2 gradient (alpha=0.0001)
DEBUG:neural_network:Layer 0 gradients: W shape=(784, 16), ||W||=0.8628, ||b||=0.0735
DEBUG:neural_network:Backward pass complete
DEBUG:neural_network:Updating weights with learning_rate=0.001
DEBUG:neural_network:Layer 0: weight norm 5.6348→5.6348, bias norm 0.0101→0.0101
DEBUG:neural_network:Layer 1: weight norm 3.7596→3.7596, bias norm 0.0096→0.0097
DEBUG:neural_network:Cross-entropy loss (unregularized): 2.255826
DEBUG:neural_network:L2 regularization term: 0.002294
DEBUG:neural_network:Total loss: 2.258120
DEBUG:neural_network:Forward pass input shape: (200, 784)
DEBUG:neural_network:Hidden layer 1: activation=relu, output range=[0.0000, 1.5576]
DEBUG:neural_network:Output layer: applied softmax, shape=(200, 10)
DEBUG:neural_network:Forward pass complete: 3 activations computed
DEBUG:neural_network:Backward pass: n_samples=200
DEBUG:neural_network:Output delta: shape=(200, 10), mean=-0.000000, std=0.299896
DEBUG:neural_network:Layer 1: added L2 gradient (alpha=0.0001)
DEBUG:neural_network:Layer 1 gradients: W shape=(16, 10), ||W||=0.1513, ||b||=0.0957
DEBUG:neural_network:Propagated delta to layer 0: shape=(200, 16)
DEBUG:neural_network:Layer 0: added L2 gradient (alpha=0.0001)
DEBUG:neural_network:Layer 0 gradients: W shape=(784, 16), ||W||=0.8342, ||b||=0.0818
DEBUG:neural_network:Backward pass complete
DEBUG:neural_network:Updating weights with learning_rate=0.001
DEBUG:neural_network:Layer 0: weight norm 5.6348→5.6348, bias norm 0.0101→0.0102
DEBUG:neural_network:Layer 1: weight norm 3.7596→3.7596, bias norm 0.0097→0.0098
DEBUG:neural_network:Cross-entropy loss (unregularized): 2.283513
DEBUG:neural_network:L2 regularization term: 0.002294
DEBUG:neural_network:Total loss: 2.285808
DEBUG:neural_network:Forward pass input shape: (200, 784)
DEBUG:neural_network:Hidden layer 1: activation=relu, output range=[0.0000, 1.7735]
DEBUG:neural_network:Output layer: applied softmax, shape=(200, 10)
DEBUG:neural_network:Forward pass complete: 3 activations computed
DEBUG:neural_network:Backward pass: n_samples=200
DEBUG:neural_network:Output delta: shape=(200, 10), mean=0.000000, std=0.299888
DEBUG:neural_network:Layer 1: added L2 gradient (alpha=0.0001)
DEBUG:neural_network:Layer 1 gradients: W shape=(16, 10), ||W||=0.1978, ||b||=0.1303
DEBUG:neural_network:Propagated delta to layer 0: shape=(200, 16)
DEBUG:neural_network:Layer 0: added L2 gradient (alpha=0.0001)
DEBUG:neural_network:Layer 0 gradients: W shape=(784, 16), ||W||=1.0334, ||b||=0.1144
DEBUG:neural_network:Backward pass complete
DEBUG:neural_network:Updating weights with learning_rate=0.001
DEBUG:neural_network:Layer 0: weight norm 5.6348→5.6348, bias norm 0.0102→0.0103
DEBUG:neural_network:Layer 1: weight norm 3.7596→3.7595, bias norm 0.0098→0.0099
DEBUG:neural_network:Cross-entropy loss (unregularized): 2.279048
DEBUG:neural_network:L2 regularization term: 0.002294
DEBUG:neural_network:Total loss: 2.281342
DEBUG:neural_network:Forward pass input shape: (200, 784)
DEBUG:neural_network:Hidden layer 1: activation=relu, output range=[0.0000, 1.5782]
DEBUG:neural_network:Output layer: applied softmax, shape=(200, 10)
DEBUG:neural_network:Forward pass complete: 3 activations computed
DEBUG:neural_network:Backward pass: n_samples=200
DEBUG:neural_network:Output delta: shape=(200, 10), mean=0.000000, std=0.299161
DEBUG:neural_network:Layer 1: added L2 gradient (alpha=0.0001)
DEBUG:neural_network:Layer 1 gradients: W shape=(16, 10), ||W||=0.1786, ||b||=0.1249
DEBUG:neural_network:Propagated delta to layer 0: shape=(200, 16)
DEBUG:neural_network:Layer 0: added L2 gradient (alpha=0.0001)
DEBUG:neural_network:Layer 0 gradients: W shape=(784, 16), ||W||=0.9129, ||b||=0.0940
DEBUG:neural_network:Backward pass complete
DEBUG:neural_network:Updating weights with learning_rate=0.001
DEBUG:neural_network:Layer 0: weight norm 5.6348→5.6348, bias norm 0.0103→0.0104
DEBUG:neural_network:Layer 1: weight norm 3.7595→3.7595, bias norm 0.0099→0.0100
DEBUG:neural_network:Cross-entropy loss (unregularized): 2.268209
DEBUG:neural_network:L2 regularization term: 0.002294
DEBUG:neural_network:Total loss: 2.270503
DEBUG:neural_network:Forward pass input shape: (200, 784)
DEBUG:neural_network:Hidden layer 1: activation=relu, output range=[0.0000, 1.8127]
DEBUG:neural_network:Output layer: applied softmax, shape=(200, 10)
DEBUG:neural_network:Forward pass complete: 3 activations computed
DEBUG:neural_network:Backward pass: n_samples=200
DEBUG:neural_network:Output delta: shape=(200, 10), mean=-0.000000, std=0.299159
DEBUG:neural_network:Layer 1: added L2 gradient (alpha=0.0001)
DEBUG:neural_network:Layer 1 gradients: W shape=(16, 10), ||W||=0.1581, ||b||=0.1030
DEBUG:neural_network:Propagated delta to layer 0: shape=(200, 16)
DEBUG:neural_network:Layer 0: added L2 gradient (alpha=0.0001)
DEBUG:neural_network:Layer 0 gradients: W shape=(784, 16), ||W||=0.8193, ||b||=0.0658
DEBUG:neural_network:Backward pass complete
DEBUG:neural_network:Updating weights with learning_rate=0.001
DEBUG:neural_network:Layer 0: weight norm 5.6348→5.6348, bias norm 0.0104→0.0104
DEBUG:neural_network:Layer 1: weight norm 3.7595→3.7595, bias norm 0.0100→0.0101
DEBUG:neural_network:Cross-entropy loss (unregularized): 2.264012
DEBUG:neural_network:L2 regularization term: 0.002294
DEBUG:neural_network:Total loss: 2.266306
DEBUG:neural_network:Forward pass input shape: (200, 784)
DEBUG:neural_network:Hidden layer 1: activation=relu, output range=[0.0000, 1.8390]
DEBUG:neural_network:Output layer: applied softmax, shape=(200, 10)
DEBUG:neural_network:Forward pass complete: 3 activations computed
DEBUG:neural_network:Backward pass: n_samples=200
DEBUG:neural_network:Output delta: shape=(200, 10), mean=0.000000, std=0.298355
DEBUG:neural_network:Layer 1: added L2 gradient (alpha=0.0001)
DEBUG:neural_network:Layer 1 gradients: W shape=(16, 10), ||W||=0.1484, ||b||=0.0678
DEBUG:neural_network:Propagated delta to layer 0: shape=(200, 16)
DEBUG:neural_network:Layer 0: added L2 gradient (alpha=0.0001)
DEBUG:neural_network:Layer 0 gradients: W shape=(784, 16), ||W||=0.8493, ||b||=0.0724
DEBUG:neural_network:Backward pass complete
DEBUG:neural_network:Updating weights with learning_rate=0.001
DEBUG:neural_network:Layer 0: weight norm 5.6348→5.6348, bias norm 0.0104→0.0104
DEBUG:neural_network:Layer 1: weight norm 3.7595→3.7595, bias norm 0.0101→0.0101
DEBUG:neural_network:Cross-entropy loss (unregularized): 2.245213
DEBUG:neural_network:L2 regularization term: 0.002294
DEBUG:neural_network:Total loss: 2.247507
INFO:neural_network:Epoch 1, Batch 130: loss=2.247507
DEBUG:neural_network:Forward pass input shape: (200, 784)
DEBUG:neural_network:Hidden layer 1: activation=relu, output range=[0.0000, 1.9331]
DEBUG:neural_network:Output layer: applied softmax, shape=(200, 10)
DEBUG:neural_network:Forward pass complete: 3 activations computed
DEBUG:neural_network:Backward pass: n_samples=200
DEBUG:neural_network:Output delta: shape=(200, 10), mean=0.000000, std=0.298173
DEBUG:neural_network:Layer 1: added L2 gradient (alpha=0.0001)
DEBUG:neural_network:Layer 1 gradients: W shape=(16, 10), ||W||=0.1438, ||b||=0.0532
DEBUG:neural_network:Propagated delta to layer 0: shape=(200, 16)
DEBUG:neural_network:Layer 0: added L2 gradient (alpha=0.0001)
DEBUG:neural_network:Layer 0 gradients: W shape=(784, 16), ||W||=0.8380, ||b||=0.0707
DEBUG:neural_network:Backward pass complete
DEBUG:neural_network:Updating weights with learning_rate=0.001
DEBUG:neural_network:Layer 0: weight norm 5.6348→5.6348, bias norm 0.0104→0.0105
DEBUG:neural_network:Layer 1: weight norm 3.7595→3.7595, bias norm 0.0101→0.0101
DEBUG:neural_network:Cross-entropy loss (unregularized): 2.237580
DEBUG:neural_network:L2 regularization term: 0.002294
DEBUG:neural_network:Total loss: 2.239874
DEBUG:neural_network:Forward pass input shape: (200, 784)
DEBUG:neural_network:Hidden layer 1: activation=relu, output range=[0.0000, 1.5918]
DEBUG:neural_network:Output layer: applied softmax, shape=(200, 10)
DEBUG:neural_network:Forward pass complete: 3 activations computed
DEBUG:neural_network:Backward pass: n_samples=200
DEBUG:neural_network:Output delta: shape=(200, 10), mean=0.000000, std=0.298982
DEBUG:neural_network:Layer 1: added L2 gradient (alpha=0.0001)
DEBUG:neural_network:Layer 1 gradients: W shape=(16, 10), ||W||=0.1466, ||b||=0.1048
DEBUG:neural_network:Propagated delta to layer 0: shape=(200, 16)
DEBUG:neural_network:Layer 0: added L2 gradient (alpha=0.0001)
DEBUG:neural_network:Layer 0 gradients: W shape=(784, 16), ||W||=0.8717, ||b||=0.0997
DEBUG:neural_network:Backward pass complete
DEBUG:neural_network:Updating weights with learning_rate=0.001
DEBUG:neural_network:Layer 0: weight norm 5.6348→5.6348, bias norm 0.0105→0.0105
DEBUG:neural_network:Layer 1: weight norm 3.7595→3.7595, bias norm 0.0101→0.0102
DEBUG:neural_network:Cross-entropy loss (unregularized): 2.258376
DEBUG:neural_network:L2 regularization term: 0.002294
DEBUG:neural_network:Total loss: 2.260670
DEBUG:neural_network:Forward pass input shape: (200, 784)
DEBUG:neural_network:Hidden layer 1: activation=relu, output range=[0.0000, 1.4596]
DEBUG:neural_network:Output layer: applied softmax, shape=(200, 10)
DEBUG:neural_network:Forward pass complete: 3 activations computed
DEBUG:neural_network:Backward pass: n_samples=200
DEBUG:neural_network:Output delta: shape=(200, 10), mean=-0.000000, std=0.299876
DEBUG:neural_network:Layer 1: added L2 gradient (alpha=0.0001)
DEBUG:neural_network:Layer 1 gradients: W shape=(16, 10), ||W||=0.1467, ||b||=0.1006
DEBUG:neural_network:Propagated delta to layer 0: shape=(200, 16)
DEBUG:neural_network:Layer 0: added L2 gradient (alpha=0.0001)
DEBUG:neural_network:Layer 0 gradients: W shape=(784, 16), ||W||=0.8356, ||b||=0.0735
DEBUG:neural_network:Backward pass complete
DEBUG:neural_network:Updating weights with learning_rate=0.001
DEBUG:neural_network:Layer 0: weight norm 5.6348→5.6348, bias norm 0.0105→0.0106
DEBUG:neural_network:Layer 1: weight norm 3.7595→3.7595, bias norm 0.0102→0.0103
DEBUG:neural_network:Cross-entropy loss (unregularized): 2.288905
DEBUG:neural_network:L2 regularization term: 0.002294
DEBUG:neural_network:Total loss: 2.291199
DEBUG:neural_network:Forward pass input shape: (200, 784)
DEBUG:neural_network:Hidden layer 1: activation=relu, output range=[0.0000, 1.6992]
DEBUG:neural_network:Output layer: applied softmax, shape=(200, 10)
DEBUG:neural_network:Forward pass complete: 3 activations computed
DEBUG:neural_network:Backward pass: n_samples=200
DEBUG:neural_network:Output delta: shape=(200, 10), mean=-0.000000, std=0.298476
DEBUG:neural_network:Layer 1: added L2 gradient (alpha=0.0001)
DEBUG:neural_network:Layer 1 gradients: W shape=(16, 10), ||W||=0.1523, ||b||=0.0883
DEBUG:neural_network:Propagated delta to layer 0: shape=(200, 16)
DEBUG:neural_network:Layer 0: added L2 gradient (alpha=0.0001)
DEBUG:neural_network:Layer 0 gradients: W shape=(784, 16), ||W||=0.8617, ||b||=0.0733
DEBUG:neural_network:Backward pass complete
DEBUG:neural_network:Updating weights with learning_rate=0.001
DEBUG:neural_network:Layer 0: weight norm 5.6348→5.6348, bias norm 0.0106→0.0106
DEBUG:neural_network:Layer 1: weight norm 3.7595→3.7595, bias norm 0.0103→0.0104
DEBUG:neural_network:Cross-entropy loss (unregularized): 2.249531
DEBUG:neural_network:L2 regularization term: 0.002294
DEBUG:neural_network:Total loss: 2.251825
DEBUG:neural_network:Forward pass input shape: (200, 784)
DEBUG:neural_network:Hidden layer 1: activation=relu, output range=[0.0000, 1.8655]
DEBUG:neural_network:Output layer: applied softmax, shape=(200, 10)
DEBUG:neural_network:Forward pass complete: 3 activations computed
DEBUG:neural_network:Backward pass: n_samples=200
DEBUG:neural_network:Output delta: shape=(200, 10), mean=-0.000000, std=0.299702
DEBUG:neural_network:Layer 1: added L2 gradient (alpha=0.0001)
DEBUG:neural_network:Layer 1 gradients: W shape=(16, 10), ||W||=0.1575, ||b||=0.0894
DEBUG:neural_network:Propagated delta to layer 0: shape=(200, 16)
DEBUG:neural_network:Layer 0: added L2 gradient (alpha=0.0001)
DEBUG:neural_network:Layer 0 gradients: W shape=(784, 16), ||W||=0.8848, ||b||=0.0763
DEBUG:neural_network:Backward pass complete
DEBUG:neural_network:Updating weights with learning_rate=0.001
DEBUG:neural_network:Layer 0: weight norm 5.6348→5.6348, bias norm 0.0106→0.0107
DEBUG:neural_network:Layer 1: weight norm 3.7595→3.7595, bias norm 0.0104→0.0104
DEBUG:neural_network:Cross-entropy loss (unregularized): 2.277399
DEBUG:neural_network:L2 regularization term: 0.002294
DEBUG:neural_network:Total loss: 2.279693
DEBUG:neural_network:Forward pass input shape: (200, 784)
DEBUG:neural_network:Hidden layer 1: activation=relu, output range=[0.0000, 1.6423]
DEBUG:neural_network:Output layer: applied softmax, shape=(200, 10)
DEBUG:neural_network:Forward pass complete: 3 activations computed
DEBUG:neural_network:Backward pass: n_samples=200
DEBUG:neural_network:Output delta: shape=(200, 10), mean=0.000000, std=0.299009
DEBUG:neural_network:Layer 1: added L2 gradient (alpha=0.0001)
DEBUG:neural_network:Layer 1 gradients: W shape=(16, 10), ||W||=0.1430, ||b||=0.0731
DEBUG:neural_network:Propagated delta to layer 0: shape=(200, 16)
DEBUG:neural_network:Layer 0: added L2 gradient (alpha=0.0001)
DEBUG:neural_network:Layer 0 gradients: W shape=(784, 16), ||W||=0.8768, ||b||=0.0765
DEBUG:neural_network:Backward pass complete
DEBUG:neural_network:Updating weights with learning_rate=0.001
DEBUG:neural_network:Layer 0: weight norm 5.6348→5.6348, bias norm 0.0107→0.0108
DEBUG:neural_network:Layer 1: weight norm 3.7595→3.7595, bias norm 0.0104→0.0105
DEBUG:neural_network:Cross-entropy loss (unregularized): 2.268954
DEBUG:neural_network:L2 regularization term: 0.002294
DEBUG:neural_network:Total loss: 2.271248
DEBUG:neural_network:Forward pass input shape: (200, 784)
DEBUG:neural_network:Hidden layer 1: activation=relu, output range=[0.0000, 2.0785]
DEBUG:neural_network:Output layer: applied softmax, shape=(200, 10)
DEBUG:neural_network:Forward pass complete: 3 activations computed
DEBUG:neural_network:Backward pass: n_samples=200
DEBUG:neural_network:Output delta: shape=(200, 10), mean=0.000000, std=0.300357
DEBUG:neural_network:Layer 1: added L2 gradient (alpha=0.0001)
DEBUG:neural_network:Layer 1 gradients: W shape=(16, 10), ||W||=0.1529, ||b||=0.1016
DEBUG:neural_network:Propagated delta to layer 0: shape=(200, 16)
DEBUG:neural_network:Layer 0: added L2 gradient (alpha=0.0001)
DEBUG:neural_network:Layer 0 gradients: W shape=(784, 16), ||W||=0.8674, ||b||=0.0949
DEBUG:neural_network:Backward pass complete
DEBUG:neural_network:Updating weights with learning_rate=0.001
DEBUG:neural_network:Layer 0: weight norm 5.6348→5.6348, bias norm 0.0108→0.0108
DEBUG:neural_network:Layer 1: weight norm 3.7595→3.7595, bias norm 0.0105→0.0106
DEBUG:neural_network:Cross-entropy loss (unregularized): 2.290746
DEBUG:neural_network:L2 regularization term: 0.002294
DEBUG:neural_network:Total loss: 2.293041
DEBUG:neural_network:Forward pass input shape: (200, 784)
DEBUG:neural_network:Hidden layer 1: activation=relu, output range=[0.0000, 1.8417]
DEBUG:neural_network:Output layer: applied softmax, shape=(200, 10)
DEBUG:neural_network:Forward pass complete: 3 activations computed
DEBUG:neural_network:Backward pass: n_samples=200
DEBUG:neural_network:Output delta: shape=(200, 10), mean=-0.000000, std=0.299778
DEBUG:neural_network:Layer 1: added L2 gradient (alpha=0.0001)
DEBUG:neural_network:Layer 1 gradients: W shape=(16, 10), ||W||=0.1734, ||b||=0.1182
DEBUG:neural_network:Propagated delta to layer 0: shape=(200, 16)
DEBUG:neural_network:Layer 0: added L2 gradient (alpha=0.0001)
DEBUG:neural_network:Layer 0 gradients: W shape=(784, 16), ||W||=0.9309, ||b||=0.0912
DEBUG:neural_network:Backward pass complete
DEBUG:neural_network:Updating weights with learning_rate=0.001
DEBUG:neural_network:Layer 0: weight norm 5.6348→5.6348, bias norm 0.0108→0.0109
DEBUG:neural_network:Layer 1: weight norm 3.7595→3.7595, bias norm 0.0106→0.0107
DEBUG:neural_network:Cross-entropy loss (unregularized): 2.288425
DEBUG:neural_network:L2 regularization term: 0.002294
DEBUG:neural_network:Total loss: 2.290720
DEBUG:neural_network:Forward pass input shape: (200, 784)
DEBUG:neural_network:Hidden layer 1: activation=relu, output range=[0.0000, 1.9441]
DEBUG:neural_network:Output layer: applied softmax, shape=(200, 10)
DEBUG:neural_network:Forward pass complete: 3 activations computed
DEBUG:neural_network:Backward pass: n_samples=200
DEBUG:neural_network:Output delta: shape=(200, 10), mean=0.000000, std=0.299443
DEBUG:neural_network:Layer 1: added L2 gradient (alpha=0.0001)
DEBUG:neural_network:Layer 1 gradients: W shape=(16, 10), ||W||=0.1418, ||b||=0.0964
DEBUG:neural_network:Propagated delta to layer 0: shape=(200, 16)
DEBUG:neural_network:Layer 0: added L2 gradient (alpha=0.0001)
DEBUG:neural_network:Layer 0 gradients: W shape=(784, 16), ||W||=0.9278, ||b||=0.0910
DEBUG:neural_network:Backward pass complete
DEBUG:neural_network:Updating weights with learning_rate=0.001
DEBUG:neural_network:Layer 0: weight norm 5.6348→5.6348, bias norm 0.0109→0.0110
DEBUG:neural_network:Layer 1: weight norm 3.7595→3.7595, bias norm 0.0107→0.0107
DEBUG:neural_network:Cross-entropy loss (unregularized): 2.280987
DEBUG:neural_network:L2 regularization term: 0.002294
DEBUG:neural_network:Total loss: 2.283281
DEBUG:neural_network:Forward pass input shape: (200, 784)
DEBUG:neural_network:Hidden layer 1: activation=relu, output range=[0.0000, 1.7765]
DEBUG:neural_network:Output layer: applied softmax, shape=(200, 10)
DEBUG:neural_network:Forward pass complete: 3 activations computed
DEBUG:neural_network:Backward pass: n_samples=200
DEBUG:neural_network:Output delta: shape=(200, 10), mean=0.000000, std=0.298825
DEBUG:neural_network:Layer 1: added L2 gradient (alpha=0.0001)
DEBUG:neural_network:Layer 1 gradients: W shape=(16, 10), ||W||=0.1657, ||b||=0.1077
DEBUG:neural_network:Propagated delta to layer 0: shape=(200, 16)
DEBUG:neural_network:Layer 0: added L2 gradient (alpha=0.0001)
DEBUG:neural_network:Layer 0 gradients: W shape=(784, 16), ||W||=1.0344, ||b||=0.1182
DEBUG:neural_network:Backward pass complete
DEBUG:neural_network:Updating weights with learning_rate=0.001
DEBUG:neural_network:Layer 0: weight norm 5.6348→5.6348, bias norm 0.0110→0.0111
DEBUG:neural_network:Layer 1: weight norm 3.7595→3.7595, bias norm 0.0107→0.0108
DEBUG:neural_network:Cross-entropy loss (unregularized): 2.256944
DEBUG:neural_network:L2 regularization term: 0.002294
DEBUG:neural_network:Total loss: 2.259238
INFO:neural_network:Epoch 1, Batch 140: loss=2.259238
DEBUG:neural_network:Forward pass input shape: (200, 784)
DEBUG:neural_network:Hidden layer 1: activation=relu, output range=[0.0000, 1.7004]
DEBUG:neural_network:Output layer: applied softmax, shape=(200, 10)
DEBUG:neural_network:Forward pass complete: 3 activations computed
DEBUG:neural_network:Backward pass: n_samples=200
DEBUG:neural_network:Output delta: shape=(200, 10), mean=-0.000000, std=0.299423
DEBUG:neural_network:Layer 1: added L2 gradient (alpha=0.0001)
DEBUG:neural_network:Layer 1 gradients: W shape=(16, 10), ||W||=0.1547, ||b||=0.0897
DEBUG:neural_network:Propagated delta to layer 0: shape=(200, 16)
DEBUG:neural_network:Layer 0: added L2 gradient (alpha=0.0001)
DEBUG:neural_network:Layer 0 gradients: W shape=(784, 16), ||W||=0.9809, ||b||=0.1021
DEBUG:neural_network:Backward pass complete
DEBUG:neural_network:Updating weights with learning_rate=0.001
DEBUG:neural_network:Layer 0: weight norm 5.6348→5.6348, bias norm 0.0111→0.0112
DEBUG:neural_network:Layer 1: weight norm 3.7595→3.7595, bias norm 0.0108→0.0109
DEBUG:neural_network:Cross-entropy loss (unregularized): 2.263440
DEBUG:neural_network:L2 regularization term: 0.002294
DEBUG:neural_network:Total loss: 2.265734
DEBUG:neural_network:Forward pass input shape: (200, 784)
DEBUG:neural_network:Hidden layer 1: activation=relu, output range=[0.0000, 1.6882]
DEBUG:neural_network:Output layer: applied softmax, shape=(200, 10)
DEBUG:neural_network:Forward pass complete: 3 activations computed
DEBUG:neural_network:Backward pass: n_samples=200
DEBUG:neural_network:Output delta: shape=(200, 10), mean=0.000000, std=0.298505
DEBUG:neural_network:Layer 1: added L2 gradient (alpha=0.0001)
DEBUG:neural_network:Layer 1 gradients: W shape=(16, 10), ||W||=0.1607, ||b||=0.1041
DEBUG:neural_network:Propagated delta to layer 0: shape=(200, 16)
DEBUG:neural_network:Layer 0: added L2 gradient (alpha=0.0001)
DEBUG:neural_network:Layer 0 gradients: W shape=(784, 16), ||W||=0.9003, ||b||=0.0901
DEBUG:neural_network:Backward pass complete
DEBUG:neural_network:Updating weights with learning_rate=0.001
DEBUG:neural_network:Layer 0: weight norm 5.6348→5.6348, bias norm 0.0112→0.0112
DEBUG:neural_network:Layer 1: weight norm 3.7595→3.7595, bias norm 0.0109→0.0110
DEBUG:neural_network:Cross-entropy loss (unregularized): 2.251201
DEBUG:neural_network:L2 regularization term: 0.002294
DEBUG:neural_network:Total loss: 2.253495
DEBUG:neural_network:Forward pass input shape: (200, 784)
DEBUG:neural_network:Hidden layer 1: activation=relu, output range=[0.0000, 1.4959]
DEBUG:neural_network:Output layer: applied softmax, shape=(200, 10)
DEBUG:neural_network:Forward pass complete: 3 activations computed
DEBUG:neural_network:Backward pass: n_samples=200
DEBUG:neural_network:Output delta: shape=(200, 10), mean=-0.000000, std=0.298491
DEBUG:neural_network:Layer 1: added L2 gradient (alpha=0.0001)
DEBUG:neural_network:Layer 1 gradients: W shape=(16, 10), ||W||=0.1464, ||b||=0.0899
DEBUG:neural_network:Propagated delta to layer 0: shape=(200, 16)
DEBUG:neural_network:Layer 0: added L2 gradient (alpha=0.0001)
DEBUG:neural_network:Layer 0 gradients: W shape=(784, 16), ||W||=0.8320, ||b||=0.0803
DEBUG:neural_network:Backward pass complete
DEBUG:neural_network:Updating weights with learning_rate=0.001
DEBUG:neural_network:Layer 0: weight norm 5.6348→5.6348, bias norm 0.0112→0.0113
DEBUG:neural_network:Layer 1: weight norm 3.7595→3.7595, bias norm 0.0110→0.0110
DEBUG:neural_network:Cross-entropy loss (unregularized): 2.249048
DEBUG:neural_network:L2 regularization term: 0.002294
DEBUG:neural_network:Total loss: 2.251342
DEBUG:neural_network:Forward pass input shape: (200, 784)
DEBUG:neural_network:Hidden layer 1: activation=relu, output range=[0.0000, 1.8465]
DEBUG:neural_network:Output layer: applied softmax, shape=(200, 10)
DEBUG:neural_network:Forward pass complete: 3 activations computed
DEBUG:neural_network:Backward pass: n_samples=200
DEBUG:neural_network:Output delta: shape=(200, 10), mean=0.000000, std=0.299287
DEBUG:neural_network:Layer 1: added L2 gradient (alpha=0.0001)
DEBUG:neural_network:Layer 1 gradients: W shape=(16, 10), ||W||=0.1391, ||b||=0.0785
DEBUG:neural_network:Propagated delta to layer 0: shape=(200, 16)
DEBUG:neural_network:Layer 0: added L2 gradient (alpha=0.0001)
DEBUG:neural_network:Layer 0 gradients: W shape=(784, 16), ||W||=0.8220, ||b||=0.0679
DEBUG:neural_network:Backward pass complete
DEBUG:neural_network:Updating weights with learning_rate=0.001
DEBUG:neural_network:Layer 0: weight norm 5.6348→5.6348, bias norm 0.0113→0.0114
DEBUG:neural_network:Layer 1: weight norm 3.7595→3.7595, bias norm 0.0110→0.0111
DEBUG:neural_network:Cross-entropy loss (unregularized): 2.270231
DEBUG:neural_network:L2 regularization term: 0.002294
DEBUG:neural_network:Total loss: 2.272526
DEBUG:neural_network:Forward pass input shape: (200, 784)
DEBUG:neural_network:Hidden layer 1: activation=relu, output range=[0.0000, 1.7076]
DEBUG:neural_network:Output layer: applied softmax, shape=(200, 10)
DEBUG:neural_network:Forward pass complete: 3 activations computed
DEBUG:neural_network:Backward pass: n_samples=200
DEBUG:neural_network:Output delta: shape=(200, 10), mean=0.000000, std=0.299358
DEBUG:neural_network:Layer 1: added L2 gradient (alpha=0.0001)
DEBUG:neural_network:Layer 1 gradients: W shape=(16, 10), ||W||=0.1766, ||b||=0.1286
DEBUG:neural_network:Propagated delta to layer 0: shape=(200, 16)
DEBUG:neural_network:Layer 0: added L2 gradient (alpha=0.0001)
DEBUG:neural_network:Layer 0 gradients: W shape=(784, 16), ||W||=1.0213, ||b||=0.1217
DEBUG:neural_network:Backward pass complete
DEBUG:neural_network:Updating weights with learning_rate=0.001
DEBUG:neural_network:Layer 0: weight norm 5.6348→5.6347, bias norm 0.0114→0.0115
DEBUG:neural_network:Layer 1: weight norm 3.7595→3.7595, bias norm 0.0111→0.0112
DEBUG:neural_network:Cross-entropy loss (unregularized): 2.273995
DEBUG:neural_network:L2 regularization term: 0.002294
DEBUG:neural_network:Total loss: 2.276290
DEBUG:neural_network:Forward pass input shape: (200, 784)
DEBUG:neural_network:Hidden layer 1: activation=relu, output range=[0.0000, 1.5715]
DEBUG:neural_network:Output layer: applied softmax, shape=(200, 10)
DEBUG:neural_network:Forward pass complete: 3 activations computed
DEBUG:neural_network:Backward pass: n_samples=200
DEBUG:neural_network:Output delta: shape=(200, 10), mean=-0.000000, std=0.297908
DEBUG:neural_network:Layer 1: added L2 gradient (alpha=0.0001)
DEBUG:neural_network:Layer 1 gradients: W shape=(16, 10), ||W||=0.1664, ||b||=0.0941
DEBUG:neural_network:Propagated delta to layer 0: shape=(200, 16)
DEBUG:neural_network:Layer 0: added L2 gradient (alpha=0.0001)
DEBUG:neural_network:Layer 0 gradients: W shape=(784, 16), ||W||=0.9822, ||b||=0.1105
DEBUG:neural_network:Backward pass complete
DEBUG:neural_network:Updating weights with learning_rate=0.001
DEBUG:neural_network:Layer 0: weight norm 5.6347→5.6348, bias norm 0.0115→0.0115
DEBUG:neural_network:Layer 1: weight norm 3.7595→3.7595, bias norm 0.0112→0.0113
DEBUG:neural_network:Cross-entropy loss (unregularized): 2.227728
DEBUG:neural_network:L2 regularization term: 0.002294
DEBUG:neural_network:Total loss: 2.230022
DEBUG:neural_network:Forward pass input shape: (200, 784)
DEBUG:neural_network:Hidden layer 1: activation=relu, output range=[0.0000, 1.6826]
DEBUG:neural_network:Output layer: applied softmax, shape=(200, 10)
DEBUG:neural_network:Forward pass complete: 3 activations computed
DEBUG:neural_network:Backward pass: n_samples=200
DEBUG:neural_network:Output delta: shape=(200, 10), mean=0.000000, std=0.299065
DEBUG:neural_network:Layer 1: added L2 gradient (alpha=0.0001)
DEBUG:neural_network:Layer 1 gradients: W shape=(16, 10), ||W||=0.1594, ||b||=0.0583
DEBUG:neural_network:Propagated delta to layer 0: shape=(200, 16)
DEBUG:neural_network:Layer 0: added L2 gradient (alpha=0.0001)
DEBUG:neural_network:Layer 0 gradients: W shape=(784, 16), ||W||=0.8278, ||b||=0.0597
DEBUG:neural_network:Backward pass complete
DEBUG:neural_network:Updating weights with learning_rate=0.001
DEBUG:neural_network:Layer 0: weight norm 5.6348→5.6347, bias norm 0.0115→0.0116
DEBUG:neural_network:Layer 1: weight norm 3.7595→3.7595, bias norm 0.0113→0.0113
DEBUG:neural_network:Cross-entropy loss (unregularized): 2.255949
DEBUG:neural_network:L2 regularization term: 0.002294
DEBUG:neural_network:Total loss: 2.258243
DEBUG:neural_network:Forward pass input shape: (200, 784)
DEBUG:neural_network:Hidden layer 1: activation=relu, output range=[0.0000, 1.6263]
DEBUG:neural_network:Output layer: applied softmax, shape=(200, 10)
DEBUG:neural_network:Forward pass complete: 3 activations computed
DEBUG:neural_network:Backward pass: n_samples=200
DEBUG:neural_network:Output delta: shape=(200, 10), mean=-0.000000, std=0.297591
DEBUG:neural_network:Layer 1: added L2 gradient (alpha=0.0001)
DEBUG:neural_network:Layer 1 gradients: W shape=(16, 10), ||W||=0.1569, ||b||=0.1081
DEBUG:neural_network:Propagated delta to layer 0: shape=(200, 16)
DEBUG:neural_network:Layer 0: added L2 gradient (alpha=0.0001)
DEBUG:neural_network:Layer 0 gradients: W shape=(784, 16), ||W||=0.9148, ||b||=0.0996
DEBUG:neural_network:Backward pass complete
DEBUG:neural_network:Updating weights with learning_rate=0.001
DEBUG:neural_network:Layer 0: weight norm 5.6347→5.6348, bias norm 0.0116→0.0116
DEBUG:neural_network:Layer 1: weight norm 3.7595→3.7595, bias norm 0.0113→0.0114
DEBUG:neural_network:Cross-entropy loss (unregularized): 2.226470
DEBUG:neural_network:L2 regularization term: 0.002294
DEBUG:neural_network:Total loss: 2.228764
DEBUG:neural_network:Forward pass input shape: (200, 784)
DEBUG:neural_network:Hidden layer 1: activation=relu, output range=[0.0000, 1.6061]
DEBUG:neural_network:Output layer: applied softmax, shape=(200, 10)
DEBUG:neural_network:Forward pass complete: 3 activations computed
DEBUG:neural_network:Backward pass: n_samples=200
DEBUG:neural_network:Output delta: shape=(200, 10), mean=-0.000000, std=0.298662
DEBUG:neural_network:Layer 1: added L2 gradient (alpha=0.0001)
DEBUG:neural_network:Layer 1 gradients: W shape=(16, 10), ||W||=0.1579, ||b||=0.1033
DEBUG:neural_network:Propagated delta to layer 0: shape=(200, 16)
DEBUG:neural_network:Layer 0: added L2 gradient (alpha=0.0001)
DEBUG:neural_network:Layer 0 gradients: W shape=(784, 16), ||W||=0.8748, ||b||=0.0845
DEBUG:neural_network:Backward pass complete
DEBUG:neural_network:Updating weights with learning_rate=0.001
DEBUG:neural_network:Layer 0: weight norm 5.6348→5.6348, bias norm 0.0116→0.0116
DEBUG:neural_network:Layer 1: weight norm 3.7595→3.7595, bias norm 0.0114→0.0115
DEBUG:neural_network:Cross-entropy loss (unregularized): 2.253624
DEBUG:neural_network:L2 regularization term: 0.002294
DEBUG:neural_network:Total loss: 2.255918
DEBUG:neural_network:Forward pass input shape: (200, 784)
DEBUG:neural_network:Hidden layer 1: activation=relu, output range=[0.0000, 1.5230]
DEBUG:neural_network:Output layer: applied softmax, shape=(200, 10)
DEBUG:neural_network:Forward pass complete: 3 activations computed
DEBUG:neural_network:Backward pass: n_samples=200
DEBUG:neural_network:Output delta: shape=(200, 10), mean=0.000000, std=0.298174
DEBUG:neural_network:Layer 1: added L2 gradient (alpha=0.0001)
DEBUG:neural_network:Layer 1 gradients: W shape=(16, 10), ||W||=0.1546, ||b||=0.0764
DEBUG:neural_network:Propagated delta to layer 0: shape=(200, 16)
DEBUG:neural_network:Layer 0: added L2 gradient (alpha=0.0001)
DEBUG:neural_network:Layer 0 gradients: W shape=(784, 16), ||W||=0.9107, ||b||=0.0832
DEBUG:neural_network:Backward pass complete
DEBUG:neural_network:Updating weights with learning_rate=0.001
DEBUG:neural_network:Layer 0: weight norm 5.6348→5.6348, bias norm 0.0116→0.0117
DEBUG:neural_network:Layer 1: weight norm 3.7595→3.7595, bias norm 0.0115→0.0115
DEBUG:neural_network:Cross-entropy loss (unregularized): 2.237727
DEBUG:neural_network:L2 regularization term: 0.002294
DEBUG:neural_network:Total loss: 2.240022
INFO:neural_network:Epoch 1, Batch 150: loss=2.240022
DEBUG:neural_network:Forward pass input shape: (200, 784)
DEBUG:neural_network:Hidden layer 1: activation=relu, output range=[0.0000, 1.7097]
DEBUG:neural_network:Output layer: applied softmax, shape=(200, 10)
DEBUG:neural_network:Forward pass complete: 3 activations computed
DEBUG:neural_network:Backward pass: n_samples=200
DEBUG:neural_network:Output delta: shape=(200, 10), mean=-0.000000, std=0.296981
DEBUG:neural_network:Layer 1: added L2 gradient (alpha=0.0001)
DEBUG:neural_network:Layer 1 gradients: W shape=(16, 10), ||W||=0.1369, ||b||=0.0855
DEBUG:neural_network:Propagated delta to layer 0: shape=(200, 16)
DEBUG:neural_network:Layer 0: added L2 gradient (alpha=0.0001)
DEBUG:neural_network:Layer 0 gradients: W shape=(784, 16), ||W||=0.8906, ||b||=0.0953
DEBUG:neural_network:Backward pass complete
DEBUG:neural_network:Updating weights with learning_rate=0.001
DEBUG:neural_network:Layer 0: weight norm 5.6348→5.6348, bias norm 0.0117→0.0118
DEBUG:neural_network:Layer 1: weight norm 3.7595→3.7595, bias norm 0.0115→0.0115
DEBUG:neural_network:Cross-entropy loss (unregularized): 2.210127
DEBUG:neural_network:L2 regularization term: 0.002294
DEBUG:neural_network:Total loss: 2.212422
DEBUG:neural_network:Forward pass input shape: (200, 784)
DEBUG:neural_network:Hidden layer 1: activation=relu, output range=[0.0000, 1.7987]
DEBUG:neural_network:Output layer: applied softmax, shape=(200, 10)
DEBUG:neural_network:Forward pass complete: 3 activations computed
DEBUG:neural_network:Backward pass: n_samples=200
DEBUG:neural_network:Output delta: shape=(200, 10), mean=0.000000, std=0.297926
DEBUG:neural_network:Layer 1: added L2 gradient (alpha=0.0001)
DEBUG:neural_network:Layer 1 gradients: W shape=(16, 10), ||W||=0.1509, ||b||=0.0893
DEBUG:neural_network:Propagated delta to layer 0: shape=(200, 16)
DEBUG:neural_network:Layer 0: added L2 gradient (alpha=0.0001)
DEBUG:neural_network:Layer 0 gradients: W shape=(784, 16), ||W||=0.8088, ||b||=0.0798
DEBUG:neural_network:Backward pass complete
DEBUG:neural_network:Updating weights with learning_rate=0.001
DEBUG:neural_network:Layer 0: weight norm 5.6348→5.6348, bias norm 0.0118→0.0118
DEBUG:neural_network:Layer 1: weight norm 3.7595→3.7595, bias norm 0.0115→0.0116
DEBUG:neural_network:Cross-entropy loss (unregularized): 2.229962
DEBUG:neural_network:L2 regularization term: 0.002294
DEBUG:neural_network:Total loss: 2.232256
DEBUG:neural_network:Forward pass input shape: (200, 784)
DEBUG:neural_network:Hidden layer 1: activation=relu, output range=[0.0000, 1.5986]
DEBUG:neural_network:Output layer: applied softmax, shape=(200, 10)
DEBUG:neural_network:Forward pass complete: 3 activations computed
DEBUG:neural_network:Backward pass: n_samples=200
DEBUG:neural_network:Output delta: shape=(200, 10), mean=-0.000000, std=0.297781
DEBUG:neural_network:Layer 1: added L2 gradient (alpha=0.0001)
DEBUG:neural_network:Layer 1 gradients: W shape=(16, 10), ||W||=0.1687, ||b||=0.0891
DEBUG:neural_network:Propagated delta to layer 0: shape=(200, 16)
DEBUG:neural_network:Layer 0: added L2 gradient (alpha=0.0001)
DEBUG:neural_network:Layer 0 gradients: W shape=(784, 16), ||W||=0.9073, ||b||=0.0794
DEBUG:neural_network:Backward pass complete
DEBUG:neural_network:Updating weights with learning_rate=0.001
DEBUG:neural_network:Layer 0: weight norm 5.6348→5.6348, bias norm 0.0118→0.0118
DEBUG:neural_network:Layer 1: weight norm 3.7595→3.7595, bias norm 0.0116→0.0116
DEBUG:neural_network:Cross-entropy loss (unregularized): 2.220838
DEBUG:neural_network:L2 regularization term: 0.002294
DEBUG:neural_network:Total loss: 2.223132
DEBUG:neural_network:Forward pass input shape: (200, 784)
DEBUG:neural_network:Hidden layer 1: activation=relu, output range=[0.0000, 1.6854]
DEBUG:neural_network:Output layer: applied softmax, shape=(200, 10)
DEBUG:neural_network:Forward pass complete: 3 activations computed
DEBUG:neural_network:Backward pass: n_samples=200
DEBUG:neural_network:Output delta: shape=(200, 10), mean=-0.000000, std=0.298396
DEBUG:neural_network:Layer 1: added L2 gradient (alpha=0.0001)
DEBUG:neural_network:Layer 1 gradients: W shape=(16, 10), ||W||=0.1339, ||b||=0.0488
DEBUG:neural_network:Propagated delta to layer 0: shape=(200, 16)
DEBUG:neural_network:Layer 0: added L2 gradient (alpha=0.0001)
DEBUG:neural_network:Layer 0 gradients: W shape=(784, 16), ||W||=0.8944, ||b||=0.0721
DEBUG:neural_network:Backward pass complete
DEBUG:neural_network:Updating weights with learning_rate=0.001
DEBUG:neural_network:Layer 0: weight norm 5.6348→5.6348, bias norm 0.0118→0.0119
DEBUG:neural_network:Layer 1: weight norm 3.7595→3.7595, bias norm 0.0116→0.0117
DEBUG:neural_network:Cross-entropy loss (unregularized): 2.246762
DEBUG:neural_network:L2 regularization term: 0.002294
DEBUG:neural_network:Total loss: 2.249056
DEBUG:neural_network:Forward pass input shape: (200, 784)
DEBUG:neural_network:Hidden layer 1: activation=relu, output range=[0.0000, 1.5332]
DEBUG:neural_network:Output layer: applied softmax, shape=(200, 10)
DEBUG:neural_network:Forward pass complete: 3 activations computed
DEBUG:neural_network:Backward pass: n_samples=200
DEBUG:neural_network:Output delta: shape=(200, 10), mean=0.000000, std=0.299243
DEBUG:neural_network:Layer 1: added L2 gradient (alpha=0.0001)
DEBUG:neural_network:Layer 1 gradients: W shape=(16, 10), ||W||=0.1407, ||b||=0.0940
DEBUG:neural_network:Propagated delta to layer 0: shape=(200, 16)
DEBUG:neural_network:Layer 0: added L2 gradient (alpha=0.0001)
DEBUG:neural_network:Layer 0 gradients: W shape=(784, 16), ||W||=0.8913, ||b||=0.0716
DEBUG:neural_network:Backward pass complete
DEBUG:neural_network:Updating weights with learning_rate=0.001
DEBUG:neural_network:Layer 0: weight norm 5.6348→5.6348, bias norm 0.0119→0.0119
DEBUG:neural_network:Layer 1: weight norm 3.7595→3.7595, bias norm 0.0117→0.0117
DEBUG:neural_network:Cross-entropy loss (unregularized): 2.270362
DEBUG:neural_network:L2 regularization term: 0.002294
DEBUG:neural_network:Total loss: 2.272657
DEBUG:neural_network:Forward pass input shape: (200, 784)
DEBUG:neural_network:Hidden layer 1: activation=relu, output range=[0.0000, 1.8793]
DEBUG:neural_network:Output layer: applied softmax, shape=(200, 10)
DEBUG:neural_network:Forward pass complete: 3 activations computed
DEBUG:neural_network:Backward pass: n_samples=200
DEBUG:neural_network:Output delta: shape=(200, 10), mean=0.000000, std=0.297769
DEBUG:neural_network:Layer 1: added L2 gradient (alpha=0.0001)
DEBUG:neural_network:Layer 1 gradients: W shape=(16, 10), ||W||=0.1390, ||b||=0.0663
DEBUG:neural_network:Propagated delta to layer 0: shape=(200, 16)
DEBUG:neural_network:Layer 0: added L2 gradient (alpha=0.0001)
DEBUG:neural_network:Layer 0 gradients: W shape=(784, 16), ||W||=0.8711, ||b||=0.0727
DEBUG:neural_network:Backward pass complete
DEBUG:neural_network:Updating weights with learning_rate=0.001
DEBUG:neural_network:Layer 0: weight norm 5.6348→5.6348, bias norm 0.0119→0.0120
DEBUG:neural_network:Layer 1: weight norm 3.7595→3.7595, bias norm 0.0117→0.0118
DEBUG:neural_network:Cross-entropy loss (unregularized): 2.230526
DEBUG:neural_network:L2 regularization term: 0.002294
DEBUG:neural_network:Total loss: 2.232820
DEBUG:neural_network:Forward pass input shape: (200, 784)
DEBUG:neural_network:Hidden layer 1: activation=relu, output range=[0.0000, 1.9078]
DEBUG:neural_network:Output layer: applied softmax, shape=(200, 10)
DEBUG:neural_network:Forward pass complete: 3 activations computed
DEBUG:neural_network:Backward pass: n_samples=200
DEBUG:neural_network:Output delta: shape=(200, 10), mean=0.000000, std=0.298835
DEBUG:neural_network:Layer 1: added L2 gradient (alpha=0.0001)
DEBUG:neural_network:Layer 1 gradients: W shape=(16, 10), ||W||=0.1645, ||b||=0.0956
DEBUG:neural_network:Propagated delta to layer 0: shape=(200, 16)
DEBUG:neural_network:Layer 0: added L2 gradient (alpha=0.0001)
DEBUG:neural_network:Layer 0 gradients: W shape=(784, 16), ||W||=0.8917, ||b||=0.0914
DEBUG:neural_network:Backward pass complete
DEBUG:neural_network:Updating weights with learning_rate=0.001
DEBUG:neural_network:Layer 0: weight norm 5.6348→5.6348, bias norm 0.0120→0.0121
DEBUG:neural_network:Layer 1: weight norm 3.7595→3.7595, bias norm 0.0118→0.0118
DEBUG:neural_network:Cross-entropy loss (unregularized): 2.255365
DEBUG:neural_network:L2 regularization term: 0.002294
DEBUG:neural_network:Total loss: 2.257659
DEBUG:neural_network:Forward pass input shape: (200, 784)
DEBUG:neural_network:Hidden layer 1: activation=relu, output range=[0.0000, 1.6406]
DEBUG:neural_network:Output layer: applied softmax, shape=(200, 10)
DEBUG:neural_network:Forward pass complete: 3 activations computed
DEBUG:neural_network:Backward pass: n_samples=200
DEBUG:neural_network:Output delta: shape=(200, 10), mean=0.000000, std=0.297231
DEBUG:neural_network:Layer 1: added L2 gradient (alpha=0.0001)
DEBUG:neural_network:Layer 1 gradients: W shape=(16, 10), ||W||=0.1900, ||b||=0.1061
DEBUG:neural_network:Propagated delta to layer 0: shape=(200, 16)
DEBUG:neural_network:Layer 0: added L2 gradient (alpha=0.0001)
DEBUG:neural_network:Layer 0 gradients: W shape=(784, 16), ||W||=0.8742, ||b||=0.0821
DEBUG:neural_network:Backward pass complete
DEBUG:neural_network:Updating weights with learning_rate=0.001
DEBUG:neural_network:Layer 0: weight norm 5.6348→5.6348, bias norm 0.0121→0.0121
DEBUG:neural_network:Layer 1: weight norm 3.7595→3.7595, bias norm 0.0118→0.0118
DEBUG:neural_network:Cross-entropy loss (unregularized): 2.215130
DEBUG:neural_network:L2 regularization term: 0.002294
DEBUG:neural_network:Total loss: 2.217424
DEBUG:neural_network:Forward pass input shape: (200, 784)
DEBUG:neural_network:Hidden layer 1: activation=relu, output range=[0.0000, 1.5696]
DEBUG:neural_network:Output layer: applied softmax, shape=(200, 10)
DEBUG:neural_network:Forward pass complete: 3 activations computed
DEBUG:neural_network:Backward pass: n_samples=200
DEBUG:neural_network:Output delta: shape=(200, 10), mean=-0.000000, std=0.298241
DEBUG:neural_network:Layer 1: added L2 gradient (alpha=0.0001)
DEBUG:neural_network:Layer 1 gradients: W shape=(16, 10), ||W||=0.1521, ||b||=0.0646
DEBUG:neural_network:Propagated delta to layer 0: shape=(200, 16)
DEBUG:neural_network:Layer 0: added L2 gradient (alpha=0.0001)
DEBUG:neural_network:Layer 0 gradients: W shape=(784, 16), ||W||=0.7409, ||b||=0.0486
DEBUG:neural_network:Backward pass complete
DEBUG:neural_network:Updating weights with learning_rate=0.001
DEBUG:neural_network:Layer 0: weight norm 5.6348→5.6348, bias norm 0.0121→0.0121
DEBUG:neural_network:Layer 1: weight norm 3.7595→3.7595, bias norm 0.0118→0.0119
DEBUG:neural_network:Cross-entropy loss (unregularized): 2.243054
DEBUG:neural_network:L2 regularization term: 0.002294
DEBUG:neural_network:Total loss: 2.245348
DEBUG:neural_network:Forward pass input shape: (200, 784)
DEBUG:neural_network:Hidden layer 1: activation=relu, output range=[0.0000, 1.6706]
DEBUG:neural_network:Output layer: applied softmax, shape=(200, 10)
DEBUG:neural_network:Forward pass complete: 3 activations computed
DEBUG:neural_network:Backward pass: n_samples=200
DEBUG:neural_network:Output delta: shape=(200, 10), mean=-0.000000, std=0.298869
DEBUG:neural_network:Layer 1: added L2 gradient (alpha=0.0001)
DEBUG:neural_network:Layer 1 gradients: W shape=(16, 10), ||W||=0.1417, ||b||=0.0880
DEBUG:neural_network:Propagated delta to layer 0: shape=(200, 16)
DEBUG:neural_network:Layer 0: added L2 gradient (alpha=0.0001)
DEBUG:neural_network:Layer 0 gradients: W shape=(784, 16), ||W||=0.8910, ||b||=0.0852
DEBUG:neural_network:Backward pass complete
DEBUG:neural_network:Updating weights with learning_rate=0.001
DEBUG:neural_network:Layer 0: weight norm 5.6348→5.6348, bias norm 0.0121→0.0122
DEBUG:neural_network:Layer 1: weight norm 3.7595→3.7595, bias norm 0.0119→0.0120
DEBUG:neural_network:Cross-entropy loss (unregularized): 2.254956
DEBUG:neural_network:L2 regularization term: 0.002294
DEBUG:neural_network:Total loss: 2.257251
INFO:neural_network:Epoch 1, Batch 160: loss=2.257251
DEBUG:neural_network:Forward pass input shape: (200, 784)
DEBUG:neural_network:Hidden layer 1: activation=relu, output range=[0.0000, 1.7121]
DEBUG:neural_network:Output layer: applied softmax, shape=(200, 10)
DEBUG:neural_network:Forward pass complete: 3 activations computed
DEBUG:neural_network:Backward pass: n_samples=200
DEBUG:neural_network:Output delta: shape=(200, 10), mean=-0.000000, std=0.299573
DEBUG:neural_network:Layer 1: added L2 gradient (alpha=0.0001)
DEBUG:neural_network:Layer 1 gradients: W shape=(16, 10), ||W||=0.1664, ||b||=0.1271
DEBUG:neural_network:Propagated delta to layer 0: shape=(200, 16)
DEBUG:neural_network:Layer 0: added L2 gradient (alpha=0.0001)
DEBUG:neural_network:Layer 0 gradients: W shape=(784, 16), ||W||=0.9392, ||b||=0.0971
DEBUG:neural_network:Backward pass complete
DEBUG:neural_network:Updating weights with learning_rate=0.001
DEBUG:neural_network:Layer 0: weight norm 5.6348→5.6348, bias norm 0.0122→0.0122
DEBUG:neural_network:Layer 1: weight norm 3.7595→3.7595, bias norm 0.0120→0.0121
DEBUG:neural_network:Cross-entropy loss (unregularized): 2.280392
DEBUG:neural_network:L2 regularization term: 0.002294
DEBUG:neural_network:Total loss: 2.282686
DEBUG:neural_network:Forward pass input shape: (200, 784)
DEBUG:neural_network:Hidden layer 1: activation=relu, output range=[0.0000, 1.6905]
DEBUG:neural_network:Output layer: applied softmax, shape=(200, 10)
DEBUG:neural_network:Forward pass complete: 3 activations computed
DEBUG:neural_network:Backward pass: n_samples=200
DEBUG:neural_network:Output delta: shape=(200, 10), mean=-0.000000, std=0.298445
DEBUG:neural_network:Layer 1: added L2 gradient (alpha=0.0001)
DEBUG:neural_network:Layer 1 gradients: W shape=(16, 10), ||W||=0.1806, ||b||=0.1014
DEBUG:neural_network:Propagated delta to layer 0: shape=(200, 16)
DEBUG:neural_network:Layer 0: added L2 gradient (alpha=0.0001)
DEBUG:neural_network:Layer 0 gradients: W shape=(784, 16), ||W||=0.7957, ||b||=0.0696
DEBUG:neural_network:Backward pass complete
DEBUG:neural_network:Updating weights with learning_rate=0.001
DEBUG:neural_network:Layer 0: weight norm 5.6348→5.6348, bias norm 0.0122→0.0123
DEBUG:neural_network:Layer 1: weight norm 3.7595→3.7595, bias norm 0.0121→0.0121
DEBUG:neural_network:Cross-entropy loss (unregularized): 2.247117
DEBUG:neural_network:L2 regularization term: 0.002294
DEBUG:neural_network:Total loss: 2.249412
DEBUG:neural_network:Forward pass input shape: (200, 784)
DEBUG:neural_network:Hidden layer 1: activation=relu, output range=[0.0000, 1.6538]
DEBUG:neural_network:Output layer: applied softmax, shape=(200, 10)
DEBUG:neural_network:Forward pass complete: 3 activations computed
DEBUG:neural_network:Backward pass: n_samples=200
DEBUG:neural_network:Output delta: shape=(200, 10), mean=-0.000000, std=0.298345
DEBUG:neural_network:Layer 1: added L2 gradient (alpha=0.0001)
DEBUG:neural_network:Layer 1 gradients: W shape=(16, 10), ||W||=0.1450, ||b||=0.0839
DEBUG:neural_network:Propagated delta to layer 0: shape=(200, 16)
DEBUG:neural_network:Layer 0: added L2 gradient (alpha=0.0001)
DEBUG:neural_network:Layer 0 gradients: W shape=(784, 16), ||W||=0.8381, ||b||=0.0776
DEBUG:neural_network:Backward pass complete
DEBUG:neural_network:Updating weights with learning_rate=0.001
DEBUG:neural_network:Layer 0: weight norm 5.6348→5.6348, bias norm 0.0123→0.0123
DEBUG:neural_network:Layer 1: weight norm 3.7595→3.7595, bias norm 0.0121→0.0122
DEBUG:neural_network:Cross-entropy loss (unregularized): 2.244203
DEBUG:neural_network:L2 regularization term: 0.002294
DEBUG:neural_network:Total loss: 2.246497
DEBUG:neural_network:Forward pass input shape: (200, 784)
DEBUG:neural_network:Hidden layer 1: activation=relu, output range=[0.0000, 1.7057]
DEBUG:neural_network:Output layer: applied softmax, shape=(200, 10)
DEBUG:neural_network:Forward pass complete: 3 activations computed
DEBUG:neural_network:Backward pass: n_samples=200
DEBUG:neural_network:Output delta: shape=(200, 10), mean=0.000000, std=0.299422
DEBUG:neural_network:Layer 1: added L2 gradient (alpha=0.0001)
DEBUG:neural_network:Layer 1 gradients: W shape=(16, 10), ||W||=0.1638, ||b||=0.0952
DEBUG:neural_network:Propagated delta to layer 0: shape=(200, 16)
DEBUG:neural_network:Layer 0: added L2 gradient (alpha=0.0001)
DEBUG:neural_network:Layer 0 gradients: W shape=(784, 16), ||W||=0.9924, ||b||=0.1076
DEBUG:neural_network:Backward pass complete
DEBUG:neural_network:Updating weights with learning_rate=0.001
DEBUG:neural_network:Layer 0: weight norm 5.6348→5.6348, bias norm 0.0123→0.0124
DEBUG:neural_network:Layer 1: weight norm 3.7595→3.7595, bias norm 0.0122→0.0123
DEBUG:neural_network:Cross-entropy loss (unregularized): 2.273807
DEBUG:neural_network:L2 regularization term: 0.002294
DEBUG:neural_network:Total loss: 2.276102
DEBUG:neural_network:Forward pass input shape: (200, 784)
DEBUG:neural_network:Hidden layer 1: activation=relu, output range=[0.0000, 1.5821]
DEBUG:neural_network:Output layer: applied softmax, shape=(200, 10)
DEBUG:neural_network:Forward pass complete: 3 activations computed
DEBUG:neural_network:Backward pass: n_samples=200
DEBUG:neural_network:Output delta: shape=(200, 10), mean=-0.000000, std=0.298113
DEBUG:neural_network:Layer 1: added L2 gradient (alpha=0.0001)
DEBUG:neural_network:Layer 1 gradients: W shape=(16, 10), ||W||=0.1531, ||b||=0.1198
DEBUG:neural_network:Propagated delta to layer 0: shape=(200, 16)
DEBUG:neural_network:Layer 0: added L2 gradient (alpha=0.0001)
DEBUG:neural_network:Layer 0 gradients: W shape=(784, 16), ||W||=0.9013, ||b||=0.0990
DEBUG:neural_network:Backward pass complete
DEBUG:neural_network:Updating weights with learning_rate=0.001
DEBUG:neural_network:Layer 0: weight norm 5.6348→5.6348, bias norm 0.0124→0.0125
DEBUG:neural_network:Layer 1: weight norm 3.7595→3.7595, bias norm 0.0123→0.0123
DEBUG:neural_network:Cross-entropy loss (unregularized): 2.241607
DEBUG:neural_network:L2 regularization term: 0.002294
DEBUG:neural_network:Total loss: 2.243901
DEBUG:neural_network:Forward pass input shape: (200, 784)
DEBUG:neural_network:Hidden layer 1: activation=relu, output range=[0.0000, 1.6272]
DEBUG:neural_network:Output layer: applied softmax, shape=(200, 10)
DEBUG:neural_network:Forward pass complete: 3 activations computed
DEBUG:neural_network:Backward pass: n_samples=200
DEBUG:neural_network:Output delta: shape=(200, 10), mean=0.000000, std=0.298047
DEBUG:neural_network:Layer 1: added L2 gradient (alpha=0.0001)
DEBUG:neural_network:Layer 1 gradients: W shape=(16, 10), ||W||=0.1277, ||b||=0.0651
DEBUG:neural_network:Propagated delta to layer 0: shape=(200, 16)
DEBUG:neural_network:Layer 0: added L2 gradient (alpha=0.0001)
DEBUG:neural_network:Layer 0 gradients: W shape=(784, 16), ||W||=0.7713, ||b||=0.0729
DEBUG:neural_network:Backward pass complete
DEBUG:neural_network:Updating weights with learning_rate=0.001
DEBUG:neural_network:Layer 0: weight norm 5.6348→5.6348, bias norm 0.0125→0.0125
DEBUG:neural_network:Layer 1: weight norm 3.7595→3.7595, bias norm 0.0123→0.0124
DEBUG:neural_network:Cross-entropy loss (unregularized): 2.236253
DEBUG:neural_network:L2 regularization term: 0.002294
DEBUG:neural_network:Total loss: 2.238547
DEBUG:neural_network:Forward pass input shape: (200, 784)
DEBUG:neural_network:Hidden layer 1: activation=relu, output range=[0.0000, 2.0552]
DEBUG:neural_network:Output layer: applied softmax, shape=(200, 10)
DEBUG:neural_network:Forward pass complete: 3 activations computed
DEBUG:neural_network:Backward pass: n_samples=200
DEBUG:neural_network:Output delta: shape=(200, 10), mean=0.000000, std=0.298446
DEBUG:neural_network:Layer 1: added L2 gradient (alpha=0.0001)
DEBUG:neural_network:Layer 1 gradients: W shape=(16, 10), ||W||=0.1669, ||b||=0.1100
DEBUG:neural_network:Propagated delta to layer 0: shape=(200, 16)
DEBUG:neural_network:Layer 0: added L2 gradient (alpha=0.0001)
DEBUG:neural_network:Layer 0 gradients: W shape=(784, 16), ||W||=0.8156, ||b||=0.0725
DEBUG:neural_network:Backward pass complete
DEBUG:neural_network:Updating weights with learning_rate=0.001
DEBUG:neural_network:Layer 0: weight norm 5.6348→5.6348, bias norm 0.0125→0.0125
DEBUG:neural_network:Layer 1: weight norm 3.7595→3.7595, bias norm 0.0124→0.0125
DEBUG:neural_network:Cross-entropy loss (unregularized): 2.242569
DEBUG:neural_network:L2 regularization term: 0.002294
DEBUG:neural_network:Total loss: 2.244864
DEBUG:neural_network:Forward pass input shape: (200, 784)
DEBUG:neural_network:Hidden layer 1: activation=relu, output range=[0.0000, 1.5787]
DEBUG:neural_network:Output layer: applied softmax, shape=(200, 10)
DEBUG:neural_network:Forward pass complete: 3 activations computed
DEBUG:neural_network:Backward pass: n_samples=200
DEBUG:neural_network:Output delta: shape=(200, 10), mean=0.000000, std=0.298546
DEBUG:neural_network:Layer 1: added L2 gradient (alpha=0.0001)
DEBUG:neural_network:Layer 1 gradients: W shape=(16, 10), ||W||=0.1628, ||b||=0.1184
DEBUG:neural_network:Propagated delta to layer 0: shape=(200, 16)
DEBUG:neural_network:Layer 0: added L2 gradient (alpha=0.0001)
DEBUG:neural_network:Layer 0 gradients: W shape=(784, 16), ||W||=0.9399, ||b||=0.1027
DEBUG:neural_network:Backward pass complete
DEBUG:neural_network:Updating weights with learning_rate=0.001
DEBUG:neural_network:Layer 0: weight norm 5.6348→5.6348, bias norm 0.0125→0.0126
DEBUG:neural_network:Layer 1: weight norm 3.7595→3.7595, bias norm 0.0125→0.0126
DEBUG:neural_network:Cross-entropy loss (unregularized): 2.248169
DEBUG:neural_network:L2 regularization term: 0.002294
DEBUG:neural_network:Total loss: 2.250463
DEBUG:neural_network:Forward pass input shape: (200, 784)
DEBUG:neural_network:Hidden layer 1: activation=relu, output range=[0.0000, 1.6058]
DEBUG:neural_network:Output layer: applied softmax, shape=(200, 10)
DEBUG:neural_network:Forward pass complete: 3 activations computed
DEBUG:neural_network:Backward pass: n_samples=200
DEBUG:neural_network:Output delta: shape=(200, 10), mean=-0.000000, std=0.299306
DEBUG:neural_network:Layer 1: added L2 gradient (alpha=0.0001)
DEBUG:neural_network:Layer 1 gradients: W shape=(16, 10), ||W||=0.1486, ||b||=0.0958
DEBUG:neural_network:Propagated delta to layer 0: shape=(200, 16)
DEBUG:neural_network:Layer 0: added L2 gradient (alpha=0.0001)
DEBUG:neural_network:Layer 0 gradients: W shape=(784, 16), ||W||=0.8721, ||b||=0.0929
DEBUG:neural_network:Backward pass complete
DEBUG:neural_network:Updating weights with learning_rate=0.001
DEBUG:neural_network:Layer 0: weight norm 5.6348→5.6348, bias norm 0.0126→0.0127
DEBUG:neural_network:Layer 1: weight norm 3.7595→3.7595, bias norm 0.0126→0.0126
DEBUG:neural_network:Cross-entropy loss (unregularized): 2.271710
DEBUG:neural_network:L2 regularization term: 0.002294
DEBUG:neural_network:Total loss: 2.274004
DEBUG:neural_network:Forward pass input shape: (200, 784)
DEBUG:neural_network:Hidden layer 1: activation=relu, output range=[0.0000, 1.7499]
DEBUG:neural_network:Output layer: applied softmax, shape=(200, 10)
DEBUG:neural_network:Forward pass complete: 3 activations computed
DEBUG:neural_network:Backward pass: n_samples=200
DEBUG:neural_network:Output delta: shape=(200, 10), mean=-0.000000, std=0.297229
DEBUG:neural_network:Layer 1: added L2 gradient (alpha=0.0001)
DEBUG:neural_network:Layer 1 gradients: W shape=(16, 10), ||W||=0.1396, ||b||=0.0939
DEBUG:neural_network:Propagated delta to layer 0: shape=(200, 16)
DEBUG:neural_network:Layer 0: added L2 gradient (alpha=0.0001)
DEBUG:neural_network:Layer 0 gradients: W shape=(784, 16), ||W||=0.8721, ||b||=0.0919
DEBUG:neural_network:Backward pass complete
DEBUG:neural_network:Updating weights with learning_rate=0.001
DEBUG:neural_network:Layer 0: weight norm 5.6348→5.6348, bias norm 0.0127→0.0128
DEBUG:neural_network:Layer 1: weight norm 3.7595→3.7595, bias norm 0.0126→0.0127
DEBUG:neural_network:Cross-entropy loss (unregularized): 2.217808
DEBUG:neural_network:L2 regularization term: 0.002294
DEBUG:neural_network:Total loss: 2.220103
INFO:neural_network:Epoch 1, Batch 170: loss=2.220103
DEBUG:neural_network:Forward pass input shape: (200, 784)
DEBUG:neural_network:Hidden layer 1: activation=relu, output range=[0.0000, 1.5499]
DEBUG:neural_network:Output layer: applied softmax, shape=(200, 10)
DEBUG:neural_network:Forward pass complete: 3 activations computed
DEBUG:neural_network:Backward pass: n_samples=200
DEBUG:neural_network:Output delta: shape=(200, 10), mean=0.000000, std=0.297865
DEBUG:neural_network:Layer 1: added L2 gradient (alpha=0.0001)
DEBUG:neural_network:Layer 1 gradients: W shape=(16, 10), ||W||=0.1270, ||b||=0.0697
DEBUG:neural_network:Propagated delta to layer 0: shape=(200, 16)
DEBUG:neural_network:Layer 0: added L2 gradient (alpha=0.0001)
DEBUG:neural_network:Layer 0 gradients: W shape=(784, 16), ||W||=0.9212, ||b||=0.0825
DEBUG:neural_network:Backward pass complete
DEBUG:neural_network:Updating weights with learning_rate=0.001
DEBUG:neural_network:Layer 0: weight norm 5.6348→5.6348, bias norm 0.0128→0.0128
DEBUG:neural_network:Layer 1: weight norm 3.7595→3.7595, bias norm 0.0127→0.0127
DEBUG:neural_network:Cross-entropy loss (unregularized): 2.226165
DEBUG:neural_network:L2 regularization term: 0.002294
DEBUG:neural_network:Total loss: 2.228459
DEBUG:neural_network:Forward pass input shape: (200, 784)
DEBUG:neural_network:Hidden layer 1: activation=relu, output range=[0.0000, 1.8407]
DEBUG:neural_network:Output layer: applied softmax, shape=(200, 10)
DEBUG:neural_network:Forward pass complete: 3 activations computed
DEBUG:neural_network:Backward pass: n_samples=200
DEBUG:neural_network:Output delta: shape=(200, 10), mean=0.000000, std=0.298908
DEBUG:neural_network:Layer 1: added L2 gradient (alpha=0.0001)
DEBUG:neural_network:Layer 1 gradients: W shape=(16, 10), ||W||=0.1638, ||b||=0.0992
DEBUG:neural_network:Propagated delta to layer 0: shape=(200, 16)
DEBUG:neural_network:Layer 0: added L2 gradient (alpha=0.0001)
DEBUG:neural_network:Layer 0 gradients: W shape=(784, 16), ||W||=0.8828, ||b||=0.0762
DEBUG:neural_network:Backward pass complete
DEBUG:neural_network:Updating weights with learning_rate=0.001
DEBUG:neural_network:Layer 0: weight norm 5.6348→5.6348, bias norm 0.0128→0.0129
DEBUG:neural_network:Layer 1: weight norm 3.7595→3.7595, bias norm 0.0127→0.0128
DEBUG:neural_network:Cross-entropy loss (unregularized): 2.261185
DEBUG:neural_network:L2 regularization term: 0.002294
DEBUG:neural_network:Total loss: 2.263479
DEBUG:neural_network:Forward pass input shape: (200, 784)
DEBUG:neural_network:Hidden layer 1: activation=relu, output range=[0.0000, 1.6327]
DEBUG:neural_network:Output layer: applied softmax, shape=(200, 10)
DEBUG:neural_network:Forward pass complete: 3 activations computed
DEBUG:neural_network:Backward pass: n_samples=200
DEBUG:neural_network:Output delta: shape=(200, 10), mean=0.000000, std=0.298710
DEBUG:neural_network:Layer 1: added L2 gradient (alpha=0.0001)
DEBUG:neural_network:Layer 1 gradients: W shape=(16, 10), ||W||=0.1629, ||b||=0.0858
DEBUG:neural_network:Propagated delta to layer 0: shape=(200, 16)
DEBUG:neural_network:Layer 0: added L2 gradient (alpha=0.0001)
DEBUG:neural_network:Layer 0 gradients: W shape=(784, 16), ||W||=0.8393, ||b||=0.0746
DEBUG:neural_network:Backward pass complete
DEBUG:neural_network:Updating weights with learning_rate=0.001
DEBUG:neural_network:Layer 0: weight norm 5.6348→5.6348, bias norm 0.0129→0.0129
DEBUG:neural_network:Layer 1: weight norm 3.7595→3.7595, bias norm 0.0128→0.0129
DEBUG:neural_network:Cross-entropy loss (unregularized): 2.249144
DEBUG:neural_network:L2 regularization term: 0.002294
DEBUG:neural_network:Total loss: 2.251438
DEBUG:neural_network:Forward pass input shape: (200, 784)
DEBUG:neural_network:Hidden layer 1: activation=relu, output range=[0.0000, 1.7789]
DEBUG:neural_network:Output layer: applied softmax, shape=(200, 10)
DEBUG:neural_network:Forward pass complete: 3 activations computed
DEBUG:neural_network:Backward pass: n_samples=200
DEBUG:neural_network:Output delta: shape=(200, 10), mean=0.000000, std=0.298359
DEBUG:neural_network:Layer 1: added L2 gradient (alpha=0.0001)
DEBUG:neural_network:Layer 1 gradients: W shape=(16, 10), ||W||=0.1504, ||b||=0.0977
DEBUG:neural_network:Propagated delta to layer 0: shape=(200, 16)
DEBUG:neural_network:Layer 0: added L2 gradient (alpha=0.0001)
DEBUG:neural_network:Layer 0 gradients: W shape=(784, 16), ||W||=0.8790, ||b||=0.0951
DEBUG:neural_network:Backward pass complete
DEBUG:neural_network:Updating weights with learning_rate=0.001
DEBUG:neural_network:Layer 0: weight norm 5.6348→5.6348, bias norm 0.0129→0.0130
DEBUG:neural_network:Layer 1: weight norm 3.7595→3.7595, bias norm 0.0129→0.0129
DEBUG:neural_network:Cross-entropy loss (unregularized): 2.249448
DEBUG:neural_network:L2 regularization term: 0.002294
DEBUG:neural_network:Total loss: 2.251742
DEBUG:neural_network:Forward pass input shape: (200, 784)
DEBUG:neural_network:Hidden layer 1: activation=relu, output range=[0.0000, 1.6025]
DEBUG:neural_network:Output layer: applied softmax, shape=(200, 10)
DEBUG:neural_network:Forward pass complete: 3 activations computed
DEBUG:neural_network:Backward pass: n_samples=200
DEBUG:neural_network:Output delta: shape=(200, 10), mean=0.000000, std=0.298063
DEBUG:neural_network:Layer 1: added L2 gradient (alpha=0.0001)
DEBUG:neural_network:Layer 1 gradients: W shape=(16, 10), ||W||=0.1359, ||b||=0.1123
DEBUG:neural_network:Propagated delta to layer 0: shape=(200, 16)
DEBUG:neural_network:Layer 0: added L2 gradient (alpha=0.0001)
DEBUG:neural_network:Layer 0 gradients: W shape=(784, 16), ||W||=0.8553, ||b||=0.0859
DEBUG:neural_network:Backward pass complete
DEBUG:neural_network:Updating weights with learning_rate=0.001
DEBUG:neural_network:Layer 0: weight norm 5.6348→5.6348, bias norm 0.0130→0.0131
DEBUG:neural_network:Layer 1: weight norm 3.7595→3.7595, bias norm 0.0129→0.0130
DEBUG:neural_network:Cross-entropy loss (unregularized): 2.236420
DEBUG:neural_network:L2 regularization term: 0.002294
DEBUG:neural_network:Total loss: 2.238714
DEBUG:neural_network:Forward pass input shape: (200, 784)
DEBUG:neural_network:Hidden layer 1: activation=relu, output range=[0.0000, 2.0231]
DEBUG:neural_network:Output layer: applied softmax, shape=(200, 10)
DEBUG:neural_network:Forward pass complete: 3 activations computed
DEBUG:neural_network:Backward pass: n_samples=200
DEBUG:neural_network:Output delta: shape=(200, 10), mean=-0.000000, std=0.299168
DEBUG:neural_network:Layer 1: added L2 gradient (alpha=0.0001)
DEBUG:neural_network:Layer 1 gradients: W shape=(16, 10), ||W||=0.1628, ||b||=0.1027
DEBUG:neural_network:Propagated delta to layer 0: shape=(200, 16)
DEBUG:neural_network:Layer 0: added L2 gradient (alpha=0.0001)
DEBUG:neural_network:Layer 0 gradients: W shape=(784, 16), ||W||=0.8775, ||b||=0.0884
DEBUG:neural_network:Backward pass complete
DEBUG:neural_network:Updating weights with learning_rate=0.001
DEBUG:neural_network:Layer 0: weight norm 5.6348→5.6348, bias norm 0.0131→0.0131
DEBUG:neural_network:Layer 1: weight norm 3.7595→3.7595, bias norm 0.0130→0.0131
DEBUG:neural_network:Cross-entropy loss (unregularized): 2.262313
DEBUG:neural_network:L2 regularization term: 0.002294
DEBUG:neural_network:Total loss: 2.264608
DEBUG:neural_network:Forward pass input shape: (200, 784)
DEBUG:neural_network:Hidden layer 1: activation=relu, output range=[0.0000, 1.7971]
DEBUG:neural_network:Output layer: applied softmax, shape=(200, 10)
DEBUG:neural_network:Forward pass complete: 3 activations computed
DEBUG:neural_network:Backward pass: n_samples=200
DEBUG:neural_network:Output delta: shape=(200, 10), mean=0.000000, std=0.299282
DEBUG:neural_network:Layer 1: added L2 gradient (alpha=0.0001)
DEBUG:neural_network:Layer 1 gradients: W shape=(16, 10), ||W||=0.1697, ||b||=0.1139
DEBUG:neural_network:Propagated delta to layer 0: shape=(200, 16)
DEBUG:neural_network:Layer 0: added L2 gradient (alpha=0.0001)
DEBUG:neural_network:Layer 0 gradients: W shape=(784, 16), ||W||=0.9495, ||b||=0.0876
DEBUG:neural_network:Backward pass complete
DEBUG:neural_network:Updating weights with learning_rate=0.001
DEBUG:neural_network:Layer 0: weight norm 5.6348→5.6348, bias norm 0.0131→0.0132
DEBUG:neural_network:Layer 1: weight norm 3.7595→3.7595, bias norm 0.0131→0.0132
DEBUG:neural_network:Cross-entropy loss (unregularized): 2.268135
DEBUG:neural_network:L2 regularization term: 0.002294
DEBUG:neural_network:Total loss: 2.270429
DEBUG:neural_network:Forward pass input shape: (200, 784)
DEBUG:neural_network:Hidden layer 1: activation=relu, output range=[0.0000, 1.6645]
DEBUG:neural_network:Output layer: applied softmax, shape=(200, 10)
DEBUG:neural_network:Forward pass complete: 3 activations computed
DEBUG:neural_network:Backward pass: n_samples=200
DEBUG:neural_network:Output delta: shape=(200, 10), mean=-0.000000, std=0.297604
DEBUG:neural_network:Layer 1: added L2 gradient (alpha=0.0001)
DEBUG:neural_network:Layer 1 gradients: W shape=(16, 10), ||W||=0.1374, ||b||=0.0852
DEBUG:neural_network:Propagated delta to layer 0: shape=(200, 16)
DEBUG:neural_network:Layer 0: added L2 gradient (alpha=0.0001)
DEBUG:neural_network:Layer 0 gradients: W shape=(784, 16), ||W||=0.8745, ||b||=0.0790
DEBUG:neural_network:Backward pass complete
DEBUG:neural_network:Updating weights with learning_rate=0.001
DEBUG:neural_network:Layer 0: weight norm 5.6348→5.6348, bias norm 0.0132→0.0133
DEBUG:neural_network:Layer 1: weight norm 3.7595→3.7595, bias norm 0.0132→0.0132
DEBUG:neural_network:Cross-entropy loss (unregularized): 2.228273
DEBUG:neural_network:L2 regularization term: 0.002294
DEBUG:neural_network:Total loss: 2.230567
DEBUG:neural_network:Forward pass input shape: (200, 784)
DEBUG:neural_network:Hidden layer 1: activation=relu, output range=[0.0000, 1.4681]
DEBUG:neural_network:Output layer: applied softmax, shape=(200, 10)
DEBUG:neural_network:Forward pass complete: 3 activations computed
DEBUG:neural_network:Backward pass: n_samples=200
DEBUG:neural_network:Output delta: shape=(200, 10), mean=0.000000, std=0.298437
DEBUG:neural_network:Layer 1: added L2 gradient (alpha=0.0001)
DEBUG:neural_network:Layer 1 gradients: W shape=(16, 10), ||W||=0.1479, ||b||=0.0726
DEBUG:neural_network:Propagated delta to layer 0: shape=(200, 16)
DEBUG:neural_network:Layer 0: added L2 gradient (alpha=0.0001)
DEBUG:neural_network:Layer 0 gradients: W shape=(784, 16), ||W||=0.8080, ||b||=0.0755
DEBUG:neural_network:Backward pass complete
DEBUG:neural_network:Updating weights with learning_rate=0.001
DEBUG:neural_network:Layer 0: weight norm 5.6348→5.6348, bias norm 0.0133→0.0133
DEBUG:neural_network:Layer 1: weight norm 3.7595→3.7595, bias norm 0.0132→0.0133
DEBUG:neural_network:Cross-entropy loss (unregularized): 2.245098
DEBUG:neural_network:L2 regularization term: 0.002294
DEBUG:neural_network:Total loss: 2.247392
DEBUG:neural_network:Forward pass input shape: (200, 784)
DEBUG:neural_network:Hidden layer 1: activation=relu, output range=[0.0000, 1.8152]
DEBUG:neural_network:Output layer: applied softmax, shape=(200, 10)
DEBUG:neural_network:Forward pass complete: 3 activations computed
DEBUG:neural_network:Backward pass: n_samples=200
DEBUG:neural_network:Output delta: shape=(200, 10), mean=-0.000000, std=0.297868
DEBUG:neural_network:Layer 1: added L2 gradient (alpha=0.0001)
DEBUG:neural_network:Layer 1 gradients: W shape=(16, 10), ||W||=0.1415, ||b||=0.0711
DEBUG:neural_network:Propagated delta to layer 0: shape=(200, 16)
DEBUG:neural_network:Layer 0: added L2 gradient (alpha=0.0001)
DEBUG:neural_network:Layer 0 gradients: W shape=(784, 16), ||W||=0.7870, ||b||=0.0532
DEBUG:neural_network:Backward pass complete
DEBUG:neural_network:Updating weights with learning_rate=0.001
DEBUG:neural_network:Layer 0: weight norm 5.6348→5.6348, bias norm 0.0133→0.0134
DEBUG:neural_network:Layer 1: weight norm 3.7595→3.7595, bias norm 0.0133→0.0133
DEBUG:neural_network:Cross-entropy loss (unregularized): 2.232180
DEBUG:neural_network:L2 regularization term: 0.002294
DEBUG:neural_network:Total loss: 2.234474
INFO:neural_network:Epoch 1, Batch 180: loss=2.234474
DEBUG:neural_network:Forward pass input shape: (200, 784)
DEBUG:neural_network:Hidden layer 1: activation=relu, output range=[0.0000, 1.7931]
DEBUG:neural_network:Output layer: applied softmax, shape=(200, 10)
DEBUG:neural_network:Forward pass complete: 3 activations computed
DEBUG:neural_network:Backward pass: n_samples=200
DEBUG:neural_network:Output delta: shape=(200, 10), mean=-0.000000, std=0.298699
DEBUG:neural_network:Layer 1: added L2 gradient (alpha=0.0001)
DEBUG:neural_network:Layer 1 gradients: W shape=(16, 10), ||W||=0.1873, ||b||=0.1312
DEBUG:neural_network:Propagated delta to layer 0: shape=(200, 16)
DEBUG:neural_network:Layer 0: added L2 gradient (alpha=0.0001)
DEBUG:neural_network:Layer 0 gradients: W shape=(784, 16), ||W||=0.8666, ||b||=0.0874
DEBUG:neural_network:Backward pass complete
DEBUG:neural_network:Updating weights with learning_rate=0.001
DEBUG:neural_network:Layer 0: weight norm 5.6348→5.6348, bias norm 0.0134→0.0134
DEBUG:neural_network:Layer 1: weight norm 3.7595→3.7595, bias norm 0.0133→0.0134
DEBUG:neural_network:Cross-entropy loss (unregularized): 2.250315
DEBUG:neural_network:L2 regularization term: 0.002294
DEBUG:neural_network:Total loss: 2.252609
DEBUG:neural_network:Forward pass input shape: (200, 784)
DEBUG:neural_network:Hidden layer 1: activation=relu, output range=[0.0000, 1.6240]
DEBUG:neural_network:Output layer: applied softmax, shape=(200, 10)
DEBUG:neural_network:Forward pass complete: 3 activations computed
DEBUG:neural_network:Backward pass: n_samples=200
DEBUG:neural_network:Output delta: shape=(200, 10), mean=-0.000000, std=0.295680
DEBUG:neural_network:Layer 1: added L2 gradient (alpha=0.0001)
DEBUG:neural_network:Layer 1 gradients: W shape=(16, 10), ||W||=0.1627, ||b||=0.0659
DEBUG:neural_network:Propagated delta to layer 0: shape=(200, 16)
DEBUG:neural_network:Layer 0: added L2 gradient (alpha=0.0001)
DEBUG:neural_network:Layer 0 gradients: W shape=(784, 16), ||W||=0.8275, ||b||=0.0840
DEBUG:neural_network:Backward pass complete
DEBUG:neural_network:Updating weights with learning_rate=0.001
DEBUG:neural_network:Layer 0: weight norm 5.6348→5.6348, bias norm 0.0134→0.0134
DEBUG:neural_network:Layer 1: weight norm 3.7595→3.7595, bias norm 0.0134→0.0134
DEBUG:neural_network:Cross-entropy loss (unregularized): 2.172604
DEBUG:neural_network:L2 regularization term: 0.002294
DEBUG:neural_network:Total loss: 2.174898
DEBUG:neural_network:Forward pass input shape: (200, 784)
DEBUG:neural_network:Hidden layer 1: activation=relu, output range=[0.0000, 1.5457]
DEBUG:neural_network:Output layer: applied softmax, shape=(200, 10)
DEBUG:neural_network:Forward pass complete: 3 activations computed
DEBUG:neural_network:Backward pass: n_samples=200
DEBUG:neural_network:Output delta: shape=(200, 10), mean=-0.000000, std=0.298417
DEBUG:neural_network:Layer 1: added L2 gradient (alpha=0.0001)
DEBUG:neural_network:Layer 1 gradients: W shape=(16, 10), ||W||=0.1769, ||b||=0.1257
DEBUG:neural_network:Propagated delta to layer 0: shape=(200, 16)
DEBUG:neural_network:Layer 0: added L2 gradient (alpha=0.0001)
DEBUG:neural_network:Layer 0 gradients: W shape=(784, 16), ||W||=1.0092, ||b||=0.1222
DEBUG:neural_network:Backward pass complete
DEBUG:neural_network:Updating weights with learning_rate=0.001
DEBUG:neural_network:Layer 0: weight norm 5.6348→5.6348, bias norm 0.0134→0.0135
DEBUG:neural_network:Layer 1: weight norm 3.7595→3.7596, bias norm 0.0134→0.0135
DEBUG:neural_network:Cross-entropy loss (unregularized): 2.232463
DEBUG:neural_network:L2 regularization term: 0.002294
DEBUG:neural_network:Total loss: 2.234757
DEBUG:neural_network:Forward pass input shape: (200, 784)
DEBUG:neural_network:Hidden layer 1: activation=relu, output range=[0.0000, 1.8865]
DEBUG:neural_network:Output layer: applied softmax, shape=(200, 10)
DEBUG:neural_network:Forward pass complete: 3 activations computed
DEBUG:neural_network:Backward pass: n_samples=200
DEBUG:neural_network:Output delta: shape=(200, 10), mean=0.000000, std=0.298474
DEBUG:neural_network:Layer 1: added L2 gradient (alpha=0.0001)
DEBUG:neural_network:Layer 1 gradients: W shape=(16, 10), ||W||=0.1953, ||b||=0.0943
DEBUG:neural_network:Propagated delta to layer 0: shape=(200, 16)
DEBUG:neural_network:Layer 0: added L2 gradient (alpha=0.0001)
DEBUG:neural_network:Layer 0 gradients: W shape=(784, 16), ||W||=0.9052, ||b||=0.0868
DEBUG:neural_network:Backward pass complete
DEBUG:neural_network:Updating weights with learning_rate=0.001
DEBUG:neural_network:Layer 0: weight norm 5.6348→5.6348, bias norm 0.0135→0.0136
DEBUG:neural_network:Layer 1: weight norm 3.7596→3.7596, bias norm 0.0135→0.0136
DEBUG:neural_network:Cross-entropy loss (unregularized): 2.249620
DEBUG:neural_network:L2 regularization term: 0.002294
DEBUG:neural_network:Total loss: 2.251914
DEBUG:neural_network:Forward pass input shape: (200, 784)
DEBUG:neural_network:Hidden layer 1: activation=relu, output range=[0.0000, 1.6062]
DEBUG:neural_network:Output layer: applied softmax, shape=(200, 10)
DEBUG:neural_network:Forward pass complete: 3 activations computed
DEBUG:neural_network:Backward pass: n_samples=200
DEBUG:neural_network:Output delta: shape=(200, 10), mean=0.000000, std=0.297356
DEBUG:neural_network:Layer 1: added L2 gradient (alpha=0.0001)
DEBUG:neural_network:Layer 1 gradients: W shape=(16, 10), ||W||=0.1598, ||b||=0.1077
DEBUG:neural_network:Propagated delta to layer 0: shape=(200, 16)
DEBUG:neural_network:Layer 0: added L2 gradient (alpha=0.0001)
DEBUG:neural_network:Layer 0 gradients: W shape=(784, 16), ||W||=0.9279, ||b||=0.1067
DEBUG:neural_network:Backward pass complete
DEBUG:neural_network:Updating weights with learning_rate=0.001
DEBUG:neural_network:Layer 0: weight norm 5.6348→5.6348, bias norm 0.0136→0.0136
DEBUG:neural_network:Layer 1: weight norm 3.7596→3.7596, bias norm 0.0136→0.0137
DEBUG:neural_network:Cross-entropy loss (unregularized): 2.219225
DEBUG:neural_network:L2 regularization term: 0.002294
DEBUG:neural_network:Total loss: 2.221519
DEBUG:neural_network:Forward pass input shape: (200, 784)
DEBUG:neural_network:Hidden layer 1: activation=relu, output range=[0.0000, 1.5714]
DEBUG:neural_network:Output layer: applied softmax, shape=(200, 10)
DEBUG:neural_network:Forward pass complete: 3 activations computed
DEBUG:neural_network:Backward pass: n_samples=200
DEBUG:neural_network:Output delta: shape=(200, 10), mean=0.000000, std=0.297652
DEBUG:neural_network:Layer 1: added L2 gradient (alpha=0.0001)
DEBUG:neural_network:Layer 1 gradients: W shape=(16, 10), ||W||=0.1405, ||b||=0.0728
DEBUG:neural_network:Propagated delta to layer 0: shape=(200, 16)
DEBUG:neural_network:Layer 0: added L2 gradient (alpha=0.0001)
DEBUG:neural_network:Layer 0 gradients: W shape=(784, 16), ||W||=0.7992, ||b||=0.0768
DEBUG:neural_network:Backward pass complete
DEBUG:neural_network:Updating weights with learning_rate=0.001
DEBUG:neural_network:Layer 0: weight norm 5.6348→5.6348, bias norm 0.0136→0.0137
DEBUG:neural_network:Layer 1: weight norm 3.7596→3.7596, bias norm 0.0137→0.0137
DEBUG:neural_network:Cross-entropy loss (unregularized): 2.225119
DEBUG:neural_network:L2 regularization term: 0.002294
DEBUG:neural_network:Total loss: 2.227413
DEBUG:neural_network:Forward pass input shape: (200, 784)
DEBUG:neural_network:Hidden layer 1: activation=relu, output range=[0.0000, 1.8390]
DEBUG:neural_network:Output layer: applied softmax, shape=(200, 10)
DEBUG:neural_network:Forward pass complete: 3 activations computed
DEBUG:neural_network:Backward pass: n_samples=200
DEBUG:neural_network:Output delta: shape=(200, 10), mean=-0.000000, std=0.296655
DEBUG:neural_network:Layer 1: added L2 gradient (alpha=0.0001)
DEBUG:neural_network:Layer 1 gradients: W shape=(16, 10), ||W||=0.1504, ||b||=0.0763
DEBUG:neural_network:Propagated delta to layer 0: shape=(200, 16)
DEBUG:neural_network:Layer 0: added L2 gradient (alpha=0.0001)
DEBUG:neural_network:Layer 0 gradients: W shape=(784, 16), ||W||=0.8991, ||b||=0.0844
DEBUG:neural_network:Backward pass complete
DEBUG:neural_network:Updating weights with learning_rate=0.001
DEBUG:neural_network:Layer 0: weight norm 5.6348→5.6348, bias norm 0.0137→0.0137
DEBUG:neural_network:Layer 1: weight norm 3.7596→3.7596, bias norm 0.0137→0.0138
DEBUG:neural_network:Cross-entropy loss (unregularized): 2.193586
DEBUG:neural_network:L2 regularization term: 0.002294
DEBUG:neural_network:Total loss: 2.195881
DEBUG:neural_network:Forward pass input shape: (200, 784)
DEBUG:neural_network:Hidden layer 1: activation=relu, output range=[0.0000, 1.6591]
DEBUG:neural_network:Output layer: applied softmax, shape=(200, 10)
DEBUG:neural_network:Forward pass complete: 3 activations computed
DEBUG:neural_network:Backward pass: n_samples=200
DEBUG:neural_network:Output delta: shape=(200, 10), mean=0.000000, std=0.299078
DEBUG:neural_network:Layer 1: added L2 gradient (alpha=0.0001)
DEBUG:neural_network:Layer 1 gradients: W shape=(16, 10), ||W||=0.1625, ||b||=0.0818
DEBUG:neural_network:Propagated delta to layer 0: shape=(200, 16)
DEBUG:neural_network:Layer 0: added L2 gradient (alpha=0.0001)
DEBUG:neural_network:Layer 0 gradients: W shape=(784, 16), ||W||=0.8137, ||b||=0.0603
DEBUG:neural_network:Backward pass complete
DEBUG:neural_network:Updating weights with learning_rate=0.001
DEBUG:neural_network:Layer 0: weight norm 5.6348→5.6348, bias norm 0.0137→0.0138
DEBUG:neural_network:Layer 1: weight norm 3.7596→3.7596, bias norm 0.0138→0.0138
DEBUG:neural_network:Cross-entropy loss (unregularized): 2.265397
DEBUG:neural_network:L2 regularization term: 0.002294
DEBUG:neural_network:Total loss: 2.267691
DEBUG:neural_network:Forward pass input shape: (200, 784)
DEBUG:neural_network:Hidden layer 1: activation=relu, output range=[0.0000, 1.5213]
DEBUG:neural_network:Output layer: applied softmax, shape=(200, 10)
DEBUG:neural_network:Forward pass complete: 3 activations computed
DEBUG:neural_network:Backward pass: n_samples=200
DEBUG:neural_network:Output delta: shape=(200, 10), mean=0.000000, std=0.297912
DEBUG:neural_network:Layer 1: added L2 gradient (alpha=0.0001)
DEBUG:neural_network:Layer 1 gradients: W shape=(16, 10), ||W||=0.1660, ||b||=0.0669
DEBUG:neural_network:Propagated delta to layer 0: shape=(200, 16)
DEBUG:neural_network:Layer 0: added L2 gradient (alpha=0.0001)
DEBUG:neural_network:Layer 0 gradients: W shape=(784, 16), ||W||=0.7885, ||b||=0.0673
DEBUG:neural_network:Backward pass complete
DEBUG:neural_network:Updating weights with learning_rate=0.001
DEBUG:neural_network:Layer 0: weight norm 5.6348→5.6348, bias norm 0.0138→0.0138
DEBUG:neural_network:Layer 1: weight norm 3.7596→3.7596, bias norm 0.0138→0.0139
DEBUG:neural_network:Cross-entropy loss (unregularized): 2.234640
DEBUG:neural_network:L2 regularization term: 0.002294
DEBUG:neural_network:Total loss: 2.236935
DEBUG:neural_network:Forward pass input shape: (200, 784)
DEBUG:neural_network:Hidden layer 1: activation=relu, output range=[0.0000, 1.7862]
DEBUG:neural_network:Output layer: applied softmax, shape=(200, 10)
DEBUG:neural_network:Forward pass complete: 3 activations computed
DEBUG:neural_network:Backward pass: n_samples=200
DEBUG:neural_network:Output delta: shape=(200, 10), mean=-0.000000, std=0.298103
DEBUG:neural_network:Layer 1: added L2 gradient (alpha=0.0001)
DEBUG:neural_network:Layer 1 gradients: W shape=(16, 10), ||W||=0.1577, ||b||=0.0937
DEBUG:neural_network:Propagated delta to layer 0: shape=(200, 16)
DEBUG:neural_network:Layer 0: added L2 gradient (alpha=0.0001)
DEBUG:neural_network:Layer 0 gradients: W shape=(784, 16), ||W||=0.8389, ||b||=0.0775
DEBUG:neural_network:Backward pass complete
DEBUG:neural_network:Updating weights with learning_rate=0.001
DEBUG:neural_network:Layer 0: weight norm 5.6348→5.6348, bias norm 0.0138→0.0139
DEBUG:neural_network:Layer 1: weight norm 3.7596→3.7596, bias norm 0.0139→0.0140
DEBUG:neural_network:Cross-entropy loss (unregularized): 2.238083
DEBUG:neural_network:L2 regularization term: 0.002294
DEBUG:neural_network:Total loss: 2.240377
INFO:neural_network:Epoch 1, Batch 190: loss=2.240377
DEBUG:neural_network:Forward pass input shape: (200, 784)
DEBUG:neural_network:Hidden layer 1: activation=relu, output range=[0.0000, 1.6301]
DEBUG:neural_network:Output layer: applied softmax, shape=(200, 10)
DEBUG:neural_network:Forward pass complete: 3 activations computed
DEBUG:neural_network:Backward pass: n_samples=200
DEBUG:neural_network:Output delta: shape=(200, 10), mean=-0.000000, std=0.298842
DEBUG:neural_network:Layer 1: added L2 gradient (alpha=0.0001)
DEBUG:neural_network:Layer 1 gradients: W shape=(16, 10), ||W||=0.1441, ||b||=0.0925
DEBUG:neural_network:Propagated delta to layer 0: shape=(200, 16)
DEBUG:neural_network:Layer 0: added L2 gradient (alpha=0.0001)
DEBUG:neural_network:Layer 0 gradients: W shape=(784, 16), ||W||=0.8094, ||b||=0.0763
DEBUG:neural_network:Backward pass complete
DEBUG:neural_network:Updating weights with learning_rate=0.001
DEBUG:neural_network:Layer 0: weight norm 5.6348→5.6348, bias norm 0.0139→0.0140
DEBUG:neural_network:Layer 1: weight norm 3.7596→3.7596, bias norm 0.0140→0.0140
DEBUG:neural_network:Cross-entropy loss (unregularized): 2.257467
DEBUG:neural_network:L2 regularization term: 0.002294
DEBUG:neural_network:Total loss: 2.259761
DEBUG:neural_network:Forward pass input shape: (200, 784)
DEBUG:neural_network:Hidden layer 1: activation=relu, output range=[0.0000, 1.8229]
DEBUG:neural_network:Output layer: applied softmax, shape=(200, 10)
DEBUG:neural_network:Forward pass complete: 3 activations computed
DEBUG:neural_network:Backward pass: n_samples=200
DEBUG:neural_network:Output delta: shape=(200, 10), mean=0.000000, std=0.298491
DEBUG:neural_network:Layer 1: added L2 gradient (alpha=0.0001)
DEBUG:neural_network:Layer 1 gradients: W shape=(16, 10), ||W||=0.1608, ||b||=0.0905
DEBUG:neural_network:Propagated delta to layer 0: shape=(200, 16)
DEBUG:neural_network:Layer 0: added L2 gradient (alpha=0.0001)
DEBUG:neural_network:Layer 0 gradients: W shape=(784, 16), ||W||=0.8761, ||b||=0.0833
DEBUG:neural_network:Backward pass complete
DEBUG:neural_network:Updating weights with learning_rate=0.001
DEBUG:neural_network:Layer 0: weight norm 5.6348→5.6348, bias norm 0.0140→0.0140
DEBUG:neural_network:Layer 1: weight norm 3.7596→3.7596, bias norm 0.0140→0.0141
DEBUG:neural_network:Cross-entropy loss (unregularized): 2.241639
DEBUG:neural_network:L2 regularization term: 0.002294
DEBUG:neural_network:Total loss: 2.243933
DEBUG:neural_network:Forward pass input shape: (200, 784)
DEBUG:neural_network:Hidden layer 1: activation=relu, output range=[0.0000, 1.5607]
DEBUG:neural_network:Output layer: applied softmax, shape=(200, 10)
DEBUG:neural_network:Forward pass complete: 3 activations computed
DEBUG:neural_network:Backward pass: n_samples=200
DEBUG:neural_network:Output delta: shape=(200, 10), mean=-0.000000, std=0.297256
DEBUG:neural_network:Layer 1: added L2 gradient (alpha=0.0001)
DEBUG:neural_network:Layer 1 gradients: W shape=(16, 10), ||W||=0.1734, ||b||=0.1037
DEBUG:neural_network:Propagated delta to layer 0: shape=(200, 16)
DEBUG:neural_network:Layer 0: added L2 gradient (alpha=0.0001)
DEBUG:neural_network:Layer 0 gradients: W shape=(784, 16), ||W||=0.8811, ||b||=0.0894
DEBUG:neural_network:Backward pass complete
DEBUG:neural_network:Updating weights with learning_rate=0.001
DEBUG:neural_network:Layer 0: weight norm 5.6348→5.6348, bias norm 0.0140→0.0141
DEBUG:neural_network:Layer 1: weight norm 3.7596→3.7596, bias norm 0.0141→0.0142
DEBUG:neural_network:Cross-entropy loss (unregularized): 2.204444
DEBUG:neural_network:L2 regularization term: 0.002294
DEBUG:neural_network:Total loss: 2.206738
DEBUG:neural_network:Forward pass input shape: (200, 784)
DEBUG:neural_network:Hidden layer 1: activation=relu, output range=[0.0000, 1.7355]
DEBUG:neural_network:Output layer: applied softmax, shape=(200, 10)
DEBUG:neural_network:Forward pass complete: 3 activations computed
DEBUG:neural_network:Backward pass: n_samples=200
DEBUG:neural_network:Output delta: shape=(200, 10), mean=0.000000, std=0.298970
DEBUG:neural_network:Layer 1: added L2 gradient (alpha=0.0001)
DEBUG:neural_network:Layer 1 gradients: W shape=(16, 10), ||W||=0.1627, ||b||=0.1050
DEBUG:neural_network:Propagated delta to layer 0: shape=(200, 16)
DEBUG:neural_network:Layer 0: added L2 gradient (alpha=0.0001)
DEBUG:neural_network:Layer 0 gradients: W shape=(784, 16), ||W||=0.9172, ||b||=0.1008
DEBUG:neural_network:Backward pass complete
DEBUG:neural_network:Updating weights with learning_rate=0.001
DEBUG:neural_network:Layer 0: weight norm 5.6348→5.6348, bias norm 0.0141→0.0142
DEBUG:neural_network:Layer 1: weight norm 3.7596→3.7596, bias norm 0.0142→0.0143
DEBUG:neural_network:Cross-entropy loss (unregularized): 2.257487
DEBUG:neural_network:L2 regularization term: 0.002294
DEBUG:neural_network:Total loss: 2.259781
DEBUG:neural_network:Forward pass input shape: (200, 784)
DEBUG:neural_network:Hidden layer 1: activation=relu, output range=[0.0000, 1.7130]
DEBUG:neural_network:Output layer: applied softmax, shape=(200, 10)
DEBUG:neural_network:Forward pass complete: 3 activations computed
DEBUG:neural_network:Backward pass: n_samples=200
DEBUG:neural_network:Output delta: shape=(200, 10), mean=-0.000000, std=0.298025
DEBUG:neural_network:Layer 1: added L2 gradient (alpha=0.0001)
DEBUG:neural_network:Layer 1 gradients: W shape=(16, 10), ||W||=0.1368, ||b||=0.0989
DEBUG:neural_network:Propagated delta to layer 0: shape=(200, 16)
DEBUG:neural_network:Layer 0: added L2 gradient (alpha=0.0001)
DEBUG:neural_network:Layer 0 gradients: W shape=(784, 16), ||W||=0.8337, ||b||=0.0813
DEBUG:neural_network:Backward pass complete
DEBUG:neural_network:Updating weights with learning_rate=0.001
DEBUG:neural_network:Layer 0: weight norm 5.6348→5.6348, bias norm 0.0142→0.0142
DEBUG:neural_network:Layer 1: weight norm 3.7596→3.7596, bias norm 0.0143→0.0144
DEBUG:neural_network:Cross-entropy loss (unregularized): 2.235530
DEBUG:neural_network:L2 regularization term: 0.002294
DEBUG:neural_network:Total loss: 2.237824
DEBUG:neural_network:Forward pass input shape: (200, 784)
DEBUG:neural_network:Hidden layer 1: activation=relu, output range=[0.0000, 1.6916]
DEBUG:neural_network:Output layer: applied softmax, shape=(200, 10)
DEBUG:neural_network:Forward pass complete: 3 activations computed
DEBUG:neural_network:Backward pass: n_samples=200
DEBUG:neural_network:Output delta: shape=(200, 10), mean=0.000000, std=0.298322
DEBUG:neural_network:Layer 1: added L2 gradient (alpha=0.0001)
DEBUG:neural_network:Layer 1 gradients: W shape=(16, 10), ||W||=0.1539, ||b||=0.0702
DEBUG:neural_network:Propagated delta to layer 0: shape=(200, 16)
DEBUG:neural_network:Layer 0: added L2 gradient (alpha=0.0001)
DEBUG:neural_network:Layer 0 gradients: W shape=(784, 16), ||W||=0.8021, ||b||=0.0710
DEBUG:neural_network:Backward pass complete
DEBUG:neural_network:Updating weights with learning_rate=0.001
DEBUG:neural_network:Layer 0: weight norm 5.6348→5.6348, bias norm 0.0142→0.0143
DEBUG:neural_network:Layer 1: weight norm 3.7596→3.7596, bias norm 0.0144→0.0144
DEBUG:neural_network:Cross-entropy loss (unregularized): 2.247800
DEBUG:neural_network:L2 regularization term: 0.002294
DEBUG:neural_network:Total loss: 2.250095
DEBUG:neural_network:Forward pass input shape: (200, 784)
DEBUG:neural_network:Hidden layer 1: activation=relu, output range=[0.0000, 1.8292]
DEBUG:neural_network:Output layer: applied softmax, shape=(200, 10)
DEBUG:neural_network:Forward pass complete: 3 activations computed
DEBUG:neural_network:Backward pass: n_samples=200
DEBUG:neural_network:Output delta: shape=(200, 10), mean=-0.000000, std=0.298493
DEBUG:neural_network:Layer 1: added L2 gradient (alpha=0.0001)
DEBUG:neural_network:Layer 1 gradients: W shape=(16, 10), ||W||=0.1605, ||b||=0.0871
DEBUG:neural_network:Propagated delta to layer 0: shape=(200, 16)
DEBUG:neural_network:Layer 0: added L2 gradient (alpha=0.0001)
DEBUG:neural_network:Layer 0 gradients: W shape=(784, 16), ||W||=0.9011, ||b||=0.0922
DEBUG:neural_network:Backward pass complete
DEBUG:neural_network:Updating weights with learning_rate=0.001
DEBUG:neural_network:Layer 0: weight norm 5.6348→5.6348, bias norm 0.0143→0.0144
DEBUG:neural_network:Layer 1: weight norm 3.7596→3.7596, bias norm 0.0144→0.0145
DEBUG:neural_network:Cross-entropy loss (unregularized): 2.245884
DEBUG:neural_network:L2 regularization term: 0.002294
DEBUG:neural_network:Total loss: 2.248178
DEBUG:neural_network:Forward pass input shape: (200, 784)
DEBUG:neural_network:Hidden layer 1: activation=relu, output range=[0.0000, 1.7004]
DEBUG:neural_network:Output layer: applied softmax, shape=(200, 10)
DEBUG:neural_network:Forward pass complete: 3 activations computed
DEBUG:neural_network:Backward pass: n_samples=200
DEBUG:neural_network:Output delta: shape=(200, 10), mean=0.000000, std=0.298086
DEBUG:neural_network:Layer 1: added L2 gradient (alpha=0.0001)
DEBUG:neural_network:Layer 1 gradients: W shape=(16, 10), ||W||=0.1719, ||b||=0.0972
DEBUG:neural_network:Propagated delta to layer 0: shape=(200, 16)
DEBUG:neural_network:Layer 0: added L2 gradient (alpha=0.0001)
DEBUG:neural_network:Layer 0 gradients: W shape=(784, 16), ||W||=0.8021, ||b||=0.0654
DEBUG:neural_network:Backward pass complete
DEBUG:neural_network:Updating weights with learning_rate=0.001
DEBUG:neural_network:Layer 0: weight norm 5.6348→5.6348, bias norm 0.0144→0.0144
DEBUG:neural_network:Layer 1: weight norm 3.7596→3.7596, bias norm 0.0145→0.0146
DEBUG:neural_network:Cross-entropy loss (unregularized): 2.233122
DEBUG:neural_network:L2 regularization term: 0.002294
DEBUG:neural_network:Total loss: 2.235416
DEBUG:neural_network:Forward pass input shape: (200, 784)
DEBUG:neural_network:Hidden layer 1: activation=relu, output range=[0.0000, 1.6604]
DEBUG:neural_network:Output layer: applied softmax, shape=(200, 10)
DEBUG:neural_network:Forward pass complete: 3 activations computed
DEBUG:neural_network:Backward pass: n_samples=200
DEBUG:neural_network:Output delta: shape=(200, 10), mean=-0.000000, std=0.297442
DEBUG:neural_network:Layer 1: added L2 gradient (alpha=0.0001)
DEBUG:neural_network:Layer 1 gradients: W shape=(16, 10), ||W||=0.1447, ||b||=0.1099
DEBUG:neural_network:Propagated delta to layer 0: shape=(200, 16)
DEBUG:neural_network:Layer 0: added L2 gradient (alpha=0.0001)
DEBUG:neural_network:Layer 0 gradients: W shape=(784, 16), ||W||=0.9180, ||b||=0.0685
DEBUG:neural_network:Backward pass complete
DEBUG:neural_network:Updating weights with learning_rate=0.001
DEBUG:neural_network:Layer 0: weight norm 5.6348→5.6348, bias norm 0.0144→0.0145
DEBUG:neural_network:Layer 1: weight norm 3.7596→3.7596, bias norm 0.0146→0.0146
DEBUG:neural_network:Cross-entropy loss (unregularized): 2.229240
DEBUG:neural_network:L2 regularization term: 0.002294
DEBUG:neural_network:Total loss: 2.231534
DEBUG:neural_network:Forward pass input shape: (200, 784)
DEBUG:neural_network:Hidden layer 1: activation=relu, output range=[0.0000, 1.7420]
DEBUG:neural_network:Output layer: applied softmax, shape=(200, 10)
DEBUG:neural_network:Forward pass complete: 3 activations computed
DEBUG:neural_network:Backward pass: n_samples=200
DEBUG:neural_network:Output delta: shape=(200, 10), mean=-0.000000, std=0.297647
DEBUG:neural_network:Layer 1: added L2 gradient (alpha=0.0001)
DEBUG:neural_network:Layer 1 gradients: W shape=(16, 10), ||W||=0.1308, ||b||=0.0633
DEBUG:neural_network:Propagated delta to layer 0: shape=(200, 16)
DEBUG:neural_network:Layer 0: added L2 gradient (alpha=0.0001)
DEBUG:neural_network:Layer 0 gradients: W shape=(784, 16), ||W||=0.7550, ||b||=0.0664
DEBUG:neural_network:Backward pass complete
DEBUG:neural_network:Updating weights with learning_rate=0.001
DEBUG:neural_network:Layer 0: weight norm 5.6348→5.6348, bias norm 0.0145→0.0145
DEBUG:neural_network:Layer 1: weight norm 3.7596→3.7596, bias norm 0.0146→0.0147
DEBUG:neural_network:Cross-entropy loss (unregularized): 2.224689
DEBUG:neural_network:L2 regularization term: 0.002294
DEBUG:neural_network:Total loss: 2.226984
INFO:neural_network:Epoch 1, Batch 200: loss=2.226984
DEBUG:neural_network:Forward pass input shape: (200, 784)
DEBUG:neural_network:Hidden layer 1: activation=relu, output range=[0.0000, 1.7032]
DEBUG:neural_network:Output layer: applied softmax, shape=(200, 10)
DEBUG:neural_network:Forward pass complete: 3 activations computed
DEBUG:neural_network:Backward pass: n_samples=200
DEBUG:neural_network:Output delta: shape=(200, 10), mean=-0.000000, std=0.297694
DEBUG:neural_network:Layer 1: added L2 gradient (alpha=0.0001)
DEBUG:neural_network:Layer 1 gradients: W shape=(16, 10), ||W||=0.1715, ||b||=0.0913
DEBUG:neural_network:Propagated delta to layer 0: shape=(200, 16)
DEBUG:neural_network:Layer 0: added L2 gradient (alpha=0.0001)
DEBUG:neural_network:Layer 0 gradients: W shape=(784, 16), ||W||=0.8468, ||b||=0.0868
DEBUG:neural_network:Backward pass complete
DEBUG:neural_network:Updating weights with learning_rate=0.001
DEBUG:neural_network:Layer 0: weight norm 5.6348→5.6348, bias norm 0.0145→0.0146
DEBUG:neural_network:Layer 1: weight norm 3.7596→3.7596, bias norm 0.0147→0.0148
DEBUG:neural_network:Cross-entropy loss (unregularized): 2.229425
DEBUG:neural_network:L2 regularization term: 0.002294
DEBUG:neural_network:Total loss: 2.231719
DEBUG:neural_network:Forward pass input shape: (200, 784)
DEBUG:neural_network:Hidden layer 1: activation=relu, output range=[0.0000, 1.6021]
DEBUG:neural_network:Output layer: applied softmax, shape=(200, 10)
DEBUG:neural_network:Forward pass complete: 3 activations computed
DEBUG:neural_network:Backward pass: n_samples=200
DEBUG:neural_network:Output delta: shape=(200, 10), mean=-0.000000, std=0.296223
DEBUG:neural_network:Layer 1: added L2 gradient (alpha=0.0001)
DEBUG:neural_network:Layer 1 gradients: W shape=(16, 10), ||W||=0.1441, ||b||=0.0616
DEBUG:neural_network:Propagated delta to layer 0: shape=(200, 16)
DEBUG:neural_network:Layer 0: added L2 gradient (alpha=0.0001)
DEBUG:neural_network:Layer 0 gradients: W shape=(784, 16), ||W||=0.8071, ||b||=0.0747
DEBUG:neural_network:Backward pass complete
DEBUG:neural_network:Updating weights with learning_rate=0.001
DEBUG:neural_network:Layer 0: weight norm 5.6348→5.6348, bias norm 0.0146→0.0146
DEBUG:neural_network:Layer 1: weight norm 3.7596→3.7596, bias norm 0.0148→0.0148
DEBUG:neural_network:Cross-entropy loss (unregularized): 2.190185
DEBUG:neural_network:L2 regularization term: 0.002294
DEBUG:neural_network:Total loss: 2.192479
DEBUG:neural_network:Forward pass input shape: (200, 784)
DEBUG:neural_network:Hidden layer 1: activation=relu, output range=[0.0000, 1.6751]
DEBUG:neural_network:Output layer: applied softmax, shape=(200, 10)
DEBUG:neural_network:Forward pass complete: 3 activations computed
DEBUG:neural_network:Backward pass: n_samples=200
DEBUG:neural_network:Output delta: shape=(200, 10), mean=0.000000, std=0.297097
DEBUG:neural_network:Layer 1: added L2 gradient (alpha=0.0001)
DEBUG:neural_network:Layer 1 gradients: W shape=(16, 10), ||W||=0.1455, ||b||=0.0579
DEBUG:neural_network:Propagated delta to layer 0: shape=(200, 16)
DEBUG:neural_network:Layer 0: added L2 gradient (alpha=0.0001)
DEBUG:neural_network:Layer 0 gradients: W shape=(784, 16), ||W||=0.8438, ||b||=0.0728
DEBUG:neural_network:Backward pass complete
DEBUG:neural_network:Updating weights with learning_rate=0.001
DEBUG:neural_network:Layer 0: weight norm 5.6348→5.6348, bias norm 0.0146→0.0147
DEBUG:neural_network:Layer 1: weight norm 3.7596→3.7597, bias norm 0.0148→0.0148
DEBUG:neural_network:Cross-entropy loss (unregularized): 2.210171
DEBUG:neural_network:L2 regularization term: 0.002294
DEBUG:neural_network:Total loss: 2.212465
DEBUG:neural_network:Forward pass input shape: (200, 784)
DEBUG:neural_network:Hidden layer 1: activation=relu, output range=[0.0000, 1.6581]
DEBUG:neural_network:Output layer: applied softmax, shape=(200, 10)
DEBUG:neural_network:Forward pass complete: 3 activations computed
DEBUG:neural_network:Backward pass: n_samples=200
DEBUG:neural_network:Output delta: shape=(200, 10), mean=-0.000000, std=0.296440
DEBUG:neural_network:Layer 1: added L2 gradient (alpha=0.0001)
DEBUG:neural_network:Layer 1 gradients: W shape=(16, 10), ||W||=0.1529, ||b||=0.0866
DEBUG:neural_network:Propagated delta to layer 0: shape=(200, 16)
DEBUG:neural_network:Layer 0: added L2 gradient (alpha=0.0001)
DEBUG:neural_network:Layer 0 gradients: W shape=(784, 16), ||W||=0.9702, ||b||=0.0839
DEBUG:neural_network:Backward pass complete
DEBUG:neural_network:Updating weights with learning_rate=0.001
DEBUG:neural_network:Layer 0: weight norm 5.6348→5.6349, bias norm 0.0147→0.0147
DEBUG:neural_network:Layer 1: weight norm 3.7597→3.7597, bias norm 0.0148→0.0149
DEBUG:neural_network:Cross-entropy loss (unregularized): 2.191281
DEBUG:neural_network:L2 regularization term: 0.002294
DEBUG:neural_network:Total loss: 2.193576
DEBUG:neural_network:Forward pass input shape: (200, 784)
DEBUG:neural_network:Hidden layer 1: activation=relu, output range=[0.0000, 1.6057]
DEBUG:neural_network:Output layer: applied softmax, shape=(200, 10)
DEBUG:neural_network:Forward pass complete: 3 activations computed
DEBUG:neural_network:Backward pass: n_samples=200
DEBUG:neural_network:Output delta: shape=(200, 10), mean=-0.000000, std=0.298327
DEBUG:neural_network:Layer 1: added L2 gradient (alpha=0.0001)
DEBUG:neural_network:Layer 1 gradients: W shape=(16, 10), ||W||=0.1814, ||b||=0.1366
DEBUG:neural_network:Propagated delta to layer 0: shape=(200, 16)
DEBUG:neural_network:Layer 0: added L2 gradient (alpha=0.0001)
DEBUG:neural_network:Layer 0 gradients: W shape=(784, 16), ||W||=0.9380, ||b||=0.1006
DEBUG:neural_network:Backward pass complete
DEBUG:neural_network:Updating weights with learning_rate=0.001
DEBUG:neural_network:Layer 0: weight norm 5.6349→5.6349, bias norm 0.0147→0.0148
DEBUG:neural_network:Layer 1: weight norm 3.7597→3.7597, bias norm 0.0149→0.0150
DEBUG:neural_network:Cross-entropy loss (unregularized): 2.243370
DEBUG:neural_network:L2 regularization term: 0.002294
DEBUG:neural_network:Total loss: 2.245664
DEBUG:neural_network:Forward pass input shape: (200, 784)
DEBUG:neural_network:Hidden layer 1: activation=relu, output range=[0.0000, 1.8651]
DEBUG:neural_network:Output layer: applied softmax, shape=(200, 10)
DEBUG:neural_network:Forward pass complete: 3 activations computed
DEBUG:neural_network:Backward pass: n_samples=200
DEBUG:neural_network:Output delta: shape=(200, 10), mean=-0.000000, std=0.297733
DEBUG:neural_network:Layer 1: added L2 gradient (alpha=0.0001)
DEBUG:neural_network:Layer 1 gradients: W shape=(16, 10), ||W||=0.1646, ||b||=0.0732
DEBUG:neural_network:Propagated delta to layer 0: shape=(200, 16)
DEBUG:neural_network:Layer 0: added L2 gradient (alpha=0.0001)
DEBUG:neural_network:Layer 0 gradients: W shape=(784, 16), ||W||=0.8605, ||b||=0.0821
DEBUG:neural_network:Backward pass complete
DEBUG:neural_network:Updating weights with learning_rate=0.001
DEBUG:neural_network:Layer 0: weight norm 5.6349→5.6349, bias norm 0.0148→0.0148
DEBUG:neural_network:Layer 1: weight norm 3.7597→3.7597, bias norm 0.0150→0.0150
DEBUG:neural_network:Cross-entropy loss (unregularized): 2.219213
DEBUG:neural_network:L2 regularization term: 0.002294
DEBUG:neural_network:Total loss: 2.221508
DEBUG:neural_network:Forward pass input shape: (200, 784)
DEBUG:neural_network:Hidden layer 1: activation=relu, output range=[0.0000, 1.7210]
DEBUG:neural_network:Output layer: applied softmax, shape=(200, 10)
DEBUG:neural_network:Forward pass complete: 3 activations computed
DEBUG:neural_network:Backward pass: n_samples=200
DEBUG:neural_network:Output delta: shape=(200, 10), mean=-0.000000, std=0.298920
DEBUG:neural_network:Layer 1: added L2 gradient (alpha=0.0001)
DEBUG:neural_network:Layer 1 gradients: W shape=(16, 10), ||W||=0.1819, ||b||=0.1162
DEBUG:neural_network:Propagated delta to layer 0: shape=(200, 16)
DEBUG:neural_network:Layer 0: added L2 gradient (alpha=0.0001)
DEBUG:neural_network:Layer 0 gradients: W shape=(784, 16), ||W||=0.9300, ||b||=0.0921
DEBUG:neural_network:Backward pass complete
DEBUG:neural_network:Updating weights with learning_rate=0.001
DEBUG:neural_network:Layer 0: weight norm 5.6349→5.6349, bias norm 0.0148→0.0149
DEBUG:neural_network:Layer 1: weight norm 3.7597→3.7597, bias norm 0.0150→0.0151
DEBUG:neural_network:Cross-entropy loss (unregularized): 2.254289
DEBUG:neural_network:L2 regularization term: 0.002294
DEBUG:neural_network:Total loss: 2.256583
DEBUG:neural_network:Forward pass input shape: (200, 784)
DEBUG:neural_network:Hidden layer 1: activation=relu, output range=[0.0000, 1.7234]
DEBUG:neural_network:Output layer: applied softmax, shape=(200, 10)
DEBUG:neural_network:Forward pass complete: 3 activations computed
DEBUG:neural_network:Backward pass: n_samples=200
DEBUG:neural_network:Output delta: shape=(200, 10), mean=0.000000, std=0.297689
DEBUG:neural_network:Layer 1: added L2 gradient (alpha=0.0001)
DEBUG:neural_network:Layer 1 gradients: W shape=(16, 10), ||W||=0.1438, ||b||=0.1003
DEBUG:neural_network:Propagated delta to layer 0: shape=(200, 16)
DEBUG:neural_network:Layer 0: added L2 gradient (alpha=0.0001)
DEBUG:neural_network:Layer 0 gradients: W shape=(784, 16), ||W||=0.8820, ||b||=0.0873
DEBUG:neural_network:Backward pass complete
DEBUG:neural_network:Updating weights with learning_rate=0.001
DEBUG:neural_network:Layer 0: weight norm 5.6349→5.6349, bias norm 0.0149→0.0150
DEBUG:neural_network:Layer 1: weight norm 3.7597→3.7597, bias norm 0.0151→0.0152
DEBUG:neural_network:Cross-entropy loss (unregularized): 2.230188
DEBUG:neural_network:L2 regularization term: 0.002294
DEBUG:neural_network:Total loss: 2.232483
DEBUG:neural_network:Forward pass input shape: (200, 784)
DEBUG:neural_network:Hidden layer 1: activation=relu, output range=[0.0000, 1.7639]
DEBUG:neural_network:Output layer: applied softmax, shape=(200, 10)
DEBUG:neural_network:Forward pass complete: 3 activations computed
DEBUG:neural_network:Backward pass: n_samples=200
DEBUG:neural_network:Output delta: shape=(200, 10), mean=-0.000000, std=0.298313
DEBUG:neural_network:Layer 1: added L2 gradient (alpha=0.0001)
DEBUG:neural_network:Layer 1 gradients: W shape=(16, 10), ||W||=0.1693, ||b||=0.1027
DEBUG:neural_network:Propagated delta to layer 0: shape=(200, 16)
DEBUG:neural_network:Layer 0: added L2 gradient (alpha=0.0001)
DEBUG:neural_network:Layer 0 gradients: W shape=(784, 16), ||W||=0.9426, ||b||=0.0980
DEBUG:neural_network:Backward pass complete
DEBUG:neural_network:Updating weights with learning_rate=0.001
DEBUG:neural_network:Layer 0: weight norm 5.6349→5.6349, bias norm 0.0150→0.0150
DEBUG:neural_network:Layer 1: weight norm 3.7597→3.7597, bias norm 0.0152→0.0153
DEBUG:neural_network:Cross-entropy loss (unregularized): 2.240621
DEBUG:neural_network:L2 regularization term: 0.002294
DEBUG:neural_network:Total loss: 2.242915
DEBUG:neural_network:Forward pass input shape: (200, 784)
DEBUG:neural_network:Hidden layer 1: activation=relu, output range=[0.0000, 1.8017]
DEBUG:neural_network:Output layer: applied softmax, shape=(200, 10)
DEBUG:neural_network:Forward pass complete: 3 activations computed
DEBUG:neural_network:Backward pass: n_samples=200
DEBUG:neural_network:Output delta: shape=(200, 10), mean=-0.000000, std=0.298728
DEBUG:neural_network:Layer 1: added L2 gradient (alpha=0.0001)
DEBUG:neural_network:Layer 1 gradients: W shape=(16, 10), ||W||=0.1555, ||b||=0.1026
DEBUG:neural_network:Propagated delta to layer 0: shape=(200, 16)
DEBUG:neural_network:Layer 0: added L2 gradient (alpha=0.0001)
DEBUG:neural_network:Layer 0 gradients: W shape=(784, 16), ||W||=0.8395, ||b||=0.1015
DEBUG:neural_network:Backward pass complete
DEBUG:neural_network:Updating weights with learning_rate=0.001
DEBUG:neural_network:Layer 0: weight norm 5.6349→5.6349, bias norm 0.0150→0.0151
DEBUG:neural_network:Layer 1: weight norm 3.7597→3.7597, bias norm 0.0153→0.0154
DEBUG:neural_network:Cross-entropy loss (unregularized): 2.252048
DEBUG:neural_network:L2 regularization term: 0.002294
DEBUG:neural_network:Total loss: 2.254342
INFO:neural_network:Epoch 1, Batch 210: loss=2.254342
DEBUG:neural_network:Forward pass input shape: (200, 784)
DEBUG:neural_network:Hidden layer 1: activation=relu, output range=[0.0000, 1.6918]
DEBUG:neural_network:Output layer: applied softmax, shape=(200, 10)
DEBUG:neural_network:Forward pass complete: 3 activations computed
DEBUG:neural_network:Backward pass: n_samples=200
DEBUG:neural_network:Output delta: shape=(200, 10), mean=-0.000000, std=0.297641
DEBUG:neural_network:Layer 1: added L2 gradient (alpha=0.0001)
DEBUG:neural_network:Layer 1 gradients: W shape=(16, 10), ||W||=0.1350, ||b||=0.0616
DEBUG:neural_network:Propagated delta to layer 0: shape=(200, 16)
DEBUG:neural_network:Layer 0: added L2 gradient (alpha=0.0001)
DEBUG:neural_network:Layer 0 gradients: W shape=(784, 16), ||W||=0.8392, ||b||=0.0778
DEBUG:neural_network:Backward pass complete
DEBUG:neural_network:Updating weights with learning_rate=0.001
DEBUG:neural_network:Layer 0: weight norm 5.6349→5.6349, bias norm 0.0151→0.0151
DEBUG:neural_network:Layer 1: weight norm 3.7597→3.7597, bias norm 0.0154→0.0154
DEBUG:neural_network:Cross-entropy loss (unregularized): 2.226480
DEBUG:neural_network:L2 regularization term: 0.002294
DEBUG:neural_network:Total loss: 2.228775
DEBUG:neural_network:Forward pass input shape: (200, 784)
DEBUG:neural_network:Hidden layer 1: activation=relu, output range=[0.0000, 1.5911]
DEBUG:neural_network:Output layer: applied softmax, shape=(200, 10)
DEBUG:neural_network:Forward pass complete: 3 activations computed
DEBUG:neural_network:Backward pass: n_samples=200
DEBUG:neural_network:Output delta: shape=(200, 10), mean=0.000000, std=0.299169
DEBUG:neural_network:Layer 1: added L2 gradient (alpha=0.0001)
DEBUG:neural_network:Layer 1 gradients: W shape=(16, 10), ||W||=0.1766, ||b||=0.1004
DEBUG:neural_network:Propagated delta to layer 0: shape=(200, 16)
DEBUG:neural_network:Layer 0: added L2 gradient (alpha=0.0001)
DEBUG:neural_network:Layer 0 gradients: W shape=(784, 16), ||W||=0.8924, ||b||=0.0960
DEBUG:neural_network:Backward pass complete
DEBUG:neural_network:Updating weights with learning_rate=0.001
DEBUG:neural_network:Layer 0: weight norm 5.6349→5.6349, bias norm 0.0151→0.0152
DEBUG:neural_network:Layer 1: weight norm 3.7597→3.7597, bias norm 0.0154→0.0155
DEBUG:neural_network:Cross-entropy loss (unregularized): 2.264241
DEBUG:neural_network:L2 regularization term: 0.002294
DEBUG:neural_network:Total loss: 2.266536
DEBUG:neural_network:Forward pass input shape: (200, 784)
DEBUG:neural_network:Hidden layer 1: activation=relu, output range=[0.0000, 1.7248]
DEBUG:neural_network:Output layer: applied softmax, shape=(200, 10)
DEBUG:neural_network:Forward pass complete: 3 activations computed
DEBUG:neural_network:Backward pass: n_samples=200
DEBUG:neural_network:Output delta: shape=(200, 10), mean=0.000000, std=0.297227
DEBUG:neural_network:Layer 1: added L2 gradient (alpha=0.0001)
DEBUG:neural_network:Layer 1 gradients: W shape=(16, 10), ||W||=0.1543, ||b||=0.0869
DEBUG:neural_network:Propagated delta to layer 0: shape=(200, 16)
DEBUG:neural_network:Layer 0: added L2 gradient (alpha=0.0001)
DEBUG:neural_network:Layer 0 gradients: W shape=(784, 16), ||W||=0.8382, ||b||=0.0814
DEBUG:neural_network:Backward pass complete
DEBUG:neural_network:Updating weights with learning_rate=0.001
DEBUG:neural_network:Layer 0: weight norm 5.6349→5.6349, bias norm 0.0152→0.0152
DEBUG:neural_network:Layer 1: weight norm 3.7597→3.7597, bias norm 0.0155→0.0155
DEBUG:neural_network:Cross-entropy loss (unregularized): 2.212560
DEBUG:neural_network:L2 regularization term: 0.002294
DEBUG:neural_network:Total loss: 2.214855
DEBUG:neural_network:Forward pass input shape: (200, 784)
DEBUG:neural_network:Hidden layer 1: activation=relu, output range=[0.0000, 1.9819]
DEBUG:neural_network:Output layer: applied softmax, shape=(200, 10)
DEBUG:neural_network:Forward pass complete: 3 activations computed
DEBUG:neural_network:Backward pass: n_samples=200
DEBUG:neural_network:Output delta: shape=(200, 10), mean=0.000000, std=0.297989
DEBUG:neural_network:Layer 1: added L2 gradient (alpha=0.0001)
DEBUG:neural_network:Layer 1 gradients: W shape=(16, 10), ||W||=0.1550, ||b||=0.0813
DEBUG:neural_network:Propagated delta to layer 0: shape=(200, 16)
DEBUG:neural_network:Layer 0: added L2 gradient (alpha=0.0001)
DEBUG:neural_network:Layer 0 gradients: W shape=(784, 16), ||W||=0.8695, ||b||=0.0743
DEBUG:neural_network:Backward pass complete
DEBUG:neural_network:Updating weights with learning_rate=0.001
DEBUG:neural_network:Layer 0: weight norm 5.6349→5.6349, bias norm 0.0152→0.0153
DEBUG:neural_network:Layer 1: weight norm 3.7597→3.7597, bias norm 0.0155→0.0156
DEBUG:neural_network:Cross-entropy loss (unregularized): 2.236933
DEBUG:neural_network:L2 regularization term: 0.002294
DEBUG:neural_network:Total loss: 2.239227
DEBUG:neural_network:Forward pass input shape: (200, 784)
DEBUG:neural_network:Hidden layer 1: activation=relu, output range=[0.0000, 1.6248]
DEBUG:neural_network:Output layer: applied softmax, shape=(200, 10)
DEBUG:neural_network:Forward pass complete: 3 activations computed
DEBUG:neural_network:Backward pass: n_samples=200
DEBUG:neural_network:Output delta: shape=(200, 10), mean=-0.000000, std=0.297602
DEBUG:neural_network:Layer 1: added L2 gradient (alpha=0.0001)
DEBUG:neural_network:Layer 1 gradients: W shape=(16, 10), ||W||=0.1561, ||b||=0.0946
DEBUG:neural_network:Propagated delta to layer 0: shape=(200, 16)
DEBUG:neural_network:Layer 0: added L2 gradient (alpha=0.0001)
DEBUG:neural_network:Layer 0 gradients: W shape=(784, 16), ||W||=0.9063, ||b||=0.0991
DEBUG:neural_network:Backward pass complete
DEBUG:neural_network:Updating weights with learning_rate=0.001
DEBUG:neural_network:Layer 0: weight norm 5.6349→5.6349, bias norm 0.0153→0.0154
DEBUG:neural_network:Layer 1: weight norm 3.7597→3.7597, bias norm 0.0156→0.0157
DEBUG:neural_network:Cross-entropy loss (unregularized): 2.224381
DEBUG:neural_network:L2 regularization term: 0.002294
DEBUG:neural_network:Total loss: 2.226676
DEBUG:neural_network:Forward pass input shape: (200, 784)
DEBUG:neural_network:Hidden layer 1: activation=relu, output range=[0.0000, 1.6035]
DEBUG:neural_network:Output layer: applied softmax, shape=(200, 10)
DEBUG:neural_network:Forward pass complete: 3 activations computed
DEBUG:neural_network:Backward pass: n_samples=200
DEBUG:neural_network:Output delta: shape=(200, 10), mean=0.000000, std=0.297947
DEBUG:neural_network:Layer 1: added L2 gradient (alpha=0.0001)
DEBUG:neural_network:Layer 1 gradients: W shape=(16, 10), ||W||=0.1656, ||b||=0.0802
DEBUG:neural_network:Propagated delta to layer 0: shape=(200, 16)
DEBUG:neural_network:Layer 0: added L2 gradient (alpha=0.0001)
DEBUG:neural_network:Layer 0 gradients: W shape=(784, 16), ||W||=0.8141, ||b||=0.0734
DEBUG:neural_network:Backward pass complete
DEBUG:neural_network:Updating weights with learning_rate=0.001
DEBUG:neural_network:Layer 0: weight norm 5.6349→5.6349, bias norm 0.0154→0.0154
DEBUG:neural_network:Layer 1: weight norm 3.7597→3.7597, bias norm 0.0157→0.0157
DEBUG:neural_network:Cross-entropy loss (unregularized): 2.227653
DEBUG:neural_network:L2 regularization term: 0.002294
DEBUG:neural_network:Total loss: 2.229947
DEBUG:neural_network:Forward pass input shape: (200, 784)
DEBUG:neural_network:Hidden layer 1: activation=relu, output range=[0.0000, 1.6673]
DEBUG:neural_network:Output layer: applied softmax, shape=(200, 10)
DEBUG:neural_network:Forward pass complete: 3 activations computed
DEBUG:neural_network:Backward pass: n_samples=200
DEBUG:neural_network:Output delta: shape=(200, 10), mean=0.000000, std=0.297812
DEBUG:neural_network:Layer 1: added L2 gradient (alpha=0.0001)
DEBUG:neural_network:Layer 1 gradients: W shape=(16, 10), ||W||=0.1597, ||b||=0.0822
DEBUG:neural_network:Propagated delta to layer 0: shape=(200, 16)
DEBUG:neural_network:Layer 0: added L2 gradient (alpha=0.0001)
DEBUG:neural_network:Layer 0 gradients: W shape=(784, 16), ||W||=0.8564, ||b||=0.0684
DEBUG:neural_network:Backward pass complete
DEBUG:neural_network:Updating weights with learning_rate=0.001
DEBUG:neural_network:Layer 0: weight norm 5.6349→5.6349, bias norm 0.0154→0.0155
DEBUG:neural_network:Layer 1: weight norm 3.7597→3.7597, bias norm 0.0157→0.0158
DEBUG:neural_network:Cross-entropy loss (unregularized): 2.231664
DEBUG:neural_network:L2 regularization term: 0.002294
DEBUG:neural_network:Total loss: 2.233958
DEBUG:neural_network:Forward pass input shape: (200, 784)
DEBUG:neural_network:Hidden layer 1: activation=relu, output range=[0.0000, 1.6758]
DEBUG:neural_network:Output layer: applied softmax, shape=(200, 10)
DEBUG:neural_network:Forward pass complete: 3 activations computed
DEBUG:neural_network:Backward pass: n_samples=200
DEBUG:neural_network:Output delta: shape=(200, 10), mean=-0.000000, std=0.297260
DEBUG:neural_network:Layer 1: added L2 gradient (alpha=0.0001)
DEBUG:neural_network:Layer 1 gradients: W shape=(16, 10), ||W||=0.1724, ||b||=0.0753
DEBUG:neural_network:Propagated delta to layer 0: shape=(200, 16)
DEBUG:neural_network:Layer 0: added L2 gradient (alpha=0.0001)
DEBUG:neural_network:Layer 0 gradients: W shape=(784, 16), ||W||=0.8539, ||b||=0.0787
DEBUG:neural_network:Backward pass complete
DEBUG:neural_network:Updating weights with learning_rate=0.001
DEBUG:neural_network:Layer 0: weight norm 5.6349→5.6349, bias norm 0.0155→0.0155
DEBUG:neural_network:Layer 1: weight norm 3.7597→3.7597, bias norm 0.0158→0.0158
DEBUG:neural_network:Cross-entropy loss (unregularized): 2.210612
DEBUG:neural_network:L2 regularization term: 0.002294
DEBUG:neural_network:Total loss: 2.212907
DEBUG:neural_network:Forward pass input shape: (200, 784)
DEBUG:neural_network:Hidden layer 1: activation=relu, output range=[0.0000, 1.5388]
DEBUG:neural_network:Output layer: applied softmax, shape=(200, 10)
DEBUG:neural_network:Forward pass complete: 3 activations computed
DEBUG:neural_network:Backward pass: n_samples=200
DEBUG:neural_network:Output delta: shape=(200, 10), mean=0.000000, std=0.298005
DEBUG:neural_network:Layer 1: added L2 gradient (alpha=0.0001)
DEBUG:neural_network:Layer 1 gradients: W shape=(16, 10), ||W||=0.1641, ||b||=0.0973
DEBUG:neural_network:Propagated delta to layer 0: shape=(200, 16)
DEBUG:neural_network:Layer 0: added L2 gradient (alpha=0.0001)
DEBUG:neural_network:Layer 0 gradients: W shape=(784, 16), ||W||=0.9101, ||b||=0.0914
DEBUG:neural_network:Backward pass complete
DEBUG:neural_network:Updating weights with learning_rate=0.001
DEBUG:neural_network:Layer 0: weight norm 5.6349→5.6349, bias norm 0.0155→0.0156
DEBUG:neural_network:Layer 1: weight norm 3.7597→3.7597, bias norm 0.0158→0.0159
DEBUG:neural_network:Cross-entropy loss (unregularized): 2.237429
DEBUG:neural_network:L2 regularization term: 0.002294
DEBUG:neural_network:Total loss: 2.239723
DEBUG:neural_network:Forward pass input shape: (200, 784)
DEBUG:neural_network:Hidden layer 1: activation=relu, output range=[0.0000, 1.7196]
DEBUG:neural_network:Output layer: applied softmax, shape=(200, 10)
DEBUG:neural_network:Forward pass complete: 3 activations computed
DEBUG:neural_network:Backward pass: n_samples=200
DEBUG:neural_network:Output delta: shape=(200, 10), mean=0.000000, std=0.298445
DEBUG:neural_network:Layer 1: added L2 gradient (alpha=0.0001)
DEBUG:neural_network:Layer 1 gradients: W shape=(16, 10), ||W||=0.1778, ||b||=0.1111
DEBUG:neural_network:Propagated delta to layer 0: shape=(200, 16)
DEBUG:neural_network:Layer 0: added L2 gradient (alpha=0.0001)
DEBUG:neural_network:Layer 0 gradients: W shape=(784, 16), ||W||=0.9142, ||b||=0.0898
DEBUG:neural_network:Backward pass complete
DEBUG:neural_network:Updating weights with learning_rate=0.001
DEBUG:neural_network:Layer 0: weight norm 5.6349→5.6349, bias norm 0.0156→0.0156
DEBUG:neural_network:Layer 1: weight norm 3.7597→3.7597, bias norm 0.0159→0.0160
DEBUG:neural_network:Cross-entropy loss (unregularized): 2.242105
DEBUG:neural_network:L2 regularization term: 0.002294
DEBUG:neural_network:Total loss: 2.244399
INFO:neural_network:Epoch 1, Batch 220: loss=2.244399
DEBUG:neural_network:Forward pass input shape: (200, 784)
DEBUG:neural_network:Hidden layer 1: activation=relu, output range=[0.0000, 1.6041]
DEBUG:neural_network:Output layer: applied softmax, shape=(200, 10)
DEBUG:neural_network:Forward pass complete: 3 activations computed
DEBUG:neural_network:Backward pass: n_samples=200
DEBUG:neural_network:Output delta: shape=(200, 10), mean=-0.000000, std=0.298367
DEBUG:neural_network:Layer 1: added L2 gradient (alpha=0.0001)
DEBUG:neural_network:Layer 1 gradients: W shape=(16, 10), ||W||=0.1472, ||b||=0.1008
DEBUG:neural_network:Propagated delta to layer 0: shape=(200, 16)
DEBUG:neural_network:Layer 0: added L2 gradient (alpha=0.0001)
DEBUG:neural_network:Layer 0 gradients: W shape=(784, 16), ||W||=0.8476, ||b||=0.0890
DEBUG:neural_network:Backward pass complete
DEBUG:neural_network:Updating weights with learning_rate=0.001
DEBUG:neural_network:Layer 0: weight norm 5.6349→5.6349, bias norm 0.0156→0.0157
DEBUG:neural_network:Layer 1: weight norm 3.7597→3.7597, bias norm 0.0160→0.0161
DEBUG:neural_network:Cross-entropy loss (unregularized): 2.241060
DEBUG:neural_network:L2 regularization term: 0.002294
DEBUG:neural_network:Total loss: 2.243355
DEBUG:neural_network:Forward pass input shape: (200, 784)
DEBUG:neural_network:Hidden layer 1: activation=relu, output range=[0.0000, 1.5601]
DEBUG:neural_network:Output layer: applied softmax, shape=(200, 10)
DEBUG:neural_network:Forward pass complete: 3 activations computed
DEBUG:neural_network:Backward pass: n_samples=200
DEBUG:neural_network:Output delta: shape=(200, 10), mean=0.000000, std=0.296749
DEBUG:neural_network:Layer 1: added L2 gradient (alpha=0.0001)
DEBUG:neural_network:Layer 1 gradients: W shape=(16, 10), ||W||=0.1677, ||b||=0.0785
DEBUG:neural_network:Propagated delta to layer 0: shape=(200, 16)
DEBUG:neural_network:Layer 0: added L2 gradient (alpha=0.0001)
DEBUG:neural_network:Layer 0 gradients: W shape=(784, 16), ||W||=0.7845, ||b||=0.0843
DEBUG:neural_network:Backward pass complete
DEBUG:neural_network:Updating weights with learning_rate=0.001
DEBUG:neural_network:Layer 0: weight norm 5.6349→5.6349, bias norm 0.0157→0.0157
DEBUG:neural_network:Layer 1: weight norm 3.7597→3.7598, bias norm 0.0161→0.0161
DEBUG:neural_network:Cross-entropy loss (unregularized): 2.200012
DEBUG:neural_network:L2 regularization term: 0.002294
DEBUG:neural_network:Total loss: 2.202306
DEBUG:neural_network:Forward pass input shape: (200, 784)
DEBUG:neural_network:Hidden layer 1: activation=relu, output range=[0.0000, 1.9831]
DEBUG:neural_network:Output layer: applied softmax, shape=(200, 10)
DEBUG:neural_network:Forward pass complete: 3 activations computed
DEBUG:neural_network:Backward pass: n_samples=200
DEBUG:neural_network:Output delta: shape=(200, 10), mean=-0.000000, std=0.298446
DEBUG:neural_network:Layer 1: added L2 gradient (alpha=0.0001)
DEBUG:neural_network:Layer 1 gradients: W shape=(16, 10), ||W||=0.1615, ||b||=0.0717
DEBUG:neural_network:Propagated delta to layer 0: shape=(200, 16)
DEBUG:neural_network:Layer 0: added L2 gradient (alpha=0.0001)
DEBUG:neural_network:Layer 0 gradients: W shape=(784, 16), ||W||=0.8624, ||b||=0.0778
DEBUG:neural_network:Backward pass complete
DEBUG:neural_network:Updating weights with learning_rate=0.001
DEBUG:neural_network:Layer 0: weight norm 5.6349→5.6349, bias norm 0.0157→0.0158
DEBUG:neural_network:Layer 1: weight norm 3.7598→3.7598, bias norm 0.0161→0.0162
DEBUG:neural_network:Cross-entropy loss (unregularized): 2.246446
DEBUG:neural_network:L2 regularization term: 0.002294
DEBUG:neural_network:Total loss: 2.248741
DEBUG:neural_network:Forward pass input shape: (200, 784)
DEBUG:neural_network:Hidden layer 1: activation=relu, output range=[0.0000, 1.5971]
DEBUG:neural_network:Output layer: applied softmax, shape=(200, 10)
DEBUG:neural_network:Forward pass complete: 3 activations computed
DEBUG:neural_network:Backward pass: n_samples=200
DEBUG:neural_network:Output delta: shape=(200, 10), mean=-0.000000, std=0.297120
DEBUG:neural_network:Layer 1: added L2 gradient (alpha=0.0001)
DEBUG:neural_network:Layer 1 gradients: W shape=(16, 10), ||W||=0.1372, ||b||=0.0713
DEBUG:neural_network:Propagated delta to layer 0: shape=(200, 16)
DEBUG:neural_network:Layer 0: added L2 gradient (alpha=0.0001)
DEBUG:neural_network:Layer 0 gradients: W shape=(784, 16), ||W||=0.9120, ||b||=0.0840
DEBUG:neural_network:Backward pass complete
DEBUG:neural_network:Updating weights with learning_rate=0.001
DEBUG:neural_network:Layer 0: weight norm 5.6349→5.6349, bias norm 0.0158→0.0158
DEBUG:neural_network:Layer 1: weight norm 3.7598→3.7598, bias norm 0.0162→0.0162
DEBUG:neural_network:Cross-entropy loss (unregularized): 2.214049
DEBUG:neural_network:L2 regularization term: 0.002294
DEBUG:neural_network:Total loss: 2.216343
DEBUG:neural_network:Forward pass input shape: (200, 784)
DEBUG:neural_network:Hidden layer 1: activation=relu, output range=[0.0000, 1.5718]
DEBUG:neural_network:Output layer: applied softmax, shape=(200, 10)
DEBUG:neural_network:Forward pass complete: 3 activations computed
DEBUG:neural_network:Backward pass: n_samples=200
DEBUG:neural_network:Output delta: shape=(200, 10), mean=0.000000, std=0.298085
DEBUG:neural_network:Layer 1: added L2 gradient (alpha=0.0001)
DEBUG:neural_network:Layer 1 gradients: W shape=(16, 10), ||W||=0.1734, ||b||=0.1039
DEBUG:neural_network:Propagated delta to layer 0: shape=(200, 16)
DEBUG:neural_network:Layer 0: added L2 gradient (alpha=0.0001)
DEBUG:neural_network:Layer 0 gradients: W shape=(784, 16), ||W||=0.8952, ||b||=0.0931
DEBUG:neural_network:Backward pass complete
DEBUG:neural_network:Updating weights with learning_rate=0.001
DEBUG:neural_network:Layer 0: weight norm 5.6349→5.6349, bias norm 0.0158→0.0159
DEBUG:neural_network:Layer 1: weight norm 3.7598→3.7598, bias norm 0.0162→0.0163
DEBUG:neural_network:Cross-entropy loss (unregularized): 2.227738
DEBUG:neural_network:L2 regularization term: 0.002294
DEBUG:neural_network:Total loss: 2.230032
DEBUG:neural_network:Forward pass input shape: (200, 784)
DEBUG:neural_network:Hidden layer 1: activation=relu, output range=[0.0000, 1.9332]
DEBUG:neural_network:Output layer: applied softmax, shape=(200, 10)
DEBUG:neural_network:Forward pass complete: 3 activations computed
DEBUG:neural_network:Backward pass: n_samples=200
DEBUG:neural_network:Output delta: shape=(200, 10), mean=-0.000000, std=0.297996
DEBUG:neural_network:Layer 1: added L2 gradient (alpha=0.0001)
DEBUG:neural_network:Layer 1 gradients: W shape=(16, 10), ||W||=0.1606, ||b||=0.1025
DEBUG:neural_network:Propagated delta to layer 0: shape=(200, 16)
DEBUG:neural_network:Layer 0: added L2 gradient (alpha=0.0001)
DEBUG:neural_network:Layer 0 gradients: W shape=(784, 16), ||W||=0.8441, ||b||=0.0861
DEBUG:neural_network:Backward pass complete
DEBUG:neural_network:Updating weights with learning_rate=0.001
DEBUG:neural_network:Layer 0: weight norm 5.6349→5.6349, bias norm 0.0159→0.0159
DEBUG:neural_network:Layer 1: weight norm 3.7598→3.7598, bias norm 0.0163→0.0164
DEBUG:neural_network:Cross-entropy loss (unregularized): 2.229426
DEBUG:neural_network:L2 regularization term: 0.002294
DEBUG:neural_network:Total loss: 2.231720
DEBUG:neural_network:Forward pass input shape: (200, 784)
DEBUG:neural_network:Hidden layer 1: activation=relu, output range=[0.0000, 1.8121]
DEBUG:neural_network:Output layer: applied softmax, shape=(200, 10)
DEBUG:neural_network:Forward pass complete: 3 activations computed
DEBUG:neural_network:Backward pass: n_samples=200
DEBUG:neural_network:Output delta: shape=(200, 10), mean=-0.000000, std=0.297575
DEBUG:neural_network:Layer 1: added L2 gradient (alpha=0.0001)
DEBUG:neural_network:Layer 1 gradients: W shape=(16, 10), ||W||=0.1581, ||b||=0.0900
DEBUG:neural_network:Propagated delta to layer 0: shape=(200, 16)
DEBUG:neural_network:Layer 0: added L2 gradient (alpha=0.0001)
DEBUG:neural_network:Layer 0 gradients: W shape=(784, 16), ||W||=0.8589, ||b||=0.0755
DEBUG:neural_network:Backward pass complete
DEBUG:neural_network:Updating weights with learning_rate=0.001
DEBUG:neural_network:Layer 0: weight norm 5.6349→5.6349, bias norm 0.0159→0.0160
DEBUG:neural_network:Layer 1: weight norm 3.7598→3.7598, bias norm 0.0164→0.0164
DEBUG:neural_network:Cross-entropy loss (unregularized): 2.220434
DEBUG:neural_network:L2 regularization term: 0.002294
DEBUG:neural_network:Total loss: 2.222728
DEBUG:neural_network:Forward pass input shape: (200, 784)
DEBUG:neural_network:Hidden layer 1: activation=relu, output range=[0.0000, 1.9676]
DEBUG:neural_network:Output layer: applied softmax, shape=(200, 10)
DEBUG:neural_network:Forward pass complete: 3 activations computed
DEBUG:neural_network:Backward pass: n_samples=200
DEBUG:neural_network:Output delta: shape=(200, 10), mean=0.000000, std=0.296513
DEBUG:neural_network:Layer 1: added L2 gradient (alpha=0.0001)
DEBUG:neural_network:Layer 1 gradients: W shape=(16, 10), ||W||=0.1669, ||b||=0.0951
DEBUG:neural_network:Propagated delta to layer 0: shape=(200, 16)
DEBUG:neural_network:Layer 0: added L2 gradient (alpha=0.0001)
DEBUG:neural_network:Layer 0 gradients: W shape=(784, 16), ||W||=0.8538, ||b||=0.0765
DEBUG:neural_network:Backward pass complete
DEBUG:neural_network:Updating weights with learning_rate=0.001
DEBUG:neural_network:Layer 0: weight norm 5.6349→5.6349, bias norm 0.0160→0.0161
DEBUG:neural_network:Layer 1: weight norm 3.7598→3.7598, bias norm 0.0164→0.0165
DEBUG:neural_network:Cross-entropy loss (unregularized): 2.195855
DEBUG:neural_network:L2 regularization term: 0.002294
DEBUG:neural_network:Total loss: 2.198149
DEBUG:neural_network:Forward pass input shape: (200, 784)
DEBUG:neural_network:Hidden layer 1: activation=relu, output range=[0.0000, 1.5429]
DEBUG:neural_network:Output layer: applied softmax, shape=(200, 10)
DEBUG:neural_network:Forward pass complete: 3 activations computed
DEBUG:neural_network:Backward pass: n_samples=200
DEBUG:neural_network:Output delta: shape=(200, 10), mean=-0.000000, std=0.297013
DEBUG:neural_network:Layer 1: added L2 gradient (alpha=0.0001)
DEBUG:neural_network:Layer 1 gradients: W shape=(16, 10), ||W||=0.1551, ||b||=0.1034
DEBUG:neural_network:Propagated delta to layer 0: shape=(200, 16)
DEBUG:neural_network:Layer 0: added L2 gradient (alpha=0.0001)
DEBUG:neural_network:Layer 0 gradients: W shape=(784, 16), ||W||=0.8836, ||b||=0.0848
DEBUG:neural_network:Backward pass complete
DEBUG:neural_network:Updating weights with learning_rate=0.001
DEBUG:neural_network:Layer 0: weight norm 5.6349→5.6349, bias norm 0.0161→0.0161
DEBUG:neural_network:Layer 1: weight norm 3.7598→3.7598, bias norm 0.0165→0.0166
DEBUG:neural_network:Cross-entropy loss (unregularized): 2.211534
DEBUG:neural_network:L2 regularization term: 0.002294
DEBUG:neural_network:Total loss: 2.213829
DEBUG:neural_network:Forward pass input shape: (200, 784)
DEBUG:neural_network:Hidden layer 1: activation=relu, output range=[0.0000, 1.8620]
DEBUG:neural_network:Output layer: applied softmax, shape=(200, 10)
DEBUG:neural_network:Forward pass complete: 3 activations computed
DEBUG:neural_network:Backward pass: n_samples=200
DEBUG:neural_network:Output delta: shape=(200, 10), mean=0.000000, std=0.298067
DEBUG:neural_network:Layer 1: added L2 gradient (alpha=0.0001)
DEBUG:neural_network:Layer 1 gradients: W shape=(16, 10), ||W||=0.1686, ||b||=0.0890
DEBUG:neural_network:Propagated delta to layer 0: shape=(200, 16)
DEBUG:neural_network:Layer 0: added L2 gradient (alpha=0.0001)
DEBUG:neural_network:Layer 0 gradients: W shape=(784, 16), ||W||=0.9068, ||b||=0.0843
DEBUG:neural_network:Backward pass complete
DEBUG:neural_network:Updating weights with learning_rate=0.001
DEBUG:neural_network:Layer 0: weight norm 5.6349→5.6349, bias norm 0.0161→0.0162
DEBUG:neural_network:Layer 1: weight norm 3.7598→3.7598, bias norm 0.0166→0.0167
DEBUG:neural_network:Cross-entropy loss (unregularized): 2.232428
DEBUG:neural_network:L2 regularization term: 0.002294
DEBUG:neural_network:Total loss: 2.234723
INFO:neural_network:Epoch 1, Batch 230: loss=2.234723
DEBUG:neural_network:Forward pass input shape: (200, 784)
DEBUG:neural_network:Hidden layer 1: activation=relu, output range=[0.0000, 1.4950]
DEBUG:neural_network:Output layer: applied softmax, shape=(200, 10)
DEBUG:neural_network:Forward pass complete: 3 activations computed
DEBUG:neural_network:Backward pass: n_samples=200
DEBUG:neural_network:Output delta: shape=(200, 10), mean=-0.000000, std=0.296824
DEBUG:neural_network:Layer 1: added L2 gradient (alpha=0.0001)
DEBUG:neural_network:Layer 1 gradients: W shape=(16, 10), ||W||=0.1632, ||b||=0.0815
DEBUG:neural_network:Propagated delta to layer 0: shape=(200, 16)
DEBUG:neural_network:Layer 0: added L2 gradient (alpha=0.0001)
DEBUG:neural_network:Layer 0 gradients: W shape=(784, 16), ||W||=0.9240, ||b||=0.1089
DEBUG:neural_network:Backward pass complete
DEBUG:neural_network:Updating weights with learning_rate=0.001
DEBUG:neural_network:Layer 0: weight norm 5.6349→5.6350, bias norm 0.0162→0.0162
DEBUG:neural_network:Layer 1: weight norm 3.7598→3.7598, bias norm 0.0167→0.0167
DEBUG:neural_network:Cross-entropy loss (unregularized): 2.197775
DEBUG:neural_network:L2 regularization term: 0.002294
DEBUG:neural_network:Total loss: 2.200069
DEBUG:neural_network:Forward pass input shape: (200, 784)
DEBUG:neural_network:Hidden layer 1: activation=relu, output range=[0.0000, 1.9254]
DEBUG:neural_network:Output layer: applied softmax, shape=(200, 10)
DEBUG:neural_network:Forward pass complete: 3 activations computed
DEBUG:neural_network:Backward pass: n_samples=200
DEBUG:neural_network:Output delta: shape=(200, 10), mean=-0.000000, std=0.297697
DEBUG:neural_network:Layer 1: added L2 gradient (alpha=0.0001)
DEBUG:neural_network:Layer 1 gradients: W shape=(16, 10), ||W||=0.1465, ||b||=0.0768
DEBUG:neural_network:Propagated delta to layer 0: shape=(200, 16)
DEBUG:neural_network:Layer 0: added L2 gradient (alpha=0.0001)
DEBUG:neural_network:Layer 0 gradients: W shape=(784, 16), ||W||=0.8214, ||b||=0.0718
DEBUG:neural_network:Backward pass complete
DEBUG:neural_network:Updating weights with learning_rate=0.001
DEBUG:neural_network:Layer 0: weight norm 5.6350→5.6350, bias norm 0.0162→0.0163
DEBUG:neural_network:Layer 1: weight norm 3.7598→3.7598, bias norm 0.0167→0.0168
DEBUG:neural_network:Cross-entropy loss (unregularized): 2.230897
DEBUG:neural_network:L2 regularization term: 0.002294
DEBUG:neural_network:Total loss: 2.233191
DEBUG:neural_network:Forward pass input shape: (200, 784)
DEBUG:neural_network:Hidden layer 1: activation=relu, output range=[0.0000, 1.4734]
DEBUG:neural_network:Output layer: applied softmax, shape=(200, 10)
DEBUG:neural_network:Forward pass complete: 3 activations computed
DEBUG:neural_network:Backward pass: n_samples=200
DEBUG:neural_network:Output delta: shape=(200, 10), mean=0.000000, std=0.297488
DEBUG:neural_network:Layer 1: added L2 gradient (alpha=0.0001)
DEBUG:neural_network:Layer 1 gradients: W shape=(16, 10), ||W||=0.1612, ||b||=0.1073
DEBUG:neural_network:Propagated delta to layer 0: shape=(200, 16)
DEBUG:neural_network:Layer 0: added L2 gradient (alpha=0.0001)
DEBUG:neural_network:Layer 0 gradients: W shape=(784, 16), ||W||=0.8176, ||b||=0.0790
DEBUG:neural_network:Backward pass complete
DEBUG:neural_network:Updating weights with learning_rate=0.001
DEBUG:neural_network:Layer 0: weight norm 5.6350→5.6350, bias norm 0.0163→0.0163
DEBUG:neural_network:Layer 1: weight norm 3.7598→3.7598, bias norm 0.0168→0.0168
DEBUG:neural_network:Cross-entropy loss (unregularized): 2.224940
DEBUG:neural_network:L2 regularization term: 0.002294
DEBUG:neural_network:Total loss: 2.227235
DEBUG:neural_network:Forward pass input shape: (200, 784)
DEBUG:neural_network:Hidden layer 1: activation=relu, output range=[0.0000, 1.6132]
DEBUG:neural_network:Output layer: applied softmax, shape=(200, 10)
DEBUG:neural_network:Forward pass complete: 3 activations computed
DEBUG:neural_network:Backward pass: n_samples=200
DEBUG:neural_network:Output delta: shape=(200, 10), mean=0.000000, std=0.295775
DEBUG:neural_network:Layer 1: added L2 gradient (alpha=0.0001)
DEBUG:neural_network:Layer 1 gradients: W shape=(16, 10), ||W||=0.1740, ||b||=0.0874
DEBUG:neural_network:Propagated delta to layer 0: shape=(200, 16)
DEBUG:neural_network:Layer 0: added L2 gradient (alpha=0.0001)
DEBUG:neural_network:Layer 0 gradients: W shape=(784, 16), ||W||=0.9555, ||b||=0.0938
DEBUG:neural_network:Backward pass complete
DEBUG:neural_network:Updating weights with learning_rate=0.001
DEBUG:neural_network:Layer 0: weight norm 5.6350→5.6350, bias norm 0.0163→0.0164
DEBUG:neural_network:Layer 1: weight norm 3.7598→3.7599, bias norm 0.0168→0.0169
DEBUG:neural_network:Cross-entropy loss (unregularized): 2.176583
DEBUG:neural_network:L2 regularization term: 0.002294
DEBUG:neural_network:Total loss: 2.178878
DEBUG:neural_network:Forward pass input shape: (200, 784)
DEBUG:neural_network:Hidden layer 1: activation=relu, output range=[0.0000, 1.7273]
DEBUG:neural_network:Output layer: applied softmax, shape=(200, 10)
DEBUG:neural_network:Forward pass complete: 3 activations computed
DEBUG:neural_network:Backward pass: n_samples=200
DEBUG:neural_network:Output delta: shape=(200, 10), mean=-0.000000, std=0.297303
DEBUG:neural_network:Layer 1: added L2 gradient (alpha=0.0001)
DEBUG:neural_network:Layer 1 gradients: W shape=(16, 10), ||W||=0.1516, ||b||=0.0714
DEBUG:neural_network:Propagated delta to layer 0: shape=(200, 16)
DEBUG:neural_network:Layer 0: added L2 gradient (alpha=0.0001)
DEBUG:neural_network:Layer 0 gradients: W shape=(784, 16), ||W||=0.8511, ||b||=0.0728
DEBUG:neural_network:Backward pass complete
DEBUG:neural_network:Updating weights with learning_rate=0.001
DEBUG:neural_network:Layer 0: weight norm 5.6350→5.6350, bias norm 0.0164→0.0165
DEBUG:neural_network:Layer 1: weight norm 3.7599→3.7599, bias norm 0.0169→0.0169
DEBUG:neural_network:Cross-entropy loss (unregularized): 2.215242
DEBUG:neural_network:L2 regularization term: 0.002294
DEBUG:neural_network:Total loss: 2.217536
DEBUG:neural_network:Forward pass input shape: (200, 784)
DEBUG:neural_network:Hidden layer 1: activation=relu, output range=[0.0000, 1.6302]
DEBUG:neural_network:Output layer: applied softmax, shape=(200, 10)
DEBUG:neural_network:Forward pass complete: 3 activations computed
DEBUG:neural_network:Backward pass: n_samples=200
DEBUG:neural_network:Output delta: shape=(200, 10), mean=0.000000, std=0.297763
DEBUG:neural_network:Layer 1: added L2 gradient (alpha=0.0001)
DEBUG:neural_network:Layer 1 gradients: W shape=(16, 10), ||W||=0.1635, ||b||=0.0988
DEBUG:neural_network:Propagated delta to layer 0: shape=(200, 16)
DEBUG:neural_network:Layer 0: added L2 gradient (alpha=0.0001)
DEBUG:neural_network:Layer 0 gradients: W shape=(784, 16), ||W||=0.9822, ||b||=0.0917
DEBUG:neural_network:Backward pass complete
DEBUG:neural_network:Updating weights with learning_rate=0.001
DEBUG:neural_network:Layer 0: weight norm 5.6350→5.6350, bias norm 0.0165→0.0165
DEBUG:neural_network:Layer 1: weight norm 3.7599→3.7599, bias norm 0.0169→0.0170
DEBUG:neural_network:Cross-entropy loss (unregularized): 2.233631
DEBUG:neural_network:L2 regularization term: 0.002294
DEBUG:neural_network:Total loss: 2.235925
DEBUG:neural_network:Forward pass input shape: (200, 784)
DEBUG:neural_network:Hidden layer 1: activation=relu, output range=[0.0000, 1.8017]
DEBUG:neural_network:Output layer: applied softmax, shape=(200, 10)
DEBUG:neural_network:Forward pass complete: 3 activations computed
DEBUG:neural_network:Backward pass: n_samples=200
DEBUG:neural_network:Output delta: shape=(200, 10), mean=0.000000, std=0.297677
DEBUG:neural_network:Layer 1: added L2 gradient (alpha=0.0001)
DEBUG:neural_network:Layer 1 gradients: W shape=(16, 10), ||W||=0.1612, ||b||=0.0796
DEBUG:neural_network:Propagated delta to layer 0: shape=(200, 16)
DEBUG:neural_network:Layer 0: added L2 gradient (alpha=0.0001)
DEBUG:neural_network:Layer 0 gradients: W shape=(784, 16), ||W||=0.9792, ||b||=0.0887
DEBUG:neural_network:Backward pass complete
DEBUG:neural_network:Updating weights with learning_rate=0.001
DEBUG:neural_network:Layer 0: weight norm 5.6350→5.6350, bias norm 0.0165→0.0166
DEBUG:neural_network:Layer 1: weight norm 3.7599→3.7599, bias norm 0.0170→0.0171
DEBUG:neural_network:Cross-entropy loss (unregularized): 2.235621
DEBUG:neural_network:L2 regularization term: 0.002294
DEBUG:neural_network:Total loss: 2.237915
DEBUG:neural_network:Forward pass input shape: (200, 784)
DEBUG:neural_network:Hidden layer 1: activation=relu, output range=[0.0000, 1.8805]
DEBUG:neural_network:Output layer: applied softmax, shape=(200, 10)
DEBUG:neural_network:Forward pass complete: 3 activations computed
DEBUG:neural_network:Backward pass: n_samples=200
DEBUG:neural_network:Output delta: shape=(200, 10), mean=0.000000, std=0.298345
DEBUG:neural_network:Layer 1: added L2 gradient (alpha=0.0001)
DEBUG:neural_network:Layer 1 gradients: W shape=(16, 10), ||W||=0.1846, ||b||=0.1355
DEBUG:neural_network:Propagated delta to layer 0: shape=(200, 16)
DEBUG:neural_network:Layer 0: added L2 gradient (alpha=0.0001)
DEBUG:neural_network:Layer 0 gradients: W shape=(784, 16), ||W||=1.0065, ||b||=0.1255
DEBUG:neural_network:Backward pass complete
DEBUG:neural_network:Updating weights with learning_rate=0.001
DEBUG:neural_network:Layer 0: weight norm 5.6350→5.6350, bias norm 0.0166→0.0167
DEBUG:neural_network:Layer 1: weight norm 3.7599→3.7599, bias norm 0.0171→0.0172
DEBUG:neural_network:Cross-entropy loss (unregularized): 2.238840
DEBUG:neural_network:L2 regularization term: 0.002294
DEBUG:neural_network:Total loss: 2.241135
DEBUG:neural_network:Forward pass input shape: (200, 784)
DEBUG:neural_network:Hidden layer 1: activation=relu, output range=[0.0000, 1.7398]
DEBUG:neural_network:Output layer: applied softmax, shape=(200, 10)
DEBUG:neural_network:Forward pass complete: 3 activations computed
DEBUG:neural_network:Backward pass: n_samples=200
DEBUG:neural_network:Output delta: shape=(200, 10), mean=0.000000, std=0.297977
DEBUG:neural_network:Layer 1: added L2 gradient (alpha=0.0001)
DEBUG:neural_network:Layer 1 gradients: W shape=(16, 10), ||W||=0.1418, ||b||=0.0874
DEBUG:neural_network:Propagated delta to layer 0: shape=(200, 16)
DEBUG:neural_network:Layer 0: added L2 gradient (alpha=0.0001)
DEBUG:neural_network:Layer 0 gradients: W shape=(784, 16), ||W||=0.9057, ||b||=0.0894
DEBUG:neural_network:Backward pass complete
DEBUG:neural_network:Updating weights with learning_rate=0.001
DEBUG:neural_network:Layer 0: weight norm 5.6350→5.6350, bias norm 0.0167→0.0167
DEBUG:neural_network:Layer 1: weight norm 3.7599→3.7599, bias norm 0.0172→0.0173
DEBUG:neural_network:Cross-entropy loss (unregularized): 2.233559
DEBUG:neural_network:L2 regularization term: 0.002294
DEBUG:neural_network:Total loss: 2.235854
DEBUG:neural_network:Forward pass input shape: (200, 784)
DEBUG:neural_network:Hidden layer 1: activation=relu, output range=[0.0000, 1.7744]
DEBUG:neural_network:Output layer: applied softmax, shape=(200, 10)
DEBUG:neural_network:Forward pass complete: 3 activations computed
DEBUG:neural_network:Backward pass: n_samples=200
DEBUG:neural_network:Output delta: shape=(200, 10), mean=0.000000, std=0.297573
DEBUG:neural_network:Layer 1: added L2 gradient (alpha=0.0001)
DEBUG:neural_network:Layer 1 gradients: W shape=(16, 10), ||W||=0.1558, ||b||=0.1056
DEBUG:neural_network:Propagated delta to layer 0: shape=(200, 16)
DEBUG:neural_network:Layer 0: added L2 gradient (alpha=0.0001)
DEBUG:neural_network:Layer 0 gradients: W shape=(784, 16), ||W||=0.8879, ||b||=0.0912
DEBUG:neural_network:Backward pass complete
DEBUG:neural_network:Updating weights with learning_rate=0.001
DEBUG:neural_network:Layer 0: weight norm 5.6350→5.6350, bias norm 0.0167→0.0168
DEBUG:neural_network:Layer 1: weight norm 3.7599→3.7599, bias norm 0.0173→0.0173
DEBUG:neural_network:Cross-entropy loss (unregularized): 2.224728
DEBUG:neural_network:L2 regularization term: 0.002294
DEBUG:neural_network:Total loss: 2.227022
INFO:neural_network:Epoch 1, Batch 240: loss=2.227022
DEBUG:neural_network:Forward pass input shape: (200, 784)
DEBUG:neural_network:Hidden layer 1: activation=relu, output range=[0.0000, 1.7034]
DEBUG:neural_network:Output layer: applied softmax, shape=(200, 10)
DEBUG:neural_network:Forward pass complete: 3 activations computed
DEBUG:neural_network:Backward pass: n_samples=200
DEBUG:neural_network:Output delta: shape=(200, 10), mean=0.000000, std=0.296755
DEBUG:neural_network:Layer 1: added L2 gradient (alpha=0.0001)
DEBUG:neural_network:Layer 1 gradients: W shape=(16, 10), ||W||=0.1698, ||b||=0.0916
DEBUG:neural_network:Propagated delta to layer 0: shape=(200, 16)
DEBUG:neural_network:Layer 0: added L2 gradient (alpha=0.0001)
DEBUG:neural_network:Layer 0 gradients: W shape=(784, 16), ||W||=0.8861, ||b||=0.0900
DEBUG:neural_network:Backward pass complete
DEBUG:neural_network:Updating weights with learning_rate=0.001
DEBUG:neural_network:Layer 0: weight norm 5.6350→5.6350, bias norm 0.0168→0.0169
DEBUG:neural_network:Layer 1: weight norm 3.7599→3.7599, bias norm 0.0173→0.0174
DEBUG:neural_network:Cross-entropy loss (unregularized): 2.197003
DEBUG:neural_network:L2 regularization term: 0.002295
DEBUG:neural_network:Total loss: 2.199297
DEBUG:neural_network:Forward pass input shape: (200, 784)
DEBUG:neural_network:Hidden layer 1: activation=relu, output range=[0.0000, 1.8042]
DEBUG:neural_network:Output layer: applied softmax, shape=(200, 10)
DEBUG:neural_network:Forward pass complete: 3 activations computed
DEBUG:neural_network:Backward pass: n_samples=200
DEBUG:neural_network:Output delta: shape=(200, 10), mean=0.000000, std=0.296789
DEBUG:neural_network:Layer 1: added L2 gradient (alpha=0.0001)
DEBUG:neural_network:Layer 1 gradients: W shape=(16, 10), ||W||=0.1542, ||b||=0.0648
DEBUG:neural_network:Propagated delta to layer 0: shape=(200, 16)
DEBUG:neural_network:Layer 0: added L2 gradient (alpha=0.0001)
DEBUG:neural_network:Layer 0 gradients: W shape=(784, 16), ||W||=0.8937, ||b||=0.0714
DEBUG:neural_network:Backward pass complete
DEBUG:neural_network:Updating weights with learning_rate=0.001
DEBUG:neural_network:Layer 0: weight norm 5.6350→5.6350, bias norm 0.0169→0.0169
DEBUG:neural_network:Layer 1: weight norm 3.7599→3.7599, bias norm 0.0174→0.0175
DEBUG:neural_network:Cross-entropy loss (unregularized): 2.200177
DEBUG:neural_network:L2 regularization term: 0.002295
DEBUG:neural_network:Total loss: 2.202471
DEBUG:neural_network:Forward pass input shape: (200, 784)
DEBUG:neural_network:Hidden layer 1: activation=relu, output range=[0.0000, 1.5779]
DEBUG:neural_network:Output layer: applied softmax, shape=(200, 10)
DEBUG:neural_network:Forward pass complete: 3 activations computed
DEBUG:neural_network:Backward pass: n_samples=200
DEBUG:neural_network:Output delta: shape=(200, 10), mean=-0.000000, std=0.297826
DEBUG:neural_network:Layer 1: added L2 gradient (alpha=0.0001)
DEBUG:neural_network:Layer 1 gradients: W shape=(16, 10), ||W||=0.1637, ||b||=0.1045
DEBUG:neural_network:Propagated delta to layer 0: shape=(200, 16)
DEBUG:neural_network:Layer 0: added L2 gradient (alpha=0.0001)
DEBUG:neural_network:Layer 0 gradients: W shape=(784, 16), ||W||=0.8257, ||b||=0.0891
DEBUG:neural_network:Backward pass complete
DEBUG:neural_network:Updating weights with learning_rate=0.001
DEBUG:neural_network:Layer 0: weight norm 5.6350→5.6350, bias norm 0.0169→0.0170
DEBUG:neural_network:Layer 1: weight norm 3.7599→3.7599, bias norm 0.0175→0.0176
DEBUG:neural_network:Cross-entropy loss (unregularized): 2.229721
DEBUG:neural_network:L2 regularization term: 0.002295
DEBUG:neural_network:Total loss: 2.232015
DEBUG:neural_network:Forward pass input shape: (200, 784)
DEBUG:neural_network:Hidden layer 1: activation=relu, output range=[0.0000, 2.0200]
DEBUG:neural_network:Output layer: applied softmax, shape=(200, 10)
DEBUG:neural_network:Forward pass complete: 3 activations computed
DEBUG:neural_network:Backward pass: n_samples=200
DEBUG:neural_network:Output delta: shape=(200, 10), mean=-0.000000, std=0.297156
DEBUG:neural_network:Layer 1: added L2 gradient (alpha=0.0001)
DEBUG:neural_network:Layer 1 gradients: W shape=(16, 10), ||W||=0.1584, ||b||=0.1021
DEBUG:neural_network:Propagated delta to layer 0: shape=(200, 16)
DEBUG:neural_network:Layer 0: added L2 gradient (alpha=0.0001)
DEBUG:neural_network:Layer 0 gradients: W shape=(784, 16), ||W||=0.9366, ||b||=0.0924
DEBUG:neural_network:Backward pass complete
DEBUG:neural_network:Updating weights with learning_rate=0.001
DEBUG:neural_network:Layer 0: weight norm 5.6350→5.6350, bias norm 0.0170→0.0171
DEBUG:neural_network:Layer 1: weight norm 3.7599→3.7599, bias norm 0.0176→0.0176
DEBUG:neural_network:Cross-entropy loss (unregularized): 2.216200
DEBUG:neural_network:L2 regularization term: 0.002295
DEBUG:neural_network:Total loss: 2.218495
DEBUG:neural_network:Forward pass input shape: (200, 784)
DEBUG:neural_network:Hidden layer 1: activation=relu, output range=[0.0000, 1.9210]
DEBUG:neural_network:Output layer: applied softmax, shape=(200, 10)
DEBUG:neural_network:Forward pass complete: 3 activations computed
DEBUG:neural_network:Backward pass: n_samples=200
DEBUG:neural_network:Output delta: shape=(200, 10), mean=-0.000000, std=0.296672
DEBUG:neural_network:Layer 1: added L2 gradient (alpha=0.0001)
DEBUG:neural_network:Layer 1 gradients: W shape=(16, 10), ||W||=0.1341, ||b||=0.0687
DEBUG:neural_network:Propagated delta to layer 0: shape=(200, 16)
DEBUG:neural_network:Layer 0: added L2 gradient (alpha=0.0001)
DEBUG:neural_network:Layer 0 gradients: W shape=(784, 16), ||W||=0.8025, ||b||=0.0663
DEBUG:neural_network:Backward pass complete
DEBUG:neural_network:Updating weights with learning_rate=0.001
DEBUG:neural_network:Layer 0: weight norm 5.6350→5.6350, bias norm 0.0171→0.0171
DEBUG:neural_network:Layer 1: weight norm 3.7599→3.7599, bias norm 0.0176→0.0177
DEBUG:neural_network:Cross-entropy loss (unregularized): 2.198946
DEBUG:neural_network:L2 regularization term: 0.002295
DEBUG:neural_network:Total loss: 2.201240
DEBUG:neural_network:Forward pass input shape: (200, 784)
DEBUG:neural_network:Hidden layer 1: activation=relu, output range=[0.0000, 1.7552]
DEBUG:neural_network:Output layer: applied softmax, shape=(200, 10)
DEBUG:neural_network:Forward pass complete: 3 activations computed
DEBUG:neural_network:Backward pass: n_samples=200
DEBUG:neural_network:Output delta: shape=(200, 10), mean=-0.000000, std=0.297049
DEBUG:neural_network:Layer 1: added L2 gradient (alpha=0.0001)
DEBUG:neural_network:Layer 1 gradients: W shape=(16, 10), ||W||=0.1799, ||b||=0.0806
DEBUG:neural_network:Propagated delta to layer 0: shape=(200, 16)
DEBUG:neural_network:Layer 0: added L2 gradient (alpha=0.0001)
DEBUG:neural_network:Layer 0 gradients: W shape=(784, 16), ||W||=0.8299, ||b||=0.0658
DEBUG:neural_network:Backward pass complete
DEBUG:neural_network:Updating weights with learning_rate=0.001
DEBUG:neural_network:Layer 0: weight norm 5.6350→5.6350, bias norm 0.0171→0.0172
DEBUG:neural_network:Layer 1: weight norm 3.7599→3.7600, bias norm 0.0177→0.0178
DEBUG:neural_network:Cross-entropy loss (unregularized): 2.209064
DEBUG:neural_network:L2 regularization term: 0.002295
DEBUG:neural_network:Total loss: 2.211358
DEBUG:neural_network:Forward pass input shape: (200, 784)
DEBUG:neural_network:Hidden layer 1: activation=relu, output range=[0.0000, 2.0118]
DEBUG:neural_network:Output layer: applied softmax, shape=(200, 10)
DEBUG:neural_network:Forward pass complete: 3 activations computed
DEBUG:neural_network:Backward pass: n_samples=200
DEBUG:neural_network:Output delta: shape=(200, 10), mean=0.000000, std=0.296196
DEBUG:neural_network:Layer 1: added L2 gradient (alpha=0.0001)
DEBUG:neural_network:Layer 1 gradients: W shape=(16, 10), ||W||=0.1781, ||b||=0.0991
DEBUG:neural_network:Propagated delta to layer 0: shape=(200, 16)
DEBUG:neural_network:Layer 0: added L2 gradient (alpha=0.0001)
DEBUG:neural_network:Layer 0 gradients: W shape=(784, 16), ||W||=0.8613, ||b||=0.0826
DEBUG:neural_network:Backward pass complete
DEBUG:neural_network:Updating weights with learning_rate=0.001
DEBUG:neural_network:Layer 0: weight norm 5.6350→5.6350, bias norm 0.0172→0.0172
DEBUG:neural_network:Layer 1: weight norm 3.7600→3.7600, bias norm 0.0178→0.0178
DEBUG:neural_network:Cross-entropy loss (unregularized): 2.192074
DEBUG:neural_network:L2 regularization term: 0.002295
DEBUG:neural_network:Total loss: 2.194369
DEBUG:neural_network:Forward pass input shape: (200, 784)
DEBUG:neural_network:Hidden layer 1: activation=relu, output range=[0.0000, 1.7326]
DEBUG:neural_network:Output layer: applied softmax, shape=(200, 10)
DEBUG:neural_network:Forward pass complete: 3 activations computed
DEBUG:neural_network:Backward pass: n_samples=200
DEBUG:neural_network:Output delta: shape=(200, 10), mean=-0.000000, std=0.294531
DEBUG:neural_network:Layer 1: added L2 gradient (alpha=0.0001)
DEBUG:neural_network:Layer 1 gradients: W shape=(16, 10), ||W||=0.1432, ||b||=0.0903
DEBUG:neural_network:Propagated delta to layer 0: shape=(200, 16)
DEBUG:neural_network:Layer 0: added L2 gradient (alpha=0.0001)
DEBUG:neural_network:Layer 0 gradients: W shape=(784, 16), ||W||=0.8363, ||b||=0.0815
DEBUG:neural_network:Backward pass complete
DEBUG:neural_network:Updating weights with learning_rate=0.001
DEBUG:neural_network:Layer 0: weight norm 5.6350→5.6351, bias norm 0.0172→0.0173
DEBUG:neural_network:Layer 1: weight norm 3.7600→3.7600, bias norm 0.0178→0.0179
DEBUG:neural_network:Cross-entropy loss (unregularized): 2.153164
DEBUG:neural_network:L2 regularization term: 0.002295
DEBUG:neural_network:Total loss: 2.155458
DEBUG:neural_network:Forward pass input shape: (200, 784)
DEBUG:neural_network:Hidden layer 1: activation=relu, output range=[0.0000, 1.5064]
DEBUG:neural_network:Output layer: applied softmax, shape=(200, 10)
DEBUG:neural_network:Forward pass complete: 3 activations computed
DEBUG:neural_network:Backward pass: n_samples=200
DEBUG:neural_network:Output delta: shape=(200, 10), mean=-0.000000, std=0.296426
DEBUG:neural_network:Layer 1: added L2 gradient (alpha=0.0001)
DEBUG:neural_network:Layer 1 gradients: W shape=(16, 10), ||W||=0.1699, ||b||=0.1018
DEBUG:neural_network:Propagated delta to layer 0: shape=(200, 16)
DEBUG:neural_network:Layer 0: added L2 gradient (alpha=0.0001)
DEBUG:neural_network:Layer 0 gradients: W shape=(784, 16), ||W||=0.9398, ||b||=0.1065
DEBUG:neural_network:Backward pass complete
DEBUG:neural_network:Updating weights with learning_rate=0.001
DEBUG:neural_network:Layer 0: weight norm 5.6351→5.6351, bias norm 0.0173→0.0173
DEBUG:neural_network:Layer 1: weight norm 3.7600→3.7600, bias norm 0.0179→0.0179
DEBUG:neural_network:Cross-entropy loss (unregularized): 2.192150
DEBUG:neural_network:L2 regularization term: 0.002295
DEBUG:neural_network:Total loss: 2.194445
DEBUG:neural_network:Forward pass input shape: (200, 784)
DEBUG:neural_network:Hidden layer 1: activation=relu, output range=[0.0000, 1.8115]
DEBUG:neural_network:Output layer: applied softmax, shape=(200, 10)
DEBUG:neural_network:Forward pass complete: 3 activations computed
DEBUG:neural_network:Backward pass: n_samples=200
DEBUG:neural_network:Output delta: shape=(200, 10), mean=-0.000000, std=0.297458
DEBUG:neural_network:Layer 1: added L2 gradient (alpha=0.0001)
DEBUG:neural_network:Layer 1 gradients: W shape=(16, 10), ||W||=0.1885, ||b||=0.1048
DEBUG:neural_network:Propagated delta to layer 0: shape=(200, 16)
DEBUG:neural_network:Layer 0: added L2 gradient (alpha=0.0001)
DEBUG:neural_network:Layer 0 gradients: W shape=(784, 16), ||W||=0.9121, ||b||=0.0806
DEBUG:neural_network:Backward pass complete
DEBUG:neural_network:Updating weights with learning_rate=0.001
DEBUG:neural_network:Layer 0: weight norm 5.6351→5.6351, bias norm 0.0173→0.0174
DEBUG:neural_network:Layer 1: weight norm 3.7600→3.7600, bias norm 0.0179→0.0180
DEBUG:neural_network:Cross-entropy loss (unregularized): 2.210272
DEBUG:neural_network:L2 regularization term: 0.002295
DEBUG:neural_network:Total loss: 2.212566
INFO:neural_network:Epoch 1, Batch 250: loss=2.212566
DEBUG:neural_network:Forward pass input shape: (200, 784)
DEBUG:neural_network:Hidden layer 1: activation=relu, output range=[0.0000, 1.6828]
DEBUG:neural_network:Output layer: applied softmax, shape=(200, 10)
DEBUG:neural_network:Forward pass complete: 3 activations computed
DEBUG:neural_network:Backward pass: n_samples=200
DEBUG:neural_network:Output delta: shape=(200, 10), mean=0.000000, std=0.297047
DEBUG:neural_network:Layer 1: added L2 gradient (alpha=0.0001)
DEBUG:neural_network:Layer 1 gradients: W shape=(16, 10), ||W||=0.1501, ||b||=0.0914
DEBUG:neural_network:Propagated delta to layer 0: shape=(200, 16)
DEBUG:neural_network:Layer 0: added L2 gradient (alpha=0.0001)
DEBUG:neural_network:Layer 0 gradients: W shape=(784, 16), ||W||=0.8722, ||b||=0.0943
DEBUG:neural_network:Backward pass complete
DEBUG:neural_network:Updating weights with learning_rate=0.001
DEBUG:neural_network:Layer 0: weight norm 5.6351→5.6351, bias norm 0.0174→0.0175
DEBUG:neural_network:Layer 1: weight norm 3.7600→3.7600, bias norm 0.0180→0.0181
DEBUG:neural_network:Cross-entropy loss (unregularized): 2.210463
DEBUG:neural_network:L2 regularization term: 0.002295
DEBUG:neural_network:Total loss: 2.212757
DEBUG:neural_network:Forward pass input shape: (200, 784)
DEBUG:neural_network:Hidden layer 1: activation=relu, output range=[0.0000, 1.6218]
DEBUG:neural_network:Output layer: applied softmax, shape=(200, 10)
DEBUG:neural_network:Forward pass complete: 3 activations computed
DEBUG:neural_network:Backward pass: n_samples=200
DEBUG:neural_network:Output delta: shape=(200, 10), mean=-0.000000, std=0.297847
DEBUG:neural_network:Layer 1: added L2 gradient (alpha=0.0001)
DEBUG:neural_network:Layer 1 gradients: W shape=(16, 10), ||W||=0.1587, ||b||=0.0867
DEBUG:neural_network:Propagated delta to layer 0: shape=(200, 16)
DEBUG:neural_network:Layer 0: added L2 gradient (alpha=0.0001)
DEBUG:neural_network:Layer 0 gradients: W shape=(784, 16), ||W||=0.8379, ||b||=0.0707
DEBUG:neural_network:Backward pass complete
DEBUG:neural_network:Updating weights with learning_rate=0.001
DEBUG:neural_network:Layer 0: weight norm 5.6351→5.6351, bias norm 0.0175→0.0175
DEBUG:neural_network:Layer 1: weight norm 3.7600→3.7600, bias norm 0.0181→0.0182
DEBUG:neural_network:Cross-entropy loss (unregularized): 2.232860
DEBUG:neural_network:L2 regularization term: 0.002295
DEBUG:neural_network:Total loss: 2.235154
DEBUG:neural_network:Forward pass input shape: (200, 784)
DEBUG:neural_network:Hidden layer 1: activation=relu, output range=[0.0000, 1.6525]
DEBUG:neural_network:Output layer: applied softmax, shape=(200, 10)
DEBUG:neural_network:Forward pass complete: 3 activations computed
DEBUG:neural_network:Backward pass: n_samples=200
DEBUG:neural_network:Output delta: shape=(200, 10), mean=0.000000, std=0.297002
DEBUG:neural_network:Layer 1: added L2 gradient (alpha=0.0001)
DEBUG:neural_network:Layer 1 gradients: W shape=(16, 10), ||W||=0.1777, ||b||=0.0968
DEBUG:neural_network:Propagated delta to layer 0: shape=(200, 16)
DEBUG:neural_network:Layer 0: added L2 gradient (alpha=0.0001)
DEBUG:neural_network:Layer 0 gradients: W shape=(784, 16), ||W||=0.8321, ||b||=0.0798
DEBUG:neural_network:Backward pass complete
DEBUG:neural_network:Updating weights with learning_rate=0.001
DEBUG:neural_network:Layer 0: weight norm 5.6351→5.6351, bias norm 0.0175→0.0176
DEBUG:neural_network:Layer 1: weight norm 3.7600→3.7600, bias norm 0.0182→0.0182
DEBUG:neural_network:Cross-entropy loss (unregularized): 2.200521
DEBUG:neural_network:L2 regularization term: 0.002295
DEBUG:neural_network:Total loss: 2.202815
DEBUG:neural_network:Forward pass input shape: (200, 784)
DEBUG:neural_network:Hidden layer 1: activation=relu, output range=[0.0000, 1.4924]
DEBUG:neural_network:Output layer: applied softmax, shape=(200, 10)
DEBUG:neural_network:Forward pass complete: 3 activations computed
DEBUG:neural_network:Backward pass: n_samples=200
DEBUG:neural_network:Output delta: shape=(200, 10), mean=0.000000, std=0.296846
DEBUG:neural_network:Layer 1: added L2 gradient (alpha=0.0001)
DEBUG:neural_network:Layer 1 gradients: W shape=(16, 10), ||W||=0.1455, ||b||=0.0763
DEBUG:neural_network:Propagated delta to layer 0: shape=(200, 16)
DEBUG:neural_network:Layer 0: added L2 gradient (alpha=0.0001)
DEBUG:neural_network:Layer 0 gradients: W shape=(784, 16), ||W||=0.8687, ||b||=0.0842
DEBUG:neural_network:Backward pass complete
DEBUG:neural_network:Updating weights with learning_rate=0.001
DEBUG:neural_network:Layer 0: weight norm 5.6351→5.6351, bias norm 0.0176→0.0176
DEBUG:neural_network:Layer 1: weight norm 3.7600→3.7601, bias norm 0.0182→0.0183
DEBUG:neural_network:Cross-entropy loss (unregularized): 2.208309
DEBUG:neural_network:L2 regularization term: 0.002295
DEBUG:neural_network:Total loss: 2.210603
DEBUG:neural_network:Forward pass input shape: (200, 784)
DEBUG:neural_network:Hidden layer 1: activation=relu, output range=[0.0000, 1.8231]
DEBUG:neural_network:Output layer: applied softmax, shape=(200, 10)
DEBUG:neural_network:Forward pass complete: 3 activations computed
DEBUG:neural_network:Backward pass: n_samples=200
DEBUG:neural_network:Output delta: shape=(200, 10), mean=0.000000, std=0.297491
DEBUG:neural_network:Layer 1: added L2 gradient (alpha=0.0001)
DEBUG:neural_network:Layer 1 gradients: W shape=(16, 10), ||W||=0.1701, ||b||=0.0995
DEBUG:neural_network:Propagated delta to layer 0: shape=(200, 16)
DEBUG:neural_network:Layer 0: added L2 gradient (alpha=0.0001)
DEBUG:neural_network:Layer 0 gradients: W shape=(784, 16), ||W||=0.8249, ||b||=0.0733
DEBUG:neural_network:Backward pass complete
DEBUG:neural_network:Updating weights with learning_rate=0.001
DEBUG:neural_network:Layer 0: weight norm 5.6351→5.6351, bias norm 0.0176→0.0177
DEBUG:neural_network:Layer 1: weight norm 3.7601→3.7601, bias norm 0.0183→0.0184
DEBUG:neural_network:Cross-entropy loss (unregularized): 2.224584
DEBUG:neural_network:L2 regularization term: 0.002295
DEBUG:neural_network:Total loss: 2.226878
DEBUG:neural_network:Forward pass input shape: (200, 784)
DEBUG:neural_network:Hidden layer 1: activation=relu, output range=[0.0000, 1.9415]
DEBUG:neural_network:Output layer: applied softmax, shape=(200, 10)
DEBUG:neural_network:Forward pass complete: 3 activations computed
DEBUG:neural_network:Backward pass: n_samples=200
DEBUG:neural_network:Output delta: shape=(200, 10), mean=-0.000000, std=0.296535
DEBUG:neural_network:Layer 1: added L2 gradient (alpha=0.0001)
DEBUG:neural_network:Layer 1 gradients: W shape=(16, 10), ||W||=0.1777, ||b||=0.1094
DEBUG:neural_network:Propagated delta to layer 0: shape=(200, 16)
DEBUG:neural_network:Layer 0: added L2 gradient (alpha=0.0001)
DEBUG:neural_network:Layer 0 gradients: W shape=(784, 16), ||W||=0.8826, ||b||=0.0788
DEBUG:neural_network:Backward pass complete
DEBUG:neural_network:Updating weights with learning_rate=0.001
DEBUG:neural_network:Layer 0: weight norm 5.6351→5.6351, bias norm 0.0177→0.0177
DEBUG:neural_network:Layer 1: weight norm 3.7601→3.7601, bias norm 0.0184→0.0184
DEBUG:neural_network:Cross-entropy loss (unregularized): 2.190440
DEBUG:neural_network:L2 regularization term: 0.002295
DEBUG:neural_network:Total loss: 2.192734
DEBUG:neural_network:Forward pass input shape: (200, 784)
DEBUG:neural_network:Hidden layer 1: activation=relu, output range=[0.0000, 1.5867]
DEBUG:neural_network:Output layer: applied softmax, shape=(200, 10)
DEBUG:neural_network:Forward pass complete: 3 activations computed
DEBUG:neural_network:Backward pass: n_samples=200
DEBUG:neural_network:Output delta: shape=(200, 10), mean=0.000000, std=0.296089
DEBUG:neural_network:Layer 1: added L2 gradient (alpha=0.0001)
DEBUG:neural_network:Layer 1 gradients: W shape=(16, 10), ||W||=0.1629, ||b||=0.1109
DEBUG:neural_network:Propagated delta to layer 0: shape=(200, 16)
DEBUG:neural_network:Layer 0: added L2 gradient (alpha=0.0001)
DEBUG:neural_network:Layer 0 gradients: W shape=(784, 16), ||W||=0.8284, ||b||=0.0952
DEBUG:neural_network:Backward pass complete
DEBUG:neural_network:Updating weights with learning_rate=0.001
DEBUG:neural_network:Layer 0: weight norm 5.6351→5.6351, bias norm 0.0177→0.0178
DEBUG:neural_network:Layer 1: weight norm 3.7601→3.7601, bias norm 0.0184→0.0185
DEBUG:neural_network:Cross-entropy loss (unregularized): 2.184991
DEBUG:neural_network:L2 regularization term: 0.002295
DEBUG:neural_network:Total loss: 2.187286
DEBUG:neural_network:Forward pass input shape: (200, 784)
DEBUG:neural_network:Hidden layer 1: activation=relu, output range=[0.0000, 1.6995]
DEBUG:neural_network:Output layer: applied softmax, shape=(200, 10)
DEBUG:neural_network:Forward pass complete: 3 activations computed
DEBUG:neural_network:Backward pass: n_samples=200
DEBUG:neural_network:Output delta: shape=(200, 10), mean=0.000000, std=0.297327
DEBUG:neural_network:Layer 1: added L2 gradient (alpha=0.0001)
DEBUG:neural_network:Layer 1 gradients: W shape=(16, 10), ||W||=0.1535, ||b||=0.1001
DEBUG:neural_network:Propagated delta to layer 0: shape=(200, 16)
DEBUG:neural_network:Layer 0: added L2 gradient (alpha=0.0001)
DEBUG:neural_network:Layer 0 gradients: W shape=(784, 16), ||W||=0.8806, ||b||=0.0869
DEBUG:neural_network:Backward pass complete
DEBUG:neural_network:Updating weights with learning_rate=0.001
DEBUG:neural_network:Layer 0: weight norm 5.6351→5.6351, bias norm 0.0178→0.0179
DEBUG:neural_network:Layer 1: weight norm 3.7601→3.7601, bias norm 0.0185→0.0186
DEBUG:neural_network:Cross-entropy loss (unregularized): 2.213058
DEBUG:neural_network:L2 regularization term: 0.002295
DEBUG:neural_network:Total loss: 2.215353
DEBUG:neural_network:Forward pass input shape: (200, 784)
DEBUG:neural_network:Hidden layer 1: activation=relu, output range=[0.0000, 1.6917]
DEBUG:neural_network:Output layer: applied softmax, shape=(200, 10)
DEBUG:neural_network:Forward pass complete: 3 activations computed
DEBUG:neural_network:Backward pass: n_samples=200
DEBUG:neural_network:Output delta: shape=(200, 10), mean=-0.000000, std=0.297094
DEBUG:neural_network:Layer 1: added L2 gradient (alpha=0.0001)
DEBUG:neural_network:Layer 1 gradients: W shape=(16, 10), ||W||=0.1513, ||b||=0.0804
DEBUG:neural_network:Propagated delta to layer 0: shape=(200, 16)
DEBUG:neural_network:Layer 0: added L2 gradient (alpha=0.0001)
DEBUG:neural_network:Layer 0 gradients: W shape=(784, 16), ||W||=0.8381, ||b||=0.0797
DEBUG:neural_network:Backward pass complete
DEBUG:neural_network:Updating weights with learning_rate=0.001
DEBUG:neural_network:Layer 0: weight norm 5.6351→5.6351, bias norm 0.0179→0.0179
DEBUG:neural_network:Layer 1: weight norm 3.7601→3.7601, bias norm 0.0186→0.0187
DEBUG:neural_network:Cross-entropy loss (unregularized): 2.212457
DEBUG:neural_network:L2 regularization term: 0.002295
DEBUG:neural_network:Total loss: 2.214752
DEBUG:neural_network:Forward pass input shape: (200, 784)
DEBUG:neural_network:Hidden layer 1: activation=relu, output range=[0.0000, 1.8160]
DEBUG:neural_network:Output layer: applied softmax, shape=(200, 10)
DEBUG:neural_network:Forward pass complete: 3 activations computed
DEBUG:neural_network:Backward pass: n_samples=200
DEBUG:neural_network:Output delta: shape=(200, 10), mean=0.000000, std=0.297116
DEBUG:neural_network:Layer 1: added L2 gradient (alpha=0.0001)
DEBUG:neural_network:Layer 1 gradients: W shape=(16, 10), ||W||=0.1588, ||b||=0.1032
DEBUG:neural_network:Propagated delta to layer 0: shape=(200, 16)
DEBUG:neural_network:Layer 0: added L2 gradient (alpha=0.0001)
DEBUG:neural_network:Layer 0 gradients: W shape=(784, 16), ||W||=0.8430, ||b||=0.0715
DEBUG:neural_network:Backward pass complete
DEBUG:neural_network:Updating weights with learning_rate=0.001
DEBUG:neural_network:Layer 0: weight norm 5.6351→5.6351, bias norm 0.0179→0.0180
DEBUG:neural_network:Layer 1: weight norm 3.7601→3.7601, bias norm 0.0187→0.0188
DEBUG:neural_network:Cross-entropy loss (unregularized): 2.219162
DEBUG:neural_network:L2 regularization term: 0.002295
DEBUG:neural_network:Total loss: 2.221457
INFO:neural_network:Epoch 1, Batch 260: loss=2.221457
DEBUG:neural_network:Forward pass input shape: (200, 784)
DEBUG:neural_network:Hidden layer 1: activation=relu, output range=[0.0000, 1.7776]
DEBUG:neural_network:Output layer: applied softmax, shape=(200, 10)
DEBUG:neural_network:Forward pass complete: 3 activations computed
DEBUG:neural_network:Backward pass: n_samples=200
DEBUG:neural_network:Output delta: shape=(200, 10), mean=-0.000000, std=0.296538
DEBUG:neural_network:Layer 1: added L2 gradient (alpha=0.0001)
DEBUG:neural_network:Layer 1 gradients: W shape=(16, 10), ||W||=0.1623, ||b||=0.0651
DEBUG:neural_network:Propagated delta to layer 0: shape=(200, 16)
DEBUG:neural_network:Layer 0: added L2 gradient (alpha=0.0001)
DEBUG:neural_network:Layer 0 gradients: W shape=(784, 16), ||W||=0.8560, ||b||=0.0718
DEBUG:neural_network:Backward pass complete
DEBUG:neural_network:Updating weights with learning_rate=0.001
DEBUG:neural_network:Layer 0: weight norm 5.6351→5.6351, bias norm 0.0180→0.0180
DEBUG:neural_network:Layer 1: weight norm 3.7601→3.7601, bias norm 0.0188→0.0188
DEBUG:neural_network:Cross-entropy loss (unregularized): 2.191464
DEBUG:neural_network:L2 regularization term: 0.002295
DEBUG:neural_network:Total loss: 2.193759
DEBUG:neural_network:Forward pass input shape: (200, 784)
DEBUG:neural_network:Hidden layer 1: activation=relu, output range=[0.0000, 1.6937]
DEBUG:neural_network:Output layer: applied softmax, shape=(200, 10)
DEBUG:neural_network:Forward pass complete: 3 activations computed
DEBUG:neural_network:Backward pass: n_samples=200
DEBUG:neural_network:Output delta: shape=(200, 10), mean=0.000000, std=0.295228
DEBUG:neural_network:Layer 1: added L2 gradient (alpha=0.0001)
DEBUG:neural_network:Layer 1 gradients: W shape=(16, 10), ||W||=0.1532, ||b||=0.0898
DEBUG:neural_network:Propagated delta to layer 0: shape=(200, 16)
DEBUG:neural_network:Layer 0: added L2 gradient (alpha=0.0001)
DEBUG:neural_network:Layer 0 gradients: W shape=(784, 16), ||W||=0.8426, ||b||=0.0900
DEBUG:neural_network:Backward pass complete
DEBUG:neural_network:Updating weights with learning_rate=0.001
DEBUG:neural_network:Layer 0: weight norm 5.6351→5.6352, bias norm 0.0180→0.0181
DEBUG:neural_network:Layer 1: weight norm 3.7601→3.7602, bias norm 0.0188→0.0189
DEBUG:neural_network:Cross-entropy loss (unregularized): 2.161760
DEBUG:neural_network:L2 regularization term: 0.002295
DEBUG:neural_network:Total loss: 2.164055
DEBUG:neural_network:Forward pass input shape: (200, 784)
DEBUG:neural_network:Hidden layer 1: activation=relu, output range=[0.0000, 1.5421]
DEBUG:neural_network:Output layer: applied softmax, shape=(200, 10)
DEBUG:neural_network:Forward pass complete: 3 activations computed
DEBUG:neural_network:Backward pass: n_samples=200
DEBUG:neural_network:Output delta: shape=(200, 10), mean=-0.000000, std=0.296296
DEBUG:neural_network:Layer 1: added L2 gradient (alpha=0.0001)
DEBUG:neural_network:Layer 1 gradients: W shape=(16, 10), ||W||=0.1761, ||b||=0.1077
DEBUG:neural_network:Propagated delta to layer 0: shape=(200, 16)
DEBUG:neural_network:Layer 0: added L2 gradient (alpha=0.0001)
DEBUG:neural_network:Layer 0 gradients: W shape=(784, 16), ||W||=0.8986, ||b||=0.0884
DEBUG:neural_network:Backward pass complete
DEBUG:neural_network:Updating weights with learning_rate=0.001
DEBUG:neural_network:Layer 0: weight norm 5.6352→5.6352, bias norm 0.0181→0.0181
DEBUG:neural_network:Layer 1: weight norm 3.7602→3.7602, bias norm 0.0189→0.0189
DEBUG:neural_network:Cross-entropy loss (unregularized): 2.183784
DEBUG:neural_network:L2 regularization term: 0.002295
DEBUG:neural_network:Total loss: 2.186079
DEBUG:neural_network:Forward pass input shape: (200, 784)
DEBUG:neural_network:Hidden layer 1: activation=relu, output range=[0.0000, 1.5244]
DEBUG:neural_network:Output layer: applied softmax, shape=(200, 10)
DEBUG:neural_network:Forward pass complete: 3 activations computed
DEBUG:neural_network:Backward pass: n_samples=200
DEBUG:neural_network:Output delta: shape=(200, 10), mean=-0.000000, std=0.297022
DEBUG:neural_network:Layer 1: added L2 gradient (alpha=0.0001)
DEBUG:neural_network:Layer 1 gradients: W shape=(16, 10), ||W||=0.1764, ||b||=0.1094
DEBUG:neural_network:Propagated delta to layer 0: shape=(200, 16)
DEBUG:neural_network:Layer 0: added L2 gradient (alpha=0.0001)
DEBUG:neural_network:Layer 0 gradients: W shape=(784, 16), ||W||=0.8986, ||b||=0.0922
DEBUG:neural_network:Backward pass complete
DEBUG:neural_network:Updating weights with learning_rate=0.001
DEBUG:neural_network:Layer 0: weight norm 5.6352→5.6352, bias norm 0.0181→0.0182
DEBUG:neural_network:Layer 1: weight norm 3.7602→3.7602, bias norm 0.0189→0.0190
DEBUG:neural_network:Cross-entropy loss (unregularized): 2.210332
DEBUG:neural_network:L2 regularization term: 0.002295
DEBUG:neural_network:Total loss: 2.212627
DEBUG:neural_network:Forward pass input shape: (200, 784)
DEBUG:neural_network:Hidden layer 1: activation=relu, output range=[0.0000, 1.7287]
DEBUG:neural_network:Output layer: applied softmax, shape=(200, 10)
DEBUG:neural_network:Forward pass complete: 3 activations computed
DEBUG:neural_network:Backward pass: n_samples=200
DEBUG:neural_network:Output delta: shape=(200, 10), mean=-0.000000, std=0.295158
DEBUG:neural_network:Layer 1: added L2 gradient (alpha=0.0001)
DEBUG:neural_network:Layer 1 gradients: W shape=(16, 10), ||W||=0.1688, ||b||=0.1215
DEBUG:neural_network:Propagated delta to layer 0: shape=(200, 16)
DEBUG:neural_network:Layer 0: added L2 gradient (alpha=0.0001)
DEBUG:neural_network:Layer 0 gradients: W shape=(784, 16), ||W||=0.8960, ||b||=0.1097
DEBUG:neural_network:Backward pass complete
DEBUG:neural_network:Updating weights with learning_rate=0.001
DEBUG:neural_network:Layer 0: weight norm 5.6352→5.6352, bias norm 0.0182→0.0183
DEBUG:neural_network:Layer 1: weight norm 3.7602→3.7602, bias norm 0.0190→0.0191
DEBUG:neural_network:Cross-entropy loss (unregularized): 2.157981
DEBUG:neural_network:L2 regularization term: 0.002295
DEBUG:neural_network:Total loss: 2.160276
DEBUG:neural_network:Forward pass input shape: (200, 784)
DEBUG:neural_network:Hidden layer 1: activation=relu, output range=[0.0000, 1.5286]
DEBUG:neural_network:Output layer: applied softmax, shape=(200, 10)
DEBUG:neural_network:Forward pass complete: 3 activations computed
DEBUG:neural_network:Backward pass: n_samples=200
DEBUG:neural_network:Output delta: shape=(200, 10), mean=-0.000000, std=0.296465
DEBUG:neural_network:Layer 1: added L2 gradient (alpha=0.0001)
DEBUG:neural_network:Layer 1 gradients: W shape=(16, 10), ||W||=0.1778, ||b||=0.1150
DEBUG:neural_network:Propagated delta to layer 0: shape=(200, 16)
DEBUG:neural_network:Layer 0: added L2 gradient (alpha=0.0001)
DEBUG:neural_network:Layer 0 gradients: W shape=(784, 16), ||W||=0.9620, ||b||=0.0929
DEBUG:neural_network:Backward pass complete
DEBUG:neural_network:Updating weights with learning_rate=0.001
DEBUG:neural_network:Layer 0: weight norm 5.6352→5.6352, bias norm 0.0183→0.0184
DEBUG:neural_network:Layer 1: weight norm 3.7602→3.7602, bias norm 0.0191→0.0192
DEBUG:neural_network:Cross-entropy loss (unregularized): 2.193159
DEBUG:neural_network:L2 regularization term: 0.002295
DEBUG:neural_network:Total loss: 2.195454
DEBUG:neural_network:Forward pass input shape: (200, 784)
DEBUG:neural_network:Hidden layer 1: activation=relu, output range=[0.0000, 1.8771]
DEBUG:neural_network:Output layer: applied softmax, shape=(200, 10)
DEBUG:neural_network:Forward pass complete: 3 activations computed
DEBUG:neural_network:Backward pass: n_samples=200
DEBUG:neural_network:Output delta: shape=(200, 10), mean=0.000000, std=0.295305
DEBUG:neural_network:Layer 1: added L2 gradient (alpha=0.0001)
DEBUG:neural_network:Layer 1 gradients: W shape=(16, 10), ||W||=0.1503, ||b||=0.0711
DEBUG:neural_network:Propagated delta to layer 0: shape=(200, 16)
DEBUG:neural_network:Layer 0: added L2 gradient (alpha=0.0001)
DEBUG:neural_network:Layer 0 gradients: W shape=(784, 16), ||W||=0.8572, ||b||=0.0922
DEBUG:neural_network:Backward pass complete
DEBUG:neural_network:Updating weights with learning_rate=0.001
DEBUG:neural_network:Layer 0: weight norm 5.6352→5.6352, bias norm 0.0184→0.0184
DEBUG:neural_network:Layer 1: weight norm 3.7602→3.7603, bias norm 0.0192→0.0193
DEBUG:neural_network:Cross-entropy loss (unregularized): 2.163281
DEBUG:neural_network:L2 regularization term: 0.002295
DEBUG:neural_network:Total loss: 2.165575
DEBUG:neural_network:Forward pass input shape: (200, 784)
DEBUG:neural_network:Hidden layer 1: activation=relu, output range=[0.0000, 1.5946]
DEBUG:neural_network:Output layer: applied softmax, shape=(200, 10)
DEBUG:neural_network:Forward pass complete: 3 activations computed
DEBUG:neural_network:Backward pass: n_samples=200
DEBUG:neural_network:Output delta: shape=(200, 10), mean=-0.000000, std=0.296734
DEBUG:neural_network:Layer 1: added L2 gradient (alpha=0.0001)
DEBUG:neural_network:Layer 1 gradients: W shape=(16, 10), ||W||=0.1516, ||b||=0.0935
DEBUG:neural_network:Propagated delta to layer 0: shape=(200, 16)
DEBUG:neural_network:Layer 0: added L2 gradient (alpha=0.0001)
DEBUG:neural_network:Layer 0 gradients: W shape=(784, 16), ||W||=0.9063, ||b||=0.0819
DEBUG:neural_network:Backward pass complete
DEBUG:neural_network:Updating weights with learning_rate=0.001
DEBUG:neural_network:Layer 0: weight norm 5.6352→5.6352, bias norm 0.0184→0.0185
DEBUG:neural_network:Layer 1: weight norm 3.7603→3.7603, bias norm 0.0193→0.0193
DEBUG:neural_network:Cross-entropy loss (unregularized): 2.208516
DEBUG:neural_network:L2 regularization term: 0.002295
DEBUG:neural_network:Total loss: 2.210810
DEBUG:neural_network:Forward pass input shape: (200, 784)
DEBUG:neural_network:Hidden layer 1: activation=relu, output range=[0.0000, 1.6411]
DEBUG:neural_network:Output layer: applied softmax, shape=(200, 10)
DEBUG:neural_network:Forward pass complete: 3 activations computed
DEBUG:neural_network:Backward pass: n_samples=200
DEBUG:neural_network:Output delta: shape=(200, 10), mean=-0.000000, std=0.296808
DEBUG:neural_network:Layer 1: added L2 gradient (alpha=0.0001)
DEBUG:neural_network:Layer 1 gradients: W shape=(16, 10), ||W||=0.1612, ||b||=0.0879
DEBUG:neural_network:Propagated delta to layer 0: shape=(200, 16)
DEBUG:neural_network:Layer 0: added L2 gradient (alpha=0.0001)
DEBUG:neural_network:Layer 0 gradients: W shape=(784, 16), ||W||=0.8475, ||b||=0.0760
DEBUG:neural_network:Backward pass complete
DEBUG:neural_network:Updating weights with learning_rate=0.001
DEBUG:neural_network:Layer 0: weight norm 5.6352→5.6352, bias norm 0.0185→0.0185
DEBUG:neural_network:Layer 1: weight norm 3.7603→3.7603, bias norm 0.0193→0.0194
DEBUG:neural_network:Cross-entropy loss (unregularized): 2.205085
DEBUG:neural_network:L2 regularization term: 0.002295
DEBUG:neural_network:Total loss: 2.207380
DEBUG:neural_network:Forward pass input shape: (200, 784)
DEBUG:neural_network:Hidden layer 1: activation=relu, output range=[0.0000, 1.4961]
DEBUG:neural_network:Output layer: applied softmax, shape=(200, 10)
DEBUG:neural_network:Forward pass complete: 3 activations computed
DEBUG:neural_network:Backward pass: n_samples=200
DEBUG:neural_network:Output delta: shape=(200, 10), mean=-0.000000, std=0.296248
DEBUG:neural_network:Layer 1: added L2 gradient (alpha=0.0001)
DEBUG:neural_network:Layer 1 gradients: W shape=(16, 10), ||W||=0.1849, ||b||=0.1259
DEBUG:neural_network:Propagated delta to layer 0: shape=(200, 16)
DEBUG:neural_network:Layer 0: added L2 gradient (alpha=0.0001)
DEBUG:neural_network:Layer 0 gradients: W shape=(784, 16), ||W||=1.0485, ||b||=0.1244
DEBUG:neural_network:Backward pass complete
DEBUG:neural_network:Updating weights with learning_rate=0.001
DEBUG:neural_network:Layer 0: weight norm 5.6352→5.6352, bias norm 0.0185→0.0186
DEBUG:neural_network:Layer 1: weight norm 3.7603→3.7603, bias norm 0.0194→0.0195
DEBUG:neural_network:Cross-entropy loss (unregularized): 2.190923
DEBUG:neural_network:L2 regularization term: 0.002295
DEBUG:neural_network:Total loss: 2.193217
INFO:neural_network:Epoch 1, Batch 270: loss=2.193217
DEBUG:neural_network:Forward pass input shape: (200, 784)
DEBUG:neural_network:Hidden layer 1: activation=relu, output range=[0.0000, 1.5632]
DEBUG:neural_network:Output layer: applied softmax, shape=(200, 10)
DEBUG:neural_network:Forward pass complete: 3 activations computed
DEBUG:neural_network:Backward pass: n_samples=200
DEBUG:neural_network:Output delta: shape=(200, 10), mean=0.000000, std=0.295798
DEBUG:neural_network:Layer 1: added L2 gradient (alpha=0.0001)
DEBUG:neural_network:Layer 1 gradients: W shape=(16, 10), ||W||=0.1621, ||b||=0.0978
DEBUG:neural_network:Propagated delta to layer 0: shape=(200, 16)
DEBUG:neural_network:Layer 0: added L2 gradient (alpha=0.0001)
DEBUG:neural_network:Layer 0 gradients: W shape=(784, 16), ||W||=0.8040, ||b||=0.0802
DEBUG:neural_network:Backward pass complete
DEBUG:neural_network:Updating weights with learning_rate=0.001
DEBUG:neural_network:Layer 0: weight norm 5.6352→5.6353, bias norm 0.0186→0.0186
DEBUG:neural_network:Layer 1: weight norm 3.7603→3.7603, bias norm 0.0195→0.0196
DEBUG:neural_network:Cross-entropy loss (unregularized): 2.181658
DEBUG:neural_network:L2 regularization term: 0.002295
DEBUG:neural_network:Total loss: 2.183953
DEBUG:neural_network:Forward pass input shape: (200, 784)
DEBUG:neural_network:Hidden layer 1: activation=relu, output range=[0.0000, 1.6470]
DEBUG:neural_network:Output layer: applied softmax, shape=(200, 10)
DEBUG:neural_network:Forward pass complete: 3 activations computed
DEBUG:neural_network:Backward pass: n_samples=200
DEBUG:neural_network:Output delta: shape=(200, 10), mean=0.000000, std=0.296066
DEBUG:neural_network:Layer 1: added L2 gradient (alpha=0.0001)
DEBUG:neural_network:Layer 1 gradients: W shape=(16, 10), ||W||=0.1646, ||b||=0.0940
DEBUG:neural_network:Propagated delta to layer 0: shape=(200, 16)
DEBUG:neural_network:Layer 0: added L2 gradient (alpha=0.0001)
DEBUG:neural_network:Layer 0 gradients: W shape=(784, 16), ||W||=0.9084, ||b||=0.0925
DEBUG:neural_network:Backward pass complete
DEBUG:neural_network:Updating weights with learning_rate=0.001
DEBUG:neural_network:Layer 0: weight norm 5.6353→5.6353, bias norm 0.0186→0.0187
DEBUG:neural_network:Layer 1: weight norm 3.7603→3.7603, bias norm 0.0196→0.0196
DEBUG:neural_network:Cross-entropy loss (unregularized): 2.185299
DEBUG:neural_network:L2 regularization term: 0.002295
DEBUG:neural_network:Total loss: 2.187594
DEBUG:neural_network:Forward pass input shape: (200, 784)
DEBUG:neural_network:Hidden layer 1: activation=relu, output range=[0.0000, 1.7922]
DEBUG:neural_network:Output layer: applied softmax, shape=(200, 10)
DEBUG:neural_network:Forward pass complete: 3 activations computed
DEBUG:neural_network:Backward pass: n_samples=200
DEBUG:neural_network:Output delta: shape=(200, 10), mean=0.000000, std=0.295647
DEBUG:neural_network:Layer 1: added L2 gradient (alpha=0.0001)
DEBUG:neural_network:Layer 1 gradients: W shape=(16, 10), ||W||=0.1561, ||b||=0.0977
DEBUG:neural_network:Propagated delta to layer 0: shape=(200, 16)
DEBUG:neural_network:Layer 0: added L2 gradient (alpha=0.0001)
DEBUG:neural_network:Layer 0 gradients: W shape=(784, 16), ||W||=0.9105, ||b||=0.0942
DEBUG:neural_network:Backward pass complete
DEBUG:neural_network:Updating weights with learning_rate=0.001
DEBUG:neural_network:Layer 0: weight norm 5.6353→5.6353, bias norm 0.0187→0.0188
DEBUG:neural_network:Layer 1: weight norm 3.7603→3.7603, bias norm 0.0196→0.0197
DEBUG:neural_network:Cross-entropy loss (unregularized): 2.173684
DEBUG:neural_network:L2 regularization term: 0.002295
DEBUG:neural_network:Total loss: 2.175979
DEBUG:neural_network:Forward pass input shape: (200, 784)
DEBUG:neural_network:Hidden layer 1: activation=relu, output range=[0.0000, 1.7067]
DEBUG:neural_network:Output layer: applied softmax, shape=(200, 10)
DEBUG:neural_network:Forward pass complete: 3 activations computed
DEBUG:neural_network:Backward pass: n_samples=200
DEBUG:neural_network:Output delta: shape=(200, 10), mean=-0.000000, std=0.297104
DEBUG:neural_network:Layer 1: added L2 gradient (alpha=0.0001)
DEBUG:neural_network:Layer 1 gradients: W shape=(16, 10), ||W||=0.1642, ||b||=0.0971
DEBUG:neural_network:Propagated delta to layer 0: shape=(200, 16)
DEBUG:neural_network:Layer 0: added L2 gradient (alpha=0.0001)
DEBUG:neural_network:Layer 0 gradients: W shape=(784, 16), ||W||=0.8050, ||b||=0.0876
DEBUG:neural_network:Backward pass complete
DEBUG:neural_network:Updating weights with learning_rate=0.001
DEBUG:neural_network:Layer 0: weight norm 5.6353→5.6353, bias norm 0.0188→0.0188
DEBUG:neural_network:Layer 1: weight norm 3.7603→3.7604, bias norm 0.0197→0.0198
DEBUG:neural_network:Cross-entropy loss (unregularized): 2.211094
DEBUG:neural_network:L2 regularization term: 0.002295
DEBUG:neural_network:Total loss: 2.213389
DEBUG:neural_network:Forward pass input shape: (200, 784)
DEBUG:neural_network:Hidden layer 1: activation=relu, output range=[0.0000, 1.3988]
DEBUG:neural_network:Output layer: applied softmax, shape=(200, 10)
DEBUG:neural_network:Forward pass complete: 3 activations computed
DEBUG:neural_network:Backward pass: n_samples=200
DEBUG:neural_network:Output delta: shape=(200, 10), mean=-0.000000, std=0.295848
DEBUG:neural_network:Layer 1: added L2 gradient (alpha=0.0001)
DEBUG:neural_network:Layer 1 gradients: W shape=(16, 10), ||W||=0.1486, ||b||=0.0922
DEBUG:neural_network:Propagated delta to layer 0: shape=(200, 16)
DEBUG:neural_network:Layer 0: added L2 gradient (alpha=0.0001)
DEBUG:neural_network:Layer 0 gradients: W shape=(784, 16), ||W||=0.8606, ||b||=0.0755
DEBUG:neural_network:Backward pass complete
DEBUG:neural_network:Updating weights with learning_rate=0.001
DEBUG:neural_network:Layer 0: weight norm 5.6353→5.6353, bias norm 0.0188→0.0189
DEBUG:neural_network:Layer 1: weight norm 3.7604→3.7604, bias norm 0.0198→0.0199
DEBUG:neural_network:Cross-entropy loss (unregularized): 2.176519
DEBUG:neural_network:L2 regularization term: 0.002295
DEBUG:neural_network:Total loss: 2.178814
DEBUG:neural_network:Forward pass input shape: (200, 784)
DEBUG:neural_network:Hidden layer 1: activation=relu, output range=[0.0000, 1.7308]
DEBUG:neural_network:Output layer: applied softmax, shape=(200, 10)
DEBUG:neural_network:Forward pass complete: 3 activations computed
DEBUG:neural_network:Backward pass: n_samples=200
DEBUG:neural_network:Output delta: shape=(200, 10), mean=-0.000000, std=0.295396
DEBUG:neural_network:Layer 1: added L2 gradient (alpha=0.0001)
DEBUG:neural_network:Layer 1 gradients: W shape=(16, 10), ||W||=0.1685, ||b||=0.0890
DEBUG:neural_network:Propagated delta to layer 0: shape=(200, 16)
DEBUG:neural_network:Layer 0: added L2 gradient (alpha=0.0001)
DEBUG:neural_network:Layer 0 gradients: W shape=(784, 16), ||W||=0.8691, ||b||=0.0750
DEBUG:neural_network:Backward pass complete
DEBUG:neural_network:Updating weights with learning_rate=0.001
DEBUG:neural_network:Layer 0: weight norm 5.6353→5.6353, bias norm 0.0189→0.0189
DEBUG:neural_network:Layer 1: weight norm 3.7604→3.7604, bias norm 0.0199→0.0199
DEBUG:neural_network:Cross-entropy loss (unregularized): 2.163715
DEBUG:neural_network:L2 regularization term: 0.002295
DEBUG:neural_network:Total loss: 2.166010
DEBUG:neural_network:Forward pass input shape: (200, 784)
DEBUG:neural_network:Hidden layer 1: activation=relu, output range=[0.0000, 1.8756]
DEBUG:neural_network:Output layer: applied softmax, shape=(200, 10)
DEBUG:neural_network:Forward pass complete: 3 activations computed
DEBUG:neural_network:Backward pass: n_samples=200
DEBUG:neural_network:Output delta: shape=(200, 10), mean=-0.000000, std=0.296477
DEBUG:neural_network:Layer 1: added L2 gradient (alpha=0.0001)
DEBUG:neural_network:Layer 1 gradients: W shape=(16, 10), ||W||=0.1853, ||b||=0.0978
DEBUG:neural_network:Propagated delta to layer 0: shape=(200, 16)
DEBUG:neural_network:Layer 0: added L2 gradient (alpha=0.0001)
DEBUG:neural_network:Layer 0 gradients: W shape=(784, 16), ||W||=0.8759, ||b||=0.0903
DEBUG:neural_network:Backward pass complete
DEBUG:neural_network:Updating weights with learning_rate=0.001
DEBUG:neural_network:Layer 0: weight norm 5.6353→5.6353, bias norm 0.0189→0.0190
DEBUG:neural_network:Layer 1: weight norm 3.7604→3.7604, bias norm 0.0199→0.0200
DEBUG:neural_network:Cross-entropy loss (unregularized): 2.191257
DEBUG:neural_network:L2 regularization term: 0.002295
DEBUG:neural_network:Total loss: 2.193552
DEBUG:neural_network:Forward pass input shape: (200, 784)
DEBUG:neural_network:Hidden layer 1: activation=relu, output range=[0.0000, 1.8395]
DEBUG:neural_network:Output layer: applied softmax, shape=(200, 10)
DEBUG:neural_network:Forward pass complete: 3 activations computed
DEBUG:neural_network:Backward pass: n_samples=200
DEBUG:neural_network:Output delta: shape=(200, 10), mean=-0.000000, std=0.297361
DEBUG:neural_network:Layer 1: added L2 gradient (alpha=0.0001)
DEBUG:neural_network:Layer 1 gradients: W shape=(16, 10), ||W||=0.1597, ||b||=0.0828
DEBUG:neural_network:Propagated delta to layer 0: shape=(200, 16)
DEBUG:neural_network:Layer 0: added L2 gradient (alpha=0.0001)
DEBUG:neural_network:Layer 0 gradients: W shape=(784, 16), ||W||=0.8744, ||b||=0.0802
DEBUG:neural_network:Backward pass complete
DEBUG:neural_network:Updating weights with learning_rate=0.001
DEBUG:neural_network:Layer 0: weight norm 5.6353→5.6353, bias norm 0.0190→0.0191
DEBUG:neural_network:Layer 1: weight norm 3.7604→3.7604, bias norm 0.0200→0.0201
DEBUG:neural_network:Cross-entropy loss (unregularized): 2.221163
DEBUG:neural_network:L2 regularization term: 0.002295
DEBUG:neural_network:Total loss: 2.223457
DEBUG:neural_network:Forward pass input shape: (200, 784)
DEBUG:neural_network:Hidden layer 1: activation=relu, output range=[0.0000, 1.7830]
DEBUG:neural_network:Output layer: applied softmax, shape=(200, 10)
DEBUG:neural_network:Forward pass complete: 3 activations computed
DEBUG:neural_network:Backward pass: n_samples=200
DEBUG:neural_network:Output delta: shape=(200, 10), mean=-0.000000, std=0.297136
DEBUG:neural_network:Layer 1: added L2 gradient (alpha=0.0001)
DEBUG:neural_network:Layer 1 gradients: W shape=(16, 10), ||W||=0.1511, ||b||=0.0693
DEBUG:neural_network:Propagated delta to layer 0: shape=(200, 16)
DEBUG:neural_network:Layer 0: added L2 gradient (alpha=0.0001)
DEBUG:neural_network:Layer 0 gradients: W shape=(784, 16), ||W||=0.8413, ||b||=0.0688
DEBUG:neural_network:Backward pass complete
DEBUG:neural_network:Updating weights with learning_rate=0.001
DEBUG:neural_network:Layer 0: weight norm 5.6353→5.6353, bias norm 0.0191→0.0191
DEBUG:neural_network:Layer 1: weight norm 3.7604→3.7604, bias norm 0.0201→0.0202
DEBUG:neural_network:Cross-entropy loss (unregularized): 2.207418
DEBUG:neural_network:L2 regularization term: 0.002295
DEBUG:neural_network:Total loss: 2.209712
DEBUG:neural_network:Forward pass input shape: (200, 784)
DEBUG:neural_network:Hidden layer 1: activation=relu, output range=[0.0000, 1.7748]
DEBUG:neural_network:Output layer: applied softmax, shape=(200, 10)
DEBUG:neural_network:Forward pass complete: 3 activations computed
DEBUG:neural_network:Backward pass: n_samples=200
DEBUG:neural_network:Output delta: shape=(200, 10), mean=0.000000, std=0.296968
DEBUG:neural_network:Layer 1: added L2 gradient (alpha=0.0001)
DEBUG:neural_network:Layer 1 gradients: W shape=(16, 10), ||W||=0.1630, ||b||=0.0810
DEBUG:neural_network:Propagated delta to layer 0: shape=(200, 16)
DEBUG:neural_network:Layer 0: added L2 gradient (alpha=0.0001)
DEBUG:neural_network:Layer 0 gradients: W shape=(784, 16), ||W||=0.8915, ||b||=0.0899
DEBUG:neural_network:Backward pass complete
DEBUG:neural_network:Updating weights with learning_rate=0.001
DEBUG:neural_network:Layer 0: weight norm 5.6353→5.6353, bias norm 0.0191→0.0192
DEBUG:neural_network:Layer 1: weight norm 3.7604→3.7604, bias norm 0.0202→0.0202
DEBUG:neural_network:Cross-entropy loss (unregularized): 2.208481
DEBUG:neural_network:L2 regularization term: 0.002295
DEBUG:neural_network:Total loss: 2.210776
INFO:neural_network:Epoch 1, Batch 280: loss=2.210776
DEBUG:neural_network:Forward pass input shape: (200, 784)
DEBUG:neural_network:Hidden layer 1: activation=relu, output range=[0.0000, 1.8233]
DEBUG:neural_network:Output layer: applied softmax, shape=(200, 10)
DEBUG:neural_network:Forward pass complete: 3 activations computed
DEBUG:neural_network:Backward pass: n_samples=200
DEBUG:neural_network:Output delta: shape=(200, 10), mean=-0.000000, std=0.294971
DEBUG:neural_network:Layer 1: added L2 gradient (alpha=0.0001)
DEBUG:neural_network:Layer 1 gradients: W shape=(16, 10), ||W||=0.1715, ||b||=0.1018
DEBUG:neural_network:Propagated delta to layer 0: shape=(200, 16)
DEBUG:neural_network:Layer 0: added L2 gradient (alpha=0.0001)
DEBUG:neural_network:Layer 0 gradients: W shape=(784, 16), ||W||=0.8885, ||b||=0.0990
DEBUG:neural_network:Backward pass complete
DEBUG:neural_network:Updating weights with learning_rate=0.001
DEBUG:neural_network:Layer 0: weight norm 5.6353→5.6354, bias norm 0.0192→0.0193
DEBUG:neural_network:Layer 1: weight norm 3.7604→3.7605, bias norm 0.0202→0.0203
DEBUG:neural_network:Cross-entropy loss (unregularized): 2.157157
DEBUG:neural_network:L2 regularization term: 0.002295
DEBUG:neural_network:Total loss: 2.159452
DEBUG:neural_network:Forward pass input shape: (200, 784)
DEBUG:neural_network:Hidden layer 1: activation=relu, output range=[0.0000, 1.7089]
DEBUG:neural_network:Output layer: applied softmax, shape=(200, 10)
DEBUG:neural_network:Forward pass complete: 3 activations computed
DEBUG:neural_network:Backward pass: n_samples=200
DEBUG:neural_network:Output delta: shape=(200, 10), mean=0.000000, std=0.296111
DEBUG:neural_network:Layer 1: added L2 gradient (alpha=0.0001)
DEBUG:neural_network:Layer 1 gradients: W shape=(16, 10), ||W||=0.1694, ||b||=0.0954
DEBUG:neural_network:Propagated delta to layer 0: shape=(200, 16)
DEBUG:neural_network:Layer 0: added L2 gradient (alpha=0.0001)
DEBUG:neural_network:Layer 0 gradients: W shape=(784, 16), ||W||=0.8627, ||b||=0.0820
DEBUG:neural_network:Backward pass complete
DEBUG:neural_network:Updating weights with learning_rate=0.001
DEBUG:neural_network:Layer 0: weight norm 5.6354→5.6354, bias norm 0.0193→0.0193
DEBUG:neural_network:Layer 1: weight norm 3.7605→3.7605, bias norm 0.0203→0.0203
DEBUG:neural_network:Cross-entropy loss (unregularized): 2.179829
DEBUG:neural_network:L2 regularization term: 0.002295
DEBUG:neural_network:Total loss: 2.182124
DEBUG:neural_network:Forward pass input shape: (200, 784)
DEBUG:neural_network:Hidden layer 1: activation=relu, output range=[0.0000, 1.6619]
DEBUG:neural_network:Output layer: applied softmax, shape=(200, 10)
DEBUG:neural_network:Forward pass complete: 3 activations computed
DEBUG:neural_network:Backward pass: n_samples=200
DEBUG:neural_network:Output delta: shape=(200, 10), mean=0.000000, std=0.296923
DEBUG:neural_network:Layer 1: added L2 gradient (alpha=0.0001)
DEBUG:neural_network:Layer 1 gradients: W shape=(16, 10), ||W||=0.1465, ||b||=0.0785
DEBUG:neural_network:Propagated delta to layer 0: shape=(200, 16)
DEBUG:neural_network:Layer 0: added L2 gradient (alpha=0.0001)
DEBUG:neural_network:Layer 0 gradients: W shape=(784, 16), ||W||=0.8533, ||b||=0.0793
DEBUG:neural_network:Backward pass complete
DEBUG:neural_network:Updating weights with learning_rate=0.001
DEBUG:neural_network:Layer 0: weight norm 5.6354→5.6354, bias norm 0.0193→0.0194
DEBUG:neural_network:Layer 1: weight norm 3.7605→3.7605, bias norm 0.0203→0.0204
DEBUG:neural_network:Cross-entropy loss (unregularized): 2.205922
DEBUG:neural_network:L2 regularization term: 0.002295
DEBUG:neural_network:Total loss: 2.208217
DEBUG:neural_network:Forward pass input shape: (200, 784)
DEBUG:neural_network:Hidden layer 1: activation=relu, output range=[0.0000, 1.6664]
DEBUG:neural_network:Output layer: applied softmax, shape=(200, 10)
DEBUG:neural_network:Forward pass complete: 3 activations computed
DEBUG:neural_network:Backward pass: n_samples=200
DEBUG:neural_network:Output delta: shape=(200, 10), mean=0.000000, std=0.295622
DEBUG:neural_network:Layer 1: added L2 gradient (alpha=0.0001)
DEBUG:neural_network:Layer 1 gradients: W shape=(16, 10), ||W||=0.1805, ||b||=0.1107
DEBUG:neural_network:Propagated delta to layer 0: shape=(200, 16)
DEBUG:neural_network:Layer 0: added L2 gradient (alpha=0.0001)
DEBUG:neural_network:Layer 0 gradients: W shape=(784, 16), ||W||=0.9125, ||b||=0.0884
DEBUG:neural_network:Backward pass complete
DEBUG:neural_network:Updating weights with learning_rate=0.001
DEBUG:neural_network:Layer 0: weight norm 5.6354→5.6354, bias norm 0.0194→0.0195
DEBUG:neural_network:Layer 1: weight norm 3.7605→3.7605, bias norm 0.0204→0.0205
DEBUG:neural_network:Cross-entropy loss (unregularized): 2.166802
DEBUG:neural_network:L2 regularization term: 0.002295
DEBUG:neural_network:Total loss: 2.169097
DEBUG:neural_network:Forward pass input shape: (200, 784)
DEBUG:neural_network:Hidden layer 1: activation=relu, output range=[0.0000, 1.6403]
DEBUG:neural_network:Output layer: applied softmax, shape=(200, 10)
DEBUG:neural_network:Forward pass complete: 3 activations computed
DEBUG:neural_network:Backward pass: n_samples=200
DEBUG:neural_network:Output delta: shape=(200, 10), mean=0.000000, std=0.295586
DEBUG:neural_network:Layer 1: added L2 gradient (alpha=0.0001)
DEBUG:neural_network:Layer 1 gradients: W shape=(16, 10), ||W||=0.1484, ||b||=0.0606
DEBUG:neural_network:Propagated delta to layer 0: shape=(200, 16)
DEBUG:neural_network:Layer 0: added L2 gradient (alpha=0.0001)
DEBUG:neural_network:Layer 0 gradients: W shape=(784, 16), ||W||=0.8598, ||b||=0.0809
DEBUG:neural_network:Backward pass complete
DEBUG:neural_network:Updating weights with learning_rate=0.001
DEBUG:neural_network:Layer 0: weight norm 5.6354→5.6354, bias norm 0.0195→0.0195
DEBUG:neural_network:Layer 1: weight norm 3.7605→3.7605, bias norm 0.0205→0.0205
DEBUG:neural_network:Cross-entropy loss (unregularized): 2.174684
DEBUG:neural_network:L2 regularization term: 0.002295
DEBUG:neural_network:Total loss: 2.176979
DEBUG:neural_network:Forward pass input shape: (200, 784)
DEBUG:neural_network:Hidden layer 1: activation=relu, output range=[0.0000, 2.0159]
DEBUG:neural_network:Output layer: applied softmax, shape=(200, 10)
DEBUG:neural_network:Forward pass complete: 3 activations computed
DEBUG:neural_network:Backward pass: n_samples=200
DEBUG:neural_network:Output delta: shape=(200, 10), mean=-0.000000, std=0.296519
DEBUG:neural_network:Layer 1: added L2 gradient (alpha=0.0001)
DEBUG:neural_network:Layer 1 gradients: W shape=(16, 10), ||W||=0.1864, ||b||=0.1167
DEBUG:neural_network:Propagated delta to layer 0: shape=(200, 16)
DEBUG:neural_network:Layer 0: added L2 gradient (alpha=0.0001)
DEBUG:neural_network:Layer 0 gradients: W shape=(784, 16), ||W||=0.8904, ||b||=0.1033
DEBUG:neural_network:Backward pass complete
DEBUG:neural_network:Updating weights with learning_rate=0.001
DEBUG:neural_network:Layer 0: weight norm 5.6354→5.6354, bias norm 0.0195→0.0195
DEBUG:neural_network:Layer 1: weight norm 3.7605→3.7605, bias norm 0.0205→0.0206
DEBUG:neural_network:Cross-entropy loss (unregularized): 2.192358
DEBUG:neural_network:L2 regularization term: 0.002295
DEBUG:neural_network:Total loss: 2.194653
DEBUG:neural_network:Forward pass input shape: (200, 784)
DEBUG:neural_network:Hidden layer 1: activation=relu, output range=[0.0000, 1.6261]
DEBUG:neural_network:Output layer: applied softmax, shape=(200, 10)
DEBUG:neural_network:Forward pass complete: 3 activations computed
DEBUG:neural_network:Backward pass: n_samples=200
DEBUG:neural_network:Output delta: shape=(200, 10), mean=-0.000000, std=0.295352
DEBUG:neural_network:Layer 1: added L2 gradient (alpha=0.0001)
DEBUG:neural_network:Layer 1 gradients: W shape=(16, 10), ||W||=0.1760, ||b||=0.0895
DEBUG:neural_network:Propagated delta to layer 0: shape=(200, 16)
DEBUG:neural_network:Layer 0: added L2 gradient (alpha=0.0001)
DEBUG:neural_network:Layer 0 gradients: W shape=(784, 16), ||W||=0.8992, ||b||=0.0813
DEBUG:neural_network:Backward pass complete
DEBUG:neural_network:Updating weights with learning_rate=0.001
DEBUG:neural_network:Layer 0: weight norm 5.6354→5.6354, bias norm 0.0195→0.0196
DEBUG:neural_network:Layer 1: weight norm 3.7605→3.7606, bias norm 0.0206→0.0206
DEBUG:neural_network:Cross-entropy loss (unregularized): 2.163355
DEBUG:neural_network:L2 regularization term: 0.002295
DEBUG:neural_network:Total loss: 2.165650
DEBUG:neural_network:Forward pass input shape: (200, 784)
DEBUG:neural_network:Hidden layer 1: activation=relu, output range=[0.0000, 1.7459]
DEBUG:neural_network:Output layer: applied softmax, shape=(200, 10)
DEBUG:neural_network:Forward pass complete: 3 activations computed
DEBUG:neural_network:Backward pass: n_samples=200
DEBUG:neural_network:Output delta: shape=(200, 10), mean=-0.000000, std=0.295986
DEBUG:neural_network:Layer 1: added L2 gradient (alpha=0.0001)
DEBUG:neural_network:Layer 1 gradients: W shape=(16, 10), ||W||=0.1537, ||b||=0.0841
DEBUG:neural_network:Propagated delta to layer 0: shape=(200, 16)
DEBUG:neural_network:Layer 0: added L2 gradient (alpha=0.0001)
DEBUG:neural_network:Layer 0 gradients: W shape=(784, 16), ||W||=0.8636, ||b||=0.0864
DEBUG:neural_network:Backward pass complete
DEBUG:neural_network:Updating weights with learning_rate=0.001
DEBUG:neural_network:Layer 0: weight norm 5.6354→5.6354, bias norm 0.0196→0.0197
DEBUG:neural_network:Layer 1: weight norm 3.7606→3.7606, bias norm 0.0206→0.0207
DEBUG:neural_network:Cross-entropy loss (unregularized): 2.181290
DEBUG:neural_network:L2 regularization term: 0.002295
DEBUG:neural_network:Total loss: 2.183585
DEBUG:neural_network:Forward pass input shape: (200, 784)
DEBUG:neural_network:Hidden layer 1: activation=relu, output range=[0.0000, 1.7697]
DEBUG:neural_network:Output layer: applied softmax, shape=(200, 10)
DEBUG:neural_network:Forward pass complete: 3 activations computed
DEBUG:neural_network:Backward pass: n_samples=200
DEBUG:neural_network:Output delta: shape=(200, 10), mean=-0.000000, std=0.297007
DEBUG:neural_network:Layer 1: added L2 gradient (alpha=0.0001)
DEBUG:neural_network:Layer 1 gradients: W shape=(16, 10), ||W||=0.1846, ||b||=0.0991
DEBUG:neural_network:Propagated delta to layer 0: shape=(200, 16)
DEBUG:neural_network:Layer 0: added L2 gradient (alpha=0.0001)
DEBUG:neural_network:Layer 0 gradients: W shape=(784, 16), ||W||=0.8811, ||b||=0.0879
DEBUG:neural_network:Backward pass complete
DEBUG:neural_network:Updating weights with learning_rate=0.001
DEBUG:neural_network:Layer 0: weight norm 5.6354→5.6354, bias norm 0.0197→0.0197
DEBUG:neural_network:Layer 1: weight norm 3.7606→3.7606, bias norm 0.0207→0.0208
DEBUG:neural_network:Cross-entropy loss (unregularized): 2.209553
DEBUG:neural_network:L2 regularization term: 0.002295
DEBUG:neural_network:Total loss: 2.211848
DEBUG:neural_network:Forward pass input shape: (200, 784)
DEBUG:neural_network:Hidden layer 1: activation=relu, output range=[0.0000, 1.5033]
DEBUG:neural_network:Output layer: applied softmax, shape=(200, 10)
DEBUG:neural_network:Forward pass complete: 3 activations computed
DEBUG:neural_network:Backward pass: n_samples=200
DEBUG:neural_network:Output delta: shape=(200, 10), mean=-0.000000, std=0.295787
DEBUG:neural_network:Layer 1: added L2 gradient (alpha=0.0001)
DEBUG:neural_network:Layer 1 gradients: W shape=(16, 10), ||W||=0.1483, ||b||=0.0897
DEBUG:neural_network:Propagated delta to layer 0: shape=(200, 16)
DEBUG:neural_network:Layer 0: added L2 gradient (alpha=0.0001)
DEBUG:neural_network:Layer 0 gradients: W shape=(784, 16), ||W||=0.9324, ||b||=0.0917
DEBUG:neural_network:Backward pass complete
DEBUG:neural_network:Updating weights with learning_rate=0.001
DEBUG:neural_network:Layer 0: weight norm 5.6354→5.6355, bias norm 0.0197→0.0198
DEBUG:neural_network:Layer 1: weight norm 3.7606→3.7606, bias norm 0.0208→0.0209
DEBUG:neural_network:Cross-entropy loss (unregularized): 2.178707
DEBUG:neural_network:L2 regularization term: 0.002295
DEBUG:neural_network:Total loss: 2.181002
INFO:neural_network:Epoch 1, Batch 290: loss=2.181002
DEBUG:neural_network:Forward pass input shape: (200, 784)
DEBUG:neural_network:Hidden layer 1: activation=relu, output range=[0.0000, 1.6601]
DEBUG:neural_network:Output layer: applied softmax, shape=(200, 10)
DEBUG:neural_network:Forward pass complete: 3 activations computed
DEBUG:neural_network:Backward pass: n_samples=200
DEBUG:neural_network:Output delta: shape=(200, 10), mean=0.000000, std=0.295461
DEBUG:neural_network:Layer 1: added L2 gradient (alpha=0.0001)
DEBUG:neural_network:Layer 1 gradients: W shape=(16, 10), ||W||=0.1394, ||b||=0.0802
DEBUG:neural_network:Propagated delta to layer 0: shape=(200, 16)
DEBUG:neural_network:Layer 0: added L2 gradient (alpha=0.0001)
DEBUG:neural_network:Layer 0 gradients: W shape=(784, 16), ||W||=0.9211, ||b||=0.0935
DEBUG:neural_network:Backward pass complete
DEBUG:neural_network:Updating weights with learning_rate=0.001
DEBUG:neural_network:Layer 0: weight norm 5.6355→5.6355, bias norm 0.0198→0.0199
DEBUG:neural_network:Layer 1: weight norm 3.7606→3.7606, bias norm 0.0209→0.0209
DEBUG:neural_network:Cross-entropy loss (unregularized): 2.173105
DEBUG:neural_network:L2 regularization term: 0.002295
DEBUG:neural_network:Total loss: 2.175400
DEBUG:neural_network:Forward pass input shape: (200, 784)
DEBUG:neural_network:Hidden layer 1: activation=relu, output range=[0.0000, 1.7957]
DEBUG:neural_network:Output layer: applied softmax, shape=(200, 10)
DEBUG:neural_network:Forward pass complete: 3 activations computed
DEBUG:neural_network:Backward pass: n_samples=200
DEBUG:neural_network:Output delta: shape=(200, 10), mean=-0.000000, std=0.296301
DEBUG:neural_network:Layer 1: added L2 gradient (alpha=0.0001)
DEBUG:neural_network:Layer 1 gradients: W shape=(16, 10), ||W||=0.1518, ||b||=0.0538
DEBUG:neural_network:Propagated delta to layer 0: shape=(200, 16)
DEBUG:neural_network:Layer 0: added L2 gradient (alpha=0.0001)
DEBUG:neural_network:Layer 0 gradients: W shape=(784, 16), ||W||=0.7910, ||b||=0.0680
DEBUG:neural_network:Backward pass complete
DEBUG:neural_network:Updating weights with learning_rate=0.001
DEBUG:neural_network:Layer 0: weight norm 5.6355→5.6355, bias norm 0.0199→0.0199
DEBUG:neural_network:Layer 1: weight norm 3.7606→3.7607, bias norm 0.0209→0.0209
DEBUG:neural_network:Cross-entropy loss (unregularized): 2.195138
DEBUG:neural_network:L2 regularization term: 0.002295
DEBUG:neural_network:Total loss: 2.197433
DEBUG:neural_network:Forward pass input shape: (200, 784)
DEBUG:neural_network:Hidden layer 1: activation=relu, output range=[0.0000, 1.7275]
DEBUG:neural_network:Output layer: applied softmax, shape=(200, 10)
DEBUG:neural_network:Forward pass complete: 3 activations computed
DEBUG:neural_network:Backward pass: n_samples=200
DEBUG:neural_network:Output delta: shape=(200, 10), mean=-0.000000, std=0.295889
DEBUG:neural_network:Layer 1: added L2 gradient (alpha=0.0001)
DEBUG:neural_network:Layer 1 gradients: W shape=(16, 10), ||W||=0.1755, ||b||=0.0910
DEBUG:neural_network:Propagated delta to layer 0: shape=(200, 16)
DEBUG:neural_network:Layer 0: added L2 gradient (alpha=0.0001)
DEBUG:neural_network:Layer 0 gradients: W shape=(784, 16), ||W||=0.8495, ||b||=0.0665
DEBUG:neural_network:Backward pass complete
DEBUG:neural_network:Updating weights with learning_rate=0.001
DEBUG:neural_network:Layer 0: weight norm 5.6355→5.6355, bias norm 0.0199→0.0200
DEBUG:neural_network:Layer 1: weight norm 3.7607→3.7607, bias norm 0.0209→0.0210
DEBUG:neural_network:Cross-entropy loss (unregularized): 2.173561
DEBUG:neural_network:L2 regularization term: 0.002295
DEBUG:neural_network:Total loss: 2.175856
DEBUG:neural_network:Forward pass input shape: (200, 784)
DEBUG:neural_network:Hidden layer 1: activation=relu, output range=[0.0000, 1.5300]
DEBUG:neural_network:Output layer: applied softmax, shape=(200, 10)
DEBUG:neural_network:Forward pass complete: 3 activations computed
DEBUG:neural_network:Backward pass: n_samples=200
DEBUG:neural_network:Output delta: shape=(200, 10), mean=0.000000, std=0.295332
DEBUG:neural_network:Layer 1: added L2 gradient (alpha=0.0001)
DEBUG:neural_network:Layer 1 gradients: W shape=(16, 10), ||W||=0.1478, ||b||=0.0927
DEBUG:neural_network:Propagated delta to layer 0: shape=(200, 16)
DEBUG:neural_network:Layer 0: added L2 gradient (alpha=0.0001)
DEBUG:neural_network:Layer 0 gradients: W shape=(784, 16), ||W||=0.8102, ||b||=0.0778
DEBUG:neural_network:Backward pass complete
DEBUG:neural_network:Updating weights with learning_rate=0.001
DEBUG:neural_network:Layer 0: weight norm 5.6355→5.6355, bias norm 0.0200→0.0200
DEBUG:neural_network:Layer 1: weight norm 3.7607→3.7607, bias norm 0.0210→0.0211
DEBUG:neural_network:Cross-entropy loss (unregularized): 2.163242
DEBUG:neural_network:L2 regularization term: 0.002295
DEBUG:neural_network:Total loss: 2.165537
DEBUG:neural_network:Forward pass input shape: (200, 784)
DEBUG:neural_network:Hidden layer 1: activation=relu, output range=[0.0000, 1.4743]
DEBUG:neural_network:Output layer: applied softmax, shape=(200, 10)
DEBUG:neural_network:Forward pass complete: 3 activations computed
DEBUG:neural_network:Backward pass: n_samples=200
DEBUG:neural_network:Output delta: shape=(200, 10), mean=-0.000000, std=0.297047
DEBUG:neural_network:Layer 1: added L2 gradient (alpha=0.0001)
DEBUG:neural_network:Layer 1 gradients: W shape=(16, 10), ||W||=0.1757, ||b||=0.1017
DEBUG:neural_network:Propagated delta to layer 0: shape=(200, 16)
DEBUG:neural_network:Layer 0: added L2 gradient (alpha=0.0001)
DEBUG:neural_network:Layer 0 gradients: W shape=(784, 16), ||W||=0.9215, ||b||=0.1045
DEBUG:neural_network:Backward pass complete
DEBUG:neural_network:Updating weights with learning_rate=0.001
DEBUG:neural_network:Layer 0: weight norm 5.6355→5.6355, bias norm 0.0200→0.0201
DEBUG:neural_network:Layer 1: weight norm 3.7607→3.7607, bias norm 0.0211→0.0211
DEBUG:neural_network:Cross-entropy loss (unregularized): 2.211480
DEBUG:neural_network:L2 regularization term: 0.002295
DEBUG:neural_network:Total loss: 2.213775
DEBUG:neural_network:Forward pass input shape: (200, 784)
DEBUG:neural_network:Hidden layer 1: activation=relu, output range=[0.0000, 1.5571]
DEBUG:neural_network:Output layer: applied softmax, shape=(200, 10)
DEBUG:neural_network:Forward pass complete: 3 activations computed
DEBUG:neural_network:Backward pass: n_samples=200
DEBUG:neural_network:Output delta: shape=(200, 10), mean=-0.000000, std=0.296913
DEBUG:neural_network:Layer 1: added L2 gradient (alpha=0.0001)
DEBUG:neural_network:Layer 1 gradients: W shape=(16, 10), ||W||=0.1690, ||b||=0.1100
DEBUG:neural_network:Propagated delta to layer 0: shape=(200, 16)
DEBUG:neural_network:Layer 0: added L2 gradient (alpha=0.0001)
DEBUG:neural_network:Layer 0 gradients: W shape=(784, 16), ||W||=0.9078, ||b||=0.0882
DEBUG:neural_network:Backward pass complete
DEBUG:neural_network:Updating weights with learning_rate=0.001
DEBUG:neural_network:Layer 0: weight norm 5.6355→5.6355, bias norm 0.0201→0.0201
DEBUG:neural_network:Layer 1: weight norm 3.7607→3.7607, bias norm 0.0211→0.0212
DEBUG:neural_network:Cross-entropy loss (unregularized): 2.208182
DEBUG:neural_network:L2 regularization term: 0.002295
DEBUG:neural_network:Total loss: 2.210477
DEBUG:neural_network:Forward pass input shape: (200, 784)
DEBUG:neural_network:Hidden layer 1: activation=relu, output range=[0.0000, 1.5990]
DEBUG:neural_network:Output layer: applied softmax, shape=(200, 10)
DEBUG:neural_network:Forward pass complete: 3 activations computed
DEBUG:neural_network:Backward pass: n_samples=200
DEBUG:neural_network:Output delta: shape=(200, 10), mean=0.000000, std=0.296461
DEBUG:neural_network:Layer 1: added L2 gradient (alpha=0.0001)
DEBUG:neural_network:Layer 1 gradients: W shape=(16, 10), ||W||=0.1630, ||b||=0.0958
DEBUG:neural_network:Propagated delta to layer 0: shape=(200, 16)
DEBUG:neural_network:Layer 0: added L2 gradient (alpha=0.0001)
DEBUG:neural_network:Layer 0 gradients: W shape=(784, 16), ||W||=0.8420, ||b||=0.0817
DEBUG:neural_network:Backward pass complete
DEBUG:neural_network:Updating weights with learning_rate=0.001
DEBUG:neural_network:Layer 0: weight norm 5.6355→5.6355, bias norm 0.0201→0.0202
DEBUG:neural_network:Layer 1: weight norm 3.7607→3.7607, bias norm 0.0212→0.0213
DEBUG:neural_network:Cross-entropy loss (unregularized): 2.197071
DEBUG:neural_network:L2 regularization term: 0.002295
DEBUG:neural_network:Total loss: 2.199367
DEBUG:neural_network:Forward pass input shape: (200, 784)
DEBUG:neural_network:Hidden layer 1: activation=relu, output range=[0.0000, 1.5685]
DEBUG:neural_network:Output layer: applied softmax, shape=(200, 10)
DEBUG:neural_network:Forward pass complete: 3 activations computed
DEBUG:neural_network:Backward pass: n_samples=200
DEBUG:neural_network:Output delta: shape=(200, 10), mean=-0.000000, std=0.295778
DEBUG:neural_network:Layer 1: added L2 gradient (alpha=0.0001)
DEBUG:neural_network:Layer 1 gradients: W shape=(16, 10), ||W||=0.1531, ||b||=0.0754
DEBUG:neural_network:Propagated delta to layer 0: shape=(200, 16)
DEBUG:neural_network:Layer 0: added L2 gradient (alpha=0.0001)
DEBUG:neural_network:Layer 0 gradients: W shape=(784, 16), ||W||=0.9078, ||b||=0.0900
DEBUG:neural_network:Backward pass complete
DEBUG:neural_network:Updating weights with learning_rate=0.001
DEBUG:neural_network:Layer 0: weight norm 5.6355→5.6355, bias norm 0.0202→0.0203
DEBUG:neural_network:Layer 1: weight norm 3.7607→3.7607, bias norm 0.0213→0.0214
DEBUG:neural_network:Cross-entropy loss (unregularized): 2.171929
DEBUG:neural_network:L2 regularization term: 0.002295
DEBUG:neural_network:Total loss: 2.174224
DEBUG:neural_network:Forward pass input shape: (200, 784)
DEBUG:neural_network:Hidden layer 1: activation=relu, output range=[0.0000, 1.5880]
DEBUG:neural_network:Output layer: applied softmax, shape=(200, 10)
DEBUG:neural_network:Forward pass complete: 3 activations computed
DEBUG:neural_network:Backward pass: n_samples=200
DEBUG:neural_network:Output delta: shape=(200, 10), mean=-0.000000, std=0.296057
DEBUG:neural_network:Layer 1: added L2 gradient (alpha=0.0001)
DEBUG:neural_network:Layer 1 gradients: W shape=(16, 10), ||W||=0.1597, ||b||=0.0997
DEBUG:neural_network:Propagated delta to layer 0: shape=(200, 16)
DEBUG:neural_network:Layer 0: added L2 gradient (alpha=0.0001)
DEBUG:neural_network:Layer 0 gradients: W shape=(784, 16), ||W||=0.9240, ||b||=0.1006
DEBUG:neural_network:Backward pass complete
DEBUG:neural_network:Updating weights with learning_rate=0.001
DEBUG:neural_network:Layer 0: weight norm 5.6355→5.6355, bias norm 0.0203→0.0203
DEBUG:neural_network:Layer 1: weight norm 3.7607→3.7608, bias norm 0.0214→0.0215
DEBUG:neural_network:Cross-entropy loss (unregularized): 2.180179
DEBUG:neural_network:L2 regularization term: 0.002295
DEBUG:neural_network:Total loss: 2.182474
DEBUG:neural_network:Forward pass input shape: (60000, 784)
DEBUG:neural_network:Hidden layer 1: activation=relu, output range=[0.0000, 2.2871]
DEBUG:neural_network:Output layer: applied softmax, shape=(60000, 10)
DEBUG:neural_network:Forward pass complete: 3 activations computed
DEBUG:neural_network:Cross-entropy loss (unregularized): 2.173964
DEBUG:neural_network:L2 regularization term: 0.002295
DEBUG:neural_network:Total loss: 2.176259
INFO:neural_network:Epoch    1/20: train_loss=2.176259 (batch_avg=2.259382), lr=0.001
DEBUG:neural_network:Evaluating accuracy on 100 samples
DEBUG:neural_network:Predicting classes for 784 samples
DEBUG:neural_network:Predicting probabilities for 784 samples
DEBUG:neural_network:Forward pass input shape: (784,)
DEBUG:neural_network:Hidden layer 1: activation=relu, output range=[0.0000, 0.7417]
